FILA,EXPEDIENTE,MOTIVO,SUBIDO
2,LEGACY-2,DNI faltante,SI
6,LEGACY-6,DNI faltante,SI
6,LEGACY-6,Total no coincide con cálculo,SI
6,LEGACY-6,Subtotal no coincide con cálculo,SI
7,LEGACY-7,DNI faltante,SI
7,LEGACY-7,Total no coincide con cálculo,SI
7,LEGACY-7,Subtotal no coincide con cálculo,SI
8,LEGACY-8,DNI faltante,SI
8,LEGACY-8,Total no coincide con cálculo,SI
8,LEGACY-8,Subtotal no coincide con cálculo,SI
9,LEGACY-9,DNI faltante,SI
9,LEGACY-9,Total no coincide con cálculo,SI
9,LEGACY-9,Subtotal no coincide con cálculo,SI
10,LEGACY-10,DNI faltante,SI
10,LEGACY-10,Total no coincide con cálculo,SI
10,LEGACY-10,Subtotal no coincide con cálculo,SI
11,4699-2026,Total no coincide con cálculo,SI
11,4699-2026,Subtotal no coincide con cálculo,SI
12,LEGACY-12,Total no coincide con cálculo,SI
12,LEGACY-12,Subtotal no coincide con cálculo,SI
13,LEGACY-13,DNI faltante,SI
15,LEGACY-15,DNI faltante,SI
15,LEGACY-15,Total no coincide con cálculo,SI
15,LEGACY-15,Subtotal no coincide con cálculo,SI
17,LEGACY-17,DNI faltante,SI
17,LEGACY-17,Total no coincide con cálculo,SI
17,LEGACY-17,Subtotal no coincide con cálculo,SI
18,LEGACY-18,Total no coincide con cálculo,SI
18,LEGACY-18,Subtotal no coincide con cálculo,SI
19,LEGACY-19,DNI faltante,SI
20,LEGACY-20,DNI faltante,SI
20,LEGACY-20,Total no coincide con cálculo,SI
20,LEGACY-20,Subtotal no coincide con cálculo,SI
21,LEGACY-21,DNI faltante,SI
21,LEGACY-21,Total no coincide con cálculo,SI
21,LEGACY-21,Subtotal no coincide con cálculo,SI
22,LEGACY-22,DNI faltante,SI
22,LEGACY-22,CodPago faltante,SI
23,LEGACY-23,DNI faltante,SI
24,LEGACY-24,DNI faltante,SI
24,LEGACY-24,Total no coincide con cálculo,SI
24,LEGACY-24,Subtotal no coincide con cálculo,SI
25,102724-26,DNI faltante,SI
25,102724-26,Total no coincide con cálculo,SI
25,102724-26,Subtotal no coincide con cálculo,SI
26,LEGACY-26,DNI faltante,SI
27,LEGACY-27,Total no coincide con cálculo,SI
28,LEGACY-28,Total no coincide con cálculo,SI
28,LEGACY-28,Subtotal no coincide con cálculo,SI
29,4411-2026,DNI faltante,SI
29,4411-2026,Total no coincide con cálculo,SI
29,4411-2026,Subtotal no coincide con cálculo,SI
30,LEGACY-30,DNI faltante,SI
31,LEGACY-31,DNI faltante,SI
32,39530-2025,Total no coincide con cálculo,SI
32,39530-2025,Subtotal no coincide con cálculo,SI
33,39530-2025,Total no coincide con cálculo,SI
33,39530-2025,Subtotal no coincide con cálculo,SI
34,LEGACY-34,DNI faltante,SI
36,4962-2026,DNI faltante,SI
38,LEGACY-38,DNI faltante,SI
39,LEGACY-39,DNI faltante,SI
39,LEGACY-39,Total no coincide con cálculo,SI
39,LEGACY-39,Subtotal no coincide con cálculo,SI
40,LEGACY-40,Total no coincide con cálculo,SI
40,LEGACY-40,Subtotal no coincide con cálculo,SI
41,LEGACY-41,DNI faltante,SI
42,LEGACY-42,DNI faltante,SI
42,LEGACY-42,Total no coincide con cálculo,SI
42,LEGACY-42,Subtotal no coincide con cálculo,SI
43,LEGACY-43,DNI faltante,SI
43,LEGACY-43,Total no coincide con cálculo,SI
43,LEGACY-43,Subtotal no coincide con cálculo,SI
44,LEGACY-44,DNI faltante,SI
44,LEGACY-44,Total no coincide con cálculo,SI
44,LEGACY-44,Subtotal no coincide con cálculo,SI
45,LEGACY-45,DNI faltante,SI
45,LEGACY-45,Total no coincide con cálculo,SI
45,LEGACY-45,Subtotal no coincide con cálculo,SI
49,LEGACY-49,DNI faltante,SI
49,LEGACY-49,Total no coincide con cálculo,SI
49,LEGACY-49,Subtotal no coincide con cálculo,SI
50,LEGACY-50,DNI faltante,SI
51,LEGACY-51,DNI faltante,SI
51,LEGACY-51,Total no coincide con cálculo,SI
51,LEGACY-51,Subtotal no coincide con cálculo,SI
52,LEGACY-52,DNI faltante,SI
52,LEGACY-52,Total no coincide con cálculo,SI
52,LEGACY-52,Subtotal no coincide con cálculo,SI
53,LEGACY-53,DNI faltante,SI
53,LEGACY-53,Total no coincide con cálculo,SI
53,LEGACY-53,Subtotal no coincide con cálculo,SI
54,LEGACY-54,DNI faltante,SI
54,LEGACY-54,Total no coincide con cálculo,SI
54,LEGACY-54,Subtotal no coincide con cálculo,SI
55,LEGACY-55,DNI faltante,SI
55,LEGACY-55,Total no coincide con cálculo,SI
55,LEGACY-55,Subtotal no coincide con cálculo,SI
59,LEGACY-59,DNI faltante,SI
59,LEGACY-59,Total no coincide con cálculo,SI
59,LEGACY-59,Subtotal no coincide con cálculo,SI
60,LEGACY-60,DNI faltante,SI
60,LEGACY-60,Total no coincide con cálculo,SI
60,LEGACY-60,Subtotal no coincide con cálculo,SI
61,LEGACY-61,DNI faltante,SI
62,LEGACY-62,DNI faltante,SI
63,LEGACY-63,DNI faltante,SI
66,LEGACY-66,DNI faltante,SI
67,LEGACY-67,DNI faltante,SI
68,LEGACY-68,DNI faltante,SI
71,LEGACY-71,Total no coincide con cálculo,SI
71,LEGACY-71,Subtotal no coincide con cálculo,SI
72,LEGACY-72,DNI faltante,SI
72,LEGACY-72,Total no coincide con cálculo,SI
74,LEGACY-74,DNI faltante,SI
74,LEGACY-74,Total no coincide con cálculo,SI
74,LEGACY-74,Subtotal no coincide con cálculo,SI
75,LEGACY-75,DNI faltante,SI
76,4309-2026,Total no coincide con cálculo,SI
76,4309-2026,Subtotal no coincide con cálculo,SI
77,LEGACY-77,Total no coincide con cálculo,SI
77,LEGACY-77,Subtotal no coincide con cálculo,SI
78,LEGACY-78,DNI faltante,SI
79,LEGACY-79,DNI faltante,SI
79,LEGACY-79,Total no coincide con cálculo,SI
79,LEGACY-79,Subtotal no coincide con cálculo,SI
80,LEGACY-80,DNI faltante,SI
80,LEGACY-80,Total no coincide con cálculo,SI
80,LEGACY-80,Subtotal no coincide con cálculo,SI
81,LEGACY-81,DNI faltante,SI
81,LEGACY-81,Total no coincide con cálculo,SI
81,LEGACY-81,Subtotal no coincide con cálculo,SI
82,9421-2025,DNI faltante,SI
82,9421-2025,Total no coincide con cálculo,SI
82,9421-2025,Subtotal no coincide con cálculo,SI
83,LEGACY-83,DNI faltante,SI
83,LEGACY-83,Total no coincide con cálculo,SI
83,LEGACY-83,Subtotal no coincide con cálculo,SI
84,LEGACY-84,DNI faltante,SI
84,LEGACY-84,Total no coincide con cálculo,SI
84,LEGACY-84,Subtotal no coincide con cálculo,SI
85,LEGACY-85,DNI faltante,SI
85,LEGACY-85,Total no coincide con cálculo,SI
85,LEGACY-85,Subtotal no coincide con cálculo,SI
87,LEGACY-87,Total no coincide con cálculo,SI
87,LEGACY-87,Subtotal no coincide con cálculo,SI
88,LEGACY-88,DNI faltante,SI
89,1682-2026,Total no coincide con cálculo,SI
89,1682-2026,Subtotal no coincide con cálculo,SI
90,LEGACY-90,DNI faltante,SI
90,LEGACY-90,Total no coincide con cálculo,SI
90,LEGACY-90,Subtotal no coincide con cálculo,SI
91,LEGACY-91,DNI faltante,SI
93,LEGACY-93,DNI faltante,SI
94,LEGACY-94,DNI faltante,SI
95,LEGACY-95,Total no coincide con cálculo,SI
95,LEGACY-95,Subtotal no coincide con cálculo,SI
96,LEGACY-96,DNI faltante,SI
98,LEGACY-98,Total no coincide con cálculo,SI
98,LEGACY-98,Subtotal no coincide con cálculo,SI
99,LEGACY-99,Total no coincide con cálculo,SI
99,LEGACY-99,Subtotal no coincide con cálculo,SI
100,LEGACY-100,DNI faltante,SI
101,LEGACY-101,Total no coincide con cálculo,SI
101,LEGACY-101,Subtotal no coincide con cálculo,SI
102,LEGACY-102,DNI faltante,SI
103,LEGACY-103,DNI faltante,SI
103,LEGACY-103,Total no coincide con cálculo,SI
103,LEGACY-103,Subtotal no coincide con cálculo,SI
104,LEGACY-104,DNI faltante,SI
104,LEGACY-104,Total no coincide con cálculo,SI
104,LEGACY-104,Subtotal no coincide con cálculo,SI
106,LEGACY-106,DNI faltante,SI
106,LEGACY-106,Total no coincide con cálculo,SI
106,LEGACY-106,Subtotal no coincide con cálculo,SI
107,LEGACY-107,DNI faltante,SI
107,LEGACY-107,Total no coincide con cálculo,SI
107,LEGACY-107,Subtotal no coincide con cálculo,SI
108,LEGACY-108,DNI faltante,SI
108,LEGACY-108,Total no coincide con cálculo,SI
108,LEGACY-108,Subtotal no coincide con cálculo,SI
109,LEGACY-109,DNI faltante,SI
111,LEGACY-111,DNI faltante,SI
112,LEGACY-112,DNI faltante,SI
112,LEGACY-112,Total no coincide con cálculo,SI
112,LEGACY-112,Subtotal no coincide con cálculo,SI
113,LEGACY-113,DNI faltante,SI
113,LEGACY-113,Total no coincide con cálculo,SI
113,LEGACY-113,Subtotal no coincide con cálculo,SI
114,LEGACY-114,DNI faltante,SI
114,LEGACY-114,Total no coincide con cálculo,SI
114,LEGACY-114,Subtotal no coincide con cálculo,SI
115,LEGACY-115,DNI faltante,SI
115,LEGACY-115,Total no coincide con cálculo,SI
115,LEGACY-115,Subtotal no coincide con cálculo,SI
117,LEGACY-117,DNI faltante,SI
118,LEGACY-118,DNI faltante,SI
118,LEGACY-118,Total no coincide con cálculo,SI
118,LEGACY-118,Subtotal no coincide con cálculo,SI
119,LEGACY-119,DNI faltante,SI
119,LEGACY-119,Total no coincide con cálculo,SI
119,LEGACY-119,Subtotal no coincide con cálculo,SI
120,LEGACY-120,DNI faltante,SI
120,LEGACY-120,Total no coincide con cálculo,SI
120,LEGACY-120,Subtotal no coincide con cálculo,SI
121,LEGACY-121,DNI faltante,SI
121,LEGACY-121,Total no coincide con cálculo,SI
121,LEGACY-121,Subtotal no coincide con cálculo,SI
122,LEGACY-122,DNI faltante,SI
122,LEGACY-122,Total no coincide con cálculo,SI
122,LEGACY-122,Subtotal no coincide con cálculo,SI
123,LEGACY-123,DNI faltante,SI
124,LEGACY-124,DNI faltante,SI
124,LEGACY-124,Total no coincide con cálculo,SI
124,LEGACY-124,Subtotal no coincide con cálculo,SI
126,LEGACY-126,DNI faltante,SI
129,,ERROR: RAZONSOCIAL/NOMBRE is empty,NO
130,LEGACY-130,DNI faltante,SI
130,LEGACY-130,Total no coincide con cálculo,SI
130,LEGACY-130,Subtotal no coincide con cálculo,SI
131,LEGACY-131,DNI faltante,SI
131,LEGACY-131,Total no coincide con cálculo,SI
131,LEGACY-131,Subtotal no coincide con cálculo,SI
132,LEGACY-132,DNI faltante,SI
133,LEGACY-133,Total no coincide con cálculo,SI
133,LEGACY-133,Subtotal no coincide con cálculo,SI
135,LEGACY-135,DNI faltante,SI
135,LEGACY-135,Total no coincide con cálculo,SI
135,LEGACY-135,Subtotal no coincide con cálculo,SI
136,LEGACY-136,Total no coincide con cálculo,SI
136,LEGACY-136,Subtotal no coincide con cálculo,SI
137,LEGACY-137,DNI faltante,SI
137,LEGACY-137,Total no coincide con cálculo,SI
137,LEGACY-137,Subtotal no coincide con cálculo,SI
138,LEGACY-138,DNI faltante,SI
138,LEGACY-138,Total no coincide con cálculo,SI
138,LEGACY-138,Subtotal no coincide con cálculo,SI
139,LEGACY-139,DNI faltante,SI
139,LEGACY-139,Total no coincide con cálculo,SI
139,LEGACY-139,Subtotal no coincide con cálculo,SI
140,LEGACY-140,DNI faltante,SI
141,LEGACY-141,DNI faltante,SI
142,LEGACY-142,DNI faltante,SI
142,LEGACY-142,Total no coincide con cálculo,SI
142,LEGACY-142,Subtotal no coincide con cálculo,SI
143,LEGACY-143,DNI faltante,SI
143,LEGACY-143,Total no coincide con cálculo,SI
143,LEGACY-143,Subtotal no coincide con cálculo,SI
147,LEGACY-147,Total no coincide con cálculo,SI
148,LEGACY-148,DNI faltante,SI
149,LEGACY-149,DNI faltante,SI
149,LEGACY-149,Total no coincide con cálculo,SI
149,LEGACY-149,Subtotal no coincide con cálculo,SI
150,LEGACY-150,DNI faltante,SI
150,LEGACY-150,Total no coincide con cálculo,SI
150,LEGACY-150,Subtotal no coincide con cálculo,SI
151,LEGACY-151,Total no coincide con cálculo,SI
151,LEGACY-151,Subtotal no coincide con cálculo,SI
152,LEGACY-152,Total no coincide con cálculo,SI
152,LEGACY-152,Subtotal no coincide con cálculo,SI
153,LEGACY-153,Total no coincide con cálculo,SI
153,LEGACY-153,Subtotal no coincide con cálculo,SI
154,LEGACY-154,Total no coincide con cálculo,SI
154,LEGACY-154,Subtotal no coincide con cálculo,SI
155,LEGACY-155,DNI faltante,SI
156,LEGACY-156,DNI faltante,SI
156,LEGACY-156,Total no coincide con cálculo,SI
156,LEGACY-156,Subtotal no coincide con cálculo,SI
157,4118-2026,DNI faltante,SI
157,4118-2026,Total no coincide con cálculo,SI
158,66556-23,Total no coincide con cálculo,SI
158,66556-23,Subtotal no coincide con cálculo,SI
159,66556-23,Total no coincide con cálculo,SI
159,66556-23,Subtotal no coincide con cálculo,SI
160,LEGACY-160,Total no coincide con cálculo,SI
160,LEGACY-160,Subtotal no coincide con cálculo,SI
161,LEGACY-161,Total no coincide con cálculo,SI
161,LEGACY-161,Subtotal no coincide con cálculo,SI
162,LEGACY-162,Total no coincide con cálculo,SI
162,LEGACY-162,Subtotal no coincide con cálculo,SI
163,LEGACY-163,Total no coincide con cálculo,SI
163,LEGACY-163,Subtotal no coincide con cálculo,SI
164,LEGACY-164,Total no coincide con cálculo,SI
165,LEGACY-165,Total no coincide con cálculo,SI
165,LEGACY-165,Subtotal no coincide con cálculo,SI
166,LEGACY-166,Total no coincide con cálculo,SI
166,LEGACY-166,Subtotal no coincide con cálculo,SI
167,LEGACY-167,Total no coincide con cálculo,SI
167,LEGACY-167,Subtotal no coincide con cálculo,SI
169,131110-25,DNI faltante,SI
169,131110-25,Total no coincide con cálculo,SI
169,131110-25,Subtotal no coincide con cálculo,SI
171,LEGACY-171,DNI faltante,SI
171,LEGACY-171,Total no coincide con cálculo,SI
171,LEGACY-171,Subtotal no coincide con cálculo,SI
172,LEGACY-172,DNI faltante,SI
174,LEGACY-174,DNI faltante,SI
175,LEGACY-175,DNI faltante,SI
176,LEGACY-176,DNI faltante,SI
176,LEGACY-176,Total no coincide con cálculo,SI
176,LEGACY-176,Subtotal no coincide con cálculo,SI
177,LEGACY-177,DNI faltante,SI
179,LEGACY-179,Total no coincide con cálculo,SI
179,LEGACY-179,Subtotal no coincide con cálculo,SI
180,LEGACY-180,Total no coincide con cálculo,SI
180,LEGACY-180,Subtotal no coincide con cálculo,SI
181,LEGACY-181,Total no coincide con cálculo,SI
181,LEGACY-181,Subtotal no coincide con cálculo,SI
182,LEGACY-182,DNI faltante,SI
183,LEGACY-183,DNI faltante,SI
184,,ERROR: RAZONSOCIAL/NOMBRE is empty,NO
185,,ERROR: RAZONSOCIAL/NOMBRE is empty,NO
186,LEGACY-186,DNI faltante,SI
187,LEGACY-187,DNI faltante,SI
188,LEGACY-188,DNI faltante,SI
189,LEGACY-189,Total no coincide con cálculo,SI
189,LEGACY-189,Subtotal no coincide con cálculo,SI
190,LEGACY-190,DNI faltante,SI
190,LEGACY-190,Total no coincide con cálculo,SI
191,LEGACY-191,DNI faltante,SI
191,LEGACY-191,Total no coincide con cálculo,SI
191,LEGACY-191,Subtotal no coincide con cálculo,SI
194,LEGACY-194,DNI faltante,SI
195,2996-26,Total no coincide con cálculo,SI
195,2996-26,Subtotal no coincide con cálculo,SI
196,LEGACY-196,DNI faltante,SI
197,LEGACY-197,DNI faltante,SI
197,LEGACY-197,Total no coincide con cálculo,SI
197,LEGACY-197,Subtotal no coincide con cálculo,SI
199,LEGACY-199,DNI faltante,SI
199,LEGACY-199,Total no coincide con cálculo,SI
199,LEGACY-199,Subtotal no coincide con cálculo,SI
200,LEGACY-200,DNI faltante,SI
200,LEGACY-200,Total no coincide con cálculo,SI
200,LEGACY-200,Subtotal no coincide con cálculo,SI
201,LEGACY-201,DNI faltante,SI
201,LEGACY-201,Total no coincide con cálculo,SI
201,LEGACY-201,Subtotal no coincide con cálculo,SI
202,LEGACY-202,DNI faltante,SI
202,LEGACY-202,Total no coincide con cálculo,SI
202,LEGACY-202,Subtotal no coincide con cálculo,SI
203,LEGACY-203,DNI faltante,SI
203,LEGACY-203,Total no coincide con cálculo,SI
203,LEGACY-203,Subtotal no coincide con cálculo,SI
205,LEGACY-205,DNI faltante,SI
205,LEGACY-205,Total no coincide con cálculo,SI
205,LEGACY-205,Subtotal no coincide con cálculo,SI
207,LEGACY-207,Total no coincide con cálculo,SI
208,LEGACY-208,DNI faltante,SI
208,LEGACY-208,Total no coincide con cálculo,SI
208,LEGACY-208,Subtotal no coincide con cálculo,SI
209,LEGACY-209,DNI faltante,SI
209,LEGACY-209,Total no coincide con cálculo,SI
209,LEGACY-209,Subtotal no coincide con cálculo,SI
210,LEGACY-210,DNI faltante,SI
210,LEGACY-210,Total no coincide con cálculo,SI
210,LEGACY-210,Subtotal no coincide con cálculo,SI
211,108464-26,DNI faltante,SI
211,108464-26,Total no coincide con cálculo,SI
211,108464-26,Subtotal no coincide con cálculo,SI
212,LEGACY-212,Total no coincide con cálculo,SI
212,LEGACY-212,Subtotal no coincide con cálculo,SI
213,LEGACY-213,Total no coincide con cálculo,SI
213,LEGACY-213,Subtotal no coincide con cálculo,SI
214,LEGACY-214,Total no coincide con cálculo,SI
214,LEGACY-214,Subtotal no coincide con cálculo,SI
215,LEGACY-215,DNI faltante,SI
215,LEGACY-215,Total no coincide con cálculo,SI
215,LEGACY-215,Subtotal no coincide con cálculo,SI
216,LEGACY-216,DNI faltante,SI
216,LEGACY-216,Total no coincide con cálculo,SI
216,LEGACY-216,Subtotal no coincide con cálculo,SI
217,LEGACY-217,DNI faltante,SI
217,LEGACY-217,Total no coincide con cálculo,SI
217,LEGACY-217,Subtotal no coincide con cálculo,SI
218,LEGACY-218,Total no coincide con cálculo,SI
219,LEGACY-219,DNI faltante,SI
219,LEGACY-219,Total no coincide con cálculo,SI
219,LEGACY-219,Subtotal no coincide con cálculo,SI
220,LEGACY-220,DNI faltante,SI
222,LEGACY-222,Total no coincide con cálculo,SI
222,LEGACY-222,Subtotal no coincide con cálculo,SI
223,LEGACY-223,DNI faltante,SI
223,LEGACY-223,Total no coincide con cálculo,SI
223,LEGACY-223,Subtotal no coincide con cálculo,SI
224,LEGACY-224,DNI faltante,SI
224,LEGACY-224,Total no coincide con cálculo,SI
224,LEGACY-224,Subtotal no coincide con cálculo,SI
225,LEGACY-225,DNI faltante,SI
226,LEGACY-226,DNI faltante,SI
227,LEGACY-227,DNI faltante,SI
228,LEGACY-228,DNI faltante,SI
229,LEGACY-229,Total no coincide con cálculo,SI
229,LEGACY-229,Subtotal no coincide con cálculo,SI
230,LEGACY-230,DNI faltante,SI
231,LEGACY-231,DNI faltante,SI
231,LEGACY-231,Total no coincide con cálculo,SI
231,LEGACY-231,Subtotal no coincide con cálculo,SI
232,LEGACY-232,DNI faltante,SI
233,LEGACY-233,DNI faltante,SI
233,LEGACY-233,Total no coincide con cálculo,SI
233,LEGACY-233,Subtotal no coincide con cálculo,SI
234,LEGACY-234,Total no coincide con cálculo,SI
234,LEGACY-234,Subtotal no coincide con cálculo,SI
235,LEGACY-235,DNI faltante,SI
235,LEGACY-235,Total no coincide con cálculo,SI
235,LEGACY-235,Subtotal no coincide con cálculo,SI
236,LEGACY-236,DNI faltante,SI
236,LEGACY-236,Total no coincide con cálculo,SI
236,LEGACY-236,Subtotal no coincide con cálculo,SI
237,LEGACY-237,DNI faltante,SI
237,LEGACY-237,Total no coincide con cálculo,SI
237,LEGACY-237,Subtotal no coincide con cálculo,SI
238,LEGACY-238,Total no coincide con cálculo,SI
238,LEGACY-238,Subtotal no coincide con cálculo,SI
239,LEGACY-239,Total no coincide con cálculo,SI
239,LEGACY-239,Subtotal no coincide con cálculo,SI
240,,ERROR: RAZONSOCIAL/NOMBRE is empty,NO
241,LEGACY-241,Total no coincide con cálculo,SI
241,LEGACY-241,Subtotal no coincide con cálculo,SI
242,104364-26,Total no coincide con cálculo,SI
242,104364-26,Subtotal no coincide con cálculo,SI
243,LEGACY-243,DNI faltante,SI
245,LEGACY-245,DNI faltante,SI
246,LEGACY-246,DNI faltante,SI
246,LEGACY-246,Total no coincide con cálculo,SI
246,LEGACY-246,Subtotal no coincide con cálculo,SI
247,LEGACY-247,DNI faltante,SI
247,LEGACY-247,Total no coincide con cálculo,SI
247,LEGACY-247,Subtotal no coincide con cálculo,SI
248,102724-26,DNI faltante,SI
248,102724-26,Total no coincide con cálculo,SI
248,102724-26,Subtotal no coincide con cálculo,SI
249,LEGACY-249,DNI faltante,SI
249,LEGACY-249,Total no coincide con cálculo,SI
249,LEGACY-249,Subtotal no coincide con cálculo,SI
250,LEGACY-250,DNI faltante,SI
250,LEGACY-250,Total no coincide con cálculo,SI
250,LEGACY-250,Subtotal no coincide con cálculo,SI
251,LEGACY-251,DNI faltante,SI
251,LEGACY-251,Total no coincide con cálculo,SI
251,LEGACY-251,Subtotal no coincide con cálculo,SI
252,LEGACY-252,DNI faltante,SI
253,LEGACY-253,DNI faltante,SI
253,LEGACY-253,Total no coincide con cálculo,SI
253,LEGACY-253,Subtotal no coincide con cálculo,SI
254,LEGACY-254,DNI faltante,SI
254,LEGACY-254,Total no coincide con cálculo,SI
254,LEGACY-254,Subtotal no coincide con cálculo,SI
255,LEGACY-255,DNI faltante,SI
255,LEGACY-255,Total no coincide con cálculo,SI
255,LEGACY-255,Subtotal no coincide con cálculo,SI
257,LEGACY-257,DNI faltante,SI
257,LEGACY-257,Total no coincide con cálculo,SI
257,LEGACY-257,Subtotal no coincide con cálculo,SI
258,2880-26,Total no coincide con cálculo,SI
258,2880-26,Subtotal no coincide con cálculo,SI
259,2880-2026,Total no coincide con cálculo,SI
259,2880-2026,Subtotal no coincide con cálculo,SI
261,LEGACY-261,DNI faltante,SI
261,LEGACY-261,Total no coincide con cálculo,SI
261,LEGACY-261,Subtotal no coincide con cálculo,SI
262,3059-2026,Total no coincide con cálculo,SI
262,3059-2026,Subtotal no coincide con cálculo,SI
263,LEGACY-263,DNI faltante,SI
263,LEGACY-263,Total no coincide con cálculo,SI
263,LEGACY-263,Subtotal no coincide con cálculo,SI
264,LEGACY-264,DNI faltante,SI
264,LEGACY-264,Total no coincide con cálculo,SI
264,LEGACY-264,Subtotal no coincide con cálculo,SI
265,LEGACY-265,DNI faltante,SI
266,LEGACY-266,DNI faltante,SI
266,LEGACY-266,Total no coincide con cálculo,SI
266,LEGACY-266,Subtotal no coincide con cálculo,SI
267,LEGACY-267,Total no coincide con cálculo,SI
267,LEGACY-267,Subtotal no coincide con cálculo,SI
268,LEGACY-268,Total no coincide con cálculo,SI
268,LEGACY-268,Subtotal no coincide con cálculo,SI
269,LEGACY-269,DNI faltante,SI
270,LEGACY-270,DNI faltante,SI
270,LEGACY-270,Total no coincide con cálculo,SI
271,LEGACY-271,Total no coincide con cálculo,SI
271,LEGACY-271,Subtotal no coincide con cálculo,SI
272,LEGACY-272,DNI faltante,SI
272,LEGACY-272,Total no coincide con cálculo,SI
272,LEGACY-272,Subtotal no coincide con cálculo,SI
273,LEGACY-273,DNI faltante,SI
274,LEGACY-274,DNI faltante,SI
274,LEGACY-274,Total no coincide con cálculo,SI
274,LEGACY-274,Subtotal no coincide con cálculo,SI
275,LEGACY-275,DNI faltante,SI
276,20790-26,Total no coincide con cálculo,SI
276,20790-26,Subtotal no coincide con cálculo,SI
277,5453-2026,DNI faltante,SI
277,5453-2026,Total no coincide con cálculo,SI
277,5453-2026,Subtotal no coincide con cálculo,SI
278,LEGACY-278,DNI faltante,SI
278,LEGACY-278,Total no coincide con cálculo,SI
278,LEGACY-278,Subtotal no coincide con cálculo,SI
279,5453-2026,DNI faltante,SI
279,5453-2026,Total no coincide con cálculo,SI
279,5453-2026,Subtotal no coincide con cálculo,SI
280,LEGACY-280,Total no coincide con cálculo,SI
280,LEGACY-280,Subtotal no coincide con cálculo,SI
281,LEGACY-281,DNI faltante,SI
283,LEGACY-283,DNI faltante,SI
284,4411-2026,DNI faltante,SI
284,4411-2026,Total no coincide con cálculo,SI
284,4411-2026,Subtotal no coincide con cálculo,SI
285,LEGACY-285,DNI faltante,SI
285,LEGACY-285,Total no coincide con cálculo,SI
286,LEGACY-286,Total no coincide con cálculo,SI
286,LEGACY-286,Subtotal no coincide con cálculo,SI
287,LEGACY-287,DNI faltante,SI
287,LEGACY-287,Total no coincide con cálculo,SI
287,LEGACY-287,Subtotal no coincide con cálculo,SI
289,LEGACY-289,DNI faltante,SI
289,LEGACY-289,Total no coincide con cálculo,SI
289,LEGACY-289,Subtotal no coincide con cálculo,SI
290,LEGACY-290,DNI faltante,SI
290,LEGACY-290,Total no coincide con cálculo,SI
290,LEGACY-290,Subtotal no coincide con cálculo,SI
292,LEGACY-292,DNI faltante,SI
292,LEGACY-292,Total no coincide con cálculo,SI
292,LEGACY-292,Subtotal no coincide con cálculo,SI
293,LEGACY-293,DNI faltante,SI
293,LEGACY-293,Total no coincide con cálculo,SI
293,LEGACY-293,Subtotal no coincide con cálculo,SI
294,LEGACY-294,DNI faltante,SI
294,LEGACY-294,Total no coincide con cálculo,SI
294,LEGACY-294,Subtotal no coincide con cálculo,SI
295,LEGACY-295,Total no coincide con cálculo,SI
295,LEGACY-295,Subtotal no coincide con cálculo,SI
296,LEGACY-296,DNI faltante,SI
298,LEGACY-298,DNI faltante,SI
299,LEGACY-299,DNI faltante,SI
299,LEGACY-299,Total no coincide con cálculo,SI
299,LEGACY-299,Subtotal no coincide con cálculo,SI
301,LEGACY-301,DNI faltante,SI
303,LEGACY-303,DNI faltante,SI
303,LEGACY-303,Total no coincide con cálculo,SI
303,LEGACY-303,Subtotal no coincide con cálculo,SI
304,1900-2026,Total no coincide con cálculo,SI
304,1900-2026,Subtotal no coincide con cálculo,SI
305,LEGACY-305,DNI faltante,SI
305,LEGACY-305,Total no coincide con cálculo,SI
305,LEGACY-305,Subtotal no coincide con cálculo,SI
306,8511-2026,Total no coincide con cálculo,SI
306,8511-2026,Subtotal no coincide con cálculo,SI
307,LEGACY-307,DNI faltante,SI
307,LEGACY-307,Total no coincide con cálculo,SI
307,LEGACY-307,Subtotal no coincide con cálculo,SI
308,LEGACY-308,DNI faltante,SI
309,LEGACY-309,DNI faltante,SI
310,LEGACY-310,DNI faltante,SI
310,LEGACY-310,Total no coincide con cálculo,SI
310,LEGACY-310,Subtotal no coincide con cálculo,SI
311,LEGACY-311,DNI faltante,SI
312,LEGACY-312,DNI faltante,SI
312,LEGACY-312,Total no coincide con cálculo,SI
312,LEGACY-312,Subtotal no coincide con cálculo,SI
313,3803-2026,DNI faltante,SI
313,3803-2026,Total no coincide con cálculo,SI
313,3803-2026,Subtotal no coincide con cálculo,SI
314,47214-25,DNI faltante,SI
314,47214-25,Total no coincide con cálculo,SI
314,47214-25,Subtotal no coincide con cálculo,SI
315,47214-25,DNI faltante,SI
315,47214-25,Total no coincide con cálculo,SI
315,47214-25,Subtotal no coincide con cálculo,SI
316,47214-25,DNI faltante,SI
316,47214-25,Total no coincide con cálculo,SI
316,47214-25,Subtotal no coincide con cálculo,SI
317,66556-23,Total no coincide con cálculo,SI
317,66556-23,Subtotal no coincide con cálculo,SI
320,13353-2026,DNI faltante,SI
321,40089-2026,DNI faltante,SI
322,5690-2024,DNI faltante,SI
322,5690-2024,Total no coincide con cálculo,SI
322,5690-2024,Subtotal no coincide con cálculo,SI
323,5690-2024,DNI faltante,SI
323,5690-2024,Total no coincide con cálculo,SI
323,5690-2024,Subtotal no coincide con cálculo,SI
324,5690-2024,DNI faltante,SI
324,5690-2024,Total no coincide con cálculo,SI
324,5690-2024,Subtotal no coincide con cálculo,SI
326,LEGACY-326,DNI faltante,SI
327,1682-2026,Total no coincide con cálculo,SI
327,1682-2026,Subtotal no coincide con cálculo,SI
328,LEGACY-328,DNI faltante,SI
328,LEGACY-328,Total no coincide con cálculo,SI
328,LEGACY-328,Subtotal no coincide con cálculo,SI
329,4376-2025,DNI faltante,SI
329,4376-2025,Total no coincide con cálculo,SI
329,4376-2025,Subtotal no coincide con cálculo,SI
330,4376-2025,DNI faltante,SI
330,4376-2025,Total no coincide con cálculo,SI
330,4376-2025,Subtotal no coincide con cálculo,SI
331,4376-2025,DNI faltante,SI
331,4376-2025,Total no coincide con cálculo,SI
331,4376-2025,Subtotal no coincide con cálculo,SI
332,LEGACY-332,DNI faltante,SI
333,4950-2025,DNI faltante,SI
333,4950-2025,Total no coincide con cálculo,SI
333,4950-2025,Subtotal no coincide con cálculo,SI
334,LEGACY-334,DNI faltante,SI
336,LEGACY-336,Total no coincide con cálculo,SI
336,LEGACY-336,Subtotal no coincide con cálculo,SI
337,E012614617,DNI faltante,SI
337,E012614617,Total no coincide con cálculo,SI
337,E012614617,Subtotal no coincide con cálculo,SI
338,20314-2026,DNI faltante,SI
339,LEGACY-339,DNI faltante,SI
340,28658-25,DNI faltante,SI
340,28658-25,Total no coincide con cálculo,SI
340,28658-25,Subtotal no coincide con cálculo,SI
341,28658-25,DNI faltante,SI
341,28658-25,Total no coincide con cálculo,SI
341,28658-25,Subtotal no coincide con cálculo,SI
342,28658-25,DNI faltante,SI
342,28658-25,Total no coincide con cálculo,SI
342,28658-25,Subtotal no coincide con cálculo,SI
343,452-2026,DNI faltante,SI
344,96370-2026,Total no coincide con cálculo,SI
344,96370-2026,Subtotal no coincide con cálculo,SI
345,110029-26,DNI faltante,SI
345,110029-26,Total no coincide con cálculo,SI
345,110029-26,Subtotal no coincide con cálculo,SI
346,LEGACY-346,DNI faltante,SI
346,LEGACY-346,Total no coincide con cálculo,SI
346,LEGACY-346,Subtotal no coincide con cálculo,SI
347,LEGACY-347,DNI faltante,SI
347,LEGACY-347,Total no coincide con cálculo,SI
347,LEGACY-347,Subtotal no coincide con cálculo,SI
348,LEGACY-348,DNI faltante,SI
350,LEGACY-350,Total no coincide con cálculo,SI
351,LEGACY-351,DNI faltante,SI
351,LEGACY-351,Total no coincide con cálculo,SI
351,LEGACY-351,Subtotal no coincide con cálculo,SI
352,LEGACY-352,DNI faltante,SI
353,108465-26,Total no coincide con cálculo,SI
353,108465-26,Subtotal no coincide con cálculo,SI
354,9421-2025,DNI faltante,SI
354,9421-2025,Total no coincide con cálculo,SI
354,9421-2025,Subtotal no coincide con cálculo,SI
356,23213-25,Total no coincide con cálculo,SI
356,23213-25,Subtotal no coincide con cálculo,SI
356,23213-25,Porcentaje no coincide con cálculo,SI
358,6086-2025,DNI faltante,SI
358,6086-2025,Total no coincide con cálculo,SI
358,6086-2025,Subtotal no coincide con cálculo,SI
359,1480-2026,DNI faltante,SI
359,1480-2026,Total no coincide con cálculo,SI
359,1480-2026,Subtotal no coincide con cálculo,SI
360,,ERROR: RAZONSOCIAL/NOMBRE is empty,NO
362,LEGACY-362,DNI faltante,SI
362,LEGACY-362,Total no coincide con cálculo,SI
362,LEGACY-362,Subtotal no coincide con cálculo,SI
363,LEGACY-363,DNI faltante,SI
364,LEGACY-364,DNI faltante,SI
365,LEGACY-365,DNI faltante,SI
365,LEGACY-365,Total no coincide con cálculo,SI
365,LEGACY-365,Subtotal no coincide con cálculo,SI
366,LEGACY-366,DNI faltante,SI
366,LEGACY-366,Total no coincide con cálculo,SI
366,LEGACY-366,Subtotal no coincide con cálculo,SI
367,16056-2026,DNI faltante,SI
368,LEGACY-368,DNI faltante,SI
369,LEGACY-369,DNI faltante,SI
370,,ERROR: RAZONSOCIAL/NOMBRE is empty,NO
371,LEGACY-371,Total no coincide con cálculo,SI
371,LEGACY-371,Subtotal no coincide con cálculo,SI
372,LEGACY-372,DNI faltante,SI
372,LEGACY-372,Total no coincide con cálculo,SI
372,LEGACY-372,Subtotal no coincide con cálculo,SI
373,LEGACY-373,DNI faltante,SI
374,LEGACY-374,DNI faltante,SI
375,LEGACY-375,DNI faltante,SI
376,LEGACY-376,DNI faltante,SI
376,LEGACY-376,Total no coincide con cálculo,SI
376,LEGACY-376,Subtotal no coincide con cálculo,SI
377,LEGACY-377,DNI faltante,SI
377,LEGACY-377,Total no coincide con cálculo,SI
377,LEGACY-377,Subtotal no coincide con cálculo,SI
378,LEGACY-378,DNI faltante,SI
378,LEGACY-378,Total no coincide con cálculo,SI
378,LEGACY-378,Subtotal no coincide con cálculo,SI
379,LEGACY-379,Total no coincide con cálculo,SI
379,LEGACY-379,Subtotal no coincide con cálculo,SI
380,LEGACY-380,DNI faltante,SI
381,LEGACY-381,DNI faltante,SI
381,LEGACY-381,Total no coincide con cálculo,SI
381,LEGACY-381,Subtotal no coincide con cálculo,SI
382,LEGACY-382,DNI faltante,SI
382,LEGACY-382,Total no coincide con cálculo,SI
382,LEGACY-382,Subtotal no coincide con cálculo,SI
383,LEGACY-383,DNI faltante,SI
383,LEGACY-383,Total no coincide con cálculo,SI
383,LEGACY-383,Subtotal no coincide con cálculo,SI
384,4404-2023,DNI faltante,SI
384,4404-2023,Total no coincide con cálculo,SI
384,4404-2023,Subtotal no coincide con cálculo,SI
385,LEGACY-385,DNI faltante,SI
386,LEGACY-386,DNI faltante,SI
386,LEGACY-386,Total no coincide con cálculo,SI
386,LEGACY-386,Subtotal no coincide con cálculo,SI
387,7319-2025,DNI faltante,SI
387,7319-2025,Total no coincide con cálculo,SI
387,7319-2025,Subtotal no coincide con cálculo,SI
388,09145-26,DNI faltante,SI
389,3682-2025,DNI faltante,SI
389,3682-2025,Total no coincide con cálculo,SI
389,3682-2025,Subtotal no coincide con cálculo,SI
391,24133-26,DNI faltante,SI
391,24133-26,Total no coincide con cálculo,SI
391,24133-26,Subtotal no coincide con cálculo,SI
392,LEGACY-392,DNI faltante,SI
392,LEGACY-392,Total no coincide con cálculo,SI
392,LEGACY-392,Subtotal no coincide con cálculo,SI
393,LEGACY-393,DNI faltante,SI
393,LEGACY-393,Total no coincide con cálculo,SI
393,LEGACY-393,Subtotal no coincide con cálculo,SI
394,4941-2026,DNI faltante,SI
394,4941-2026,Total no coincide con cálculo,SI
394,4941-2026,Subtotal no coincide con cálculo,SI
395,LEGACY-395,DNI faltante,SI
395,LEGACY-395,Total no coincide con cálculo,SI
395,LEGACY-395,Subtotal no coincide con cálculo,SI
396,4941-2026,DNI faltante,SI
396,4941-2026,Total no coincide con cálculo,SI
396,4941-2026,Subtotal no coincide con cálculo,SI
398,LEGACY-398,DNI faltante,SI
398,LEGACY-398,Total no coincide con cálculo,SI
398,LEGACY-398,Subtotal no coincide con cálculo,SI
399,LEGACY-399,DNI faltante,SI
400,2281-2026,DNI faltante,SI
401,9816-2024,DNI faltante,SI
401,9816-2024,Total no coincide con cálculo,SI
401,9816-2024,Subtotal no coincide con cálculo,SI
402,9816-2024,DNI faltante,SI
402,9816-2024,Total no coincide con cálculo,SI
402,9816-2024,Subtotal no coincide con cálculo,SI
405,0145751-25,Total no coincide con cálculo,SI
405,0145751-25,Subtotal no coincide con cálculo,SI
406,LEGACY-406,Total no coincide con cálculo,SI
406,LEGACY-406,Subtotal no coincide con cálculo,SI
407,LEGACY-407,DNI faltante,SI
407,LEGACY-407,Total no coincide con cálculo,SI
407,LEGACY-407,Subtotal no coincide con cálculo,SI
408,7933-2026,DNI faltante,SI
408,7933-2026,Total no coincide con cálculo,SI
408,7933-2026,Subtotal no coincide con cálculo,SI
409,3360-2026,DNI faltante,SI
409,3360-2026,Total no coincide con cálculo,SI
409,3360-2026,Subtotal no coincide con cálculo,SI
410,102724-26,DNI faltante,SI
410,102724-26,Total no coincide con cálculo,SI
410,102724-26,Subtotal no coincide con cálculo,SI
412,LEGACY-412,DNI faltante,SI
412,LEGACY-412,Total no coincide con cálculo,SI
412,LEGACY-412,Subtotal no coincide con cálculo,SI
413,LEGACY-413,DNI faltante,SI
413,LEGACY-413,Total no coincide con cálculo,SI
413,LEGACY-413,Subtotal no coincide con cálculo,SI
414,LEGACY-414,DNI faltante,SI
414,LEGACY-414,Total no coincide con cálculo,SI
414,LEGACY-414,Subtotal no coincide con cálculo,SI
415,6388-2025,DNI faltante,SI
415,6388-2025,Total no coincide con cálculo,SI
415,6388-2025,Subtotal no coincide con cálculo,SI
417,LEGACY-417,DNI faltante,SI
418,LEGACY-418,DNI faltante,SI
419,LEGACY-419,DNI faltante,SI
419,LEGACY-419,Total no coincide con cálculo,SI
419,LEGACY-419,Subtotal no coincide con cálculo,SI
420,LEGACY-420,DNI faltante,SI
420,LEGACY-420,Total no coincide con cálculo,SI
420,LEGACY-420,Subtotal no coincide con cálculo,SI
421,LEGACY-421,DNI faltante,SI
421,LEGACY-421,Total no coincide con cálculo,SI
421,LEGACY-421,Subtotal no coincide con cálculo,SI
422,LEGACY-422,DNI faltante,SI
422,LEGACY-422,Total no coincide con cálculo,SI
422,LEGACY-422,Subtotal no coincide con cálculo,SI
423,LEGACY-423,DNI faltante,SI
424,04771-26,DNI faltante,SI
425,LEGACY-425,DNI faltante,SI
426,LEGACY-426,DNI faltante,SI
427,14591-26,DNI faltante,SI
427,14591-26,Total no coincide con cálculo,SI
427,14591-26,Subtotal no coincide con cálculo,SI
428,1937-2026,DNI faltante,SI
428,1937-2026,Total no coincide con cálculo,SI
428,1937-2026,Subtotal no coincide con cálculo,SI
429,3000-2026,DNI faltante,SI
429,3000-2026,Total no coincide con cálculo,SI
429,3000-2026,Subtotal no coincide con cálculo,SI
430,LEGACY-430,DNI faltante,SI
431,LEGACY-431,DNI faltante,SI
431,LEGACY-431,Total no coincide con cálculo,SI
431,LEGACY-431,Subtotal no coincide con cálculo,SI
432,LEGACY-432,DNI faltante,SI
432,LEGACY-432,Total no coincide con cálculo,SI
432,LEGACY-432,Subtotal no coincide con cálculo,SI
434,LEGACY-434,DNI faltante,SI
435,LEGACY-435,DNI faltante,SI
436,LEGACY-436,DNI faltante,SI
437,LEGACY-437,DNI faltante,SI
437,LEGACY-437,Total no coincide con cálculo,SI
438,LEGACY-438,DNI faltante,SI
438,LEGACY-438,Total no coincide con cálculo,SI
439,6557-2026,Total no coincide con cálculo,SI
439,6557-2026,Subtotal no coincide con cálculo,SI
440,1082-2026,Total no coincide con cálculo,SI
440,1082-2026,Subtotal no coincide con cálculo,SI
441,LEGACY-441,Total no coincide con cálculo,SI
442,LEGACY-442,DNI faltante,SI
443,248601-24,DNI faltante,SI
443,248601-24,Total no coincide con cálculo,SI
443,248601-24,Subtotal no coincide con cálculo,SI
444,248601-24,DNI faltante,SI
444,248601-24,Total no coincide con cálculo,SI
444,248601-24,Subtotal no coincide con cálculo,SI
445,E-0032205,DNI faltante,SI
450,LEGACY-450,DNI faltante,SI
451,20574-2025,DNI faltante,SI
451,20574-2025,Total no coincide con cálculo,SI
451,20574-2025,Subtotal no coincide con cálculo,SI
452,LEGACY-452,DNI faltante,SI
453,40003-25,DNI faltante,SI
453,40003-25,Total no coincide con cálculo,SI
453,40003-25,Subtotal no coincide con cálculo,SI
454,40003-25,DNI faltante,SI
454,40003-25,Total no coincide con cálculo,SI
454,40003-25,Subtotal no coincide con cálculo,SI
455,40003-25,DNI faltante,SI
455,40003-25,Total no coincide con cálculo,SI
455,40003-25,Subtotal no coincide con cálculo,SI
456,LEGACY-456,DNI faltante,SI
457,LEGACY-457,DNI faltante,SI
457,LEGACY-457,Total no coincide con cálculo,SI
457,LEGACY-457,Subtotal no coincide con cálculo,SI
458,LEGACY-458,DNI faltante,SI
458,LEGACY-458,Total no coincide con cálculo,SI
458,LEGACY-458,Subtotal no coincide con cálculo,SI
459,LEGACY-459,DNI faltante,SI
461,4962-2026,DNI faltante,SI
462,LEGACY-462,DNI faltante,SI
462,LEGACY-462,Total no coincide con cálculo,SI
462,LEGACY-462,Subtotal no coincide con cálculo,SI
463,LEGACY-463,Total no coincide con cálculo,SI
463,LEGACY-463,Subtotal no coincide con cálculo,SI
464,LEGACY-464,DNI faltante,SI
465,2885-2026,DNI faltante,SI
466,17934-25,Total no coincide con cálculo,SI
466,17934-25,Subtotal no coincide con cálculo,SI
467,LEGACY-467,DNI faltante,SI
468,LEGACY-468,Total no coincide con cálculo,SI
469,LEGACY-469,DNI faltante,SI
469,LEGACY-469,Total no coincide con cálculo,SI
469,LEGACY-469,Subtotal no coincide con cálculo,SI
470,LEGACY-470,DNI faltante,SI
471,LEGACY-471,DNI faltante,SI
471,LEGACY-471,Total no coincide con cálculo,SI
471,LEGACY-471,Subtotal no coincide con cálculo,SI
472,131110-25,DNI faltante,SI
472,131110-25,Total no coincide con cálculo,SI
472,131110-25,Subtotal no coincide con cálculo,SI
473,12539-2026,DNI faltante,SI
474,3538-2026,Total no coincide con cálculo,SI
474,3538-2026,Subtotal no coincide con cálculo,SI
475,LEGACY-475,DNI faltante,SI
475,LEGACY-475,Total no coincide con cálculo,SI
476,892-2026,Total no coincide con cálculo,SI
476,892-2026,Subtotal no coincide con cálculo,SI
477,9756-2026,DNI faltante,SI
477,9756-2026,Total no coincide con cálculo,SI
477,9756-2026,Subtotal no coincide con cálculo,SI
478,6082-2026,DNI faltante,SI
478,6082-2026,Total no coincide con cálculo,SI
478,6082-2026,Subtotal no coincide con cálculo,SI
479,LEGACY-479,DNI faltante,SI
480,14580-25,Total no coincide con cálculo,SI
480,14580-25,Subtotal no coincide con cálculo,SI
481,14580-25,Total no coincide con cálculo,SI
481,14580-25,Subtotal no coincide con cálculo,SI
482,11508-26,Total no coincide con cálculo,SI
482,11508-26,Subtotal no coincide con cálculo,SI
483,108593-26,DNI faltante,SI
483,108593-26,Total no coincide con cálculo,SI
483,108593-26,Subtotal no coincide con cálculo,SI
484,3487-2026,DNI faltante,SI
485,LEGACY-485,DNI faltante,SI
486,LEGACY-486,DNI faltante,SI
487,4950-2025,DNI faltante,SI
487,4950-2025,Total no coincide con cálculo,SI
487,4950-2025,Subtotal no coincide con cálculo,SI
488,17897-2026,DNI faltante,SI
489,E-320-2026,Total no coincide con cálculo,SI
489,E-320-2026,Subtotal no coincide con cálculo,SI
490,LEGACY-490,DNI faltante,SI
491,5072,DNI faltante,SI
491,5072,Total no coincide con cálculo,SI
491,5072,Subtotal no coincide con cálculo,SI
492,LEGACY-492,DNI faltante,SI
493,E00046-26,Total no coincide con cálculo,SI
493,E00046-26,Subtotal no coincide con cálculo,SI
494,5109-2026,DNI faltante,SI
495,LEGACY-495,DNI faltante,SI
495,LEGACY-495,Total no coincide con cálculo,SI
495,LEGACY-495,Subtotal no coincide con cálculo,SI
496,112428-26,DNI faltante,SI
498,LEGACY-498,DNI faltante,SI
498,LEGACY-498,Total no coincide con cálculo,SI
498,LEGACY-498,Subtotal no coincide con cálculo,SI
499,LEGACY-499,DNI faltante,SI
500,2908-2026,DNI faltante,SI
501,4741-2026,DNI faltante,SI
501,4741-2026,Total no coincide con cálculo,SI
501,4741-2026,Subtotal no coincide con cálculo,SI
502,2355-2026,DNI faltante,SI
502,2355-2026,Total no coincide con cálculo,SI
502,2355-2026,Subtotal no coincide con cálculo,SI
504,LEGACY-504,DNI faltante,SI
505,LEGACY-505,DNI faltante,SI
507,E20622-26,DNI faltante,SI
508,LEGACY-508,DNI faltante,SI
508,LEGACY-508,Total no coincide con cálculo,SI
508,LEGACY-508,Subtotal no coincide con cálculo,SI
509,LEGACY-509,DNI faltante,SI
511,LEGACY-511,DNI faltante,SI
512,137756-26,DNI faltante,SI
513,LEGACY-513,DNI faltante,SI
514,4411-2026,DNI faltante,SI
516,LEGACY-516,Total no coincide con cálculo,SI
516,LEGACY-516,Subtotal no coincide con cálculo,SI
517,115057-26,DNI faltante,SI
518,114923-26,DNI faltante,SI
519,114679-26,DNI faltante,SI
521,LEGACY-521,Total no coincide con cálculo,SI
521,LEGACY-521,Subtotal no coincide con cálculo,SI
522,19283-26,DNI faltante,SI
523,LEGACY-523,DNI faltante,SI
525,24070-2026,DNI faltante,SI
526,9045-2023,DNI faltante,SI
526,9045-2023,Total no coincide con cálculo,SI
526,9045-2023,Subtotal no coincide con cálculo,SI
527,7030-2025,DNI faltante,SI
527,7030-2025,Total no coincide con cálculo,SI
527,7030-2025,Subtotal no coincide con cálculo,SI
528,LEGACY-528,DNI faltante,SI
528,LEGACY-528,Total no coincide con cálculo,SI
528,LEGACY-528,Subtotal no coincide con cálculo,SI
529,LEGACY-529,DNI faltante,SI
529,LEGACY-529,Total no coincide con cálculo,SI
529,LEGACY-529,Subtotal no coincide con cálculo,SI
530,LEGACY-530,DNI faltante,SI
530,LEGACY-530,Total no coincide con cálculo,SI
530,LEGACY-530,Subtotal no coincide con cálculo,SI
531,4309-2026,Total no coincide con cálculo,SI
531,4309-2026,Subtotal no coincide con cálculo,SI
533,LEGACY-533,Total no coincide con cálculo,SI
533,LEGACY-533,Subtotal no coincide con cálculo,SI
535,LEGACY-535,DNI faltante,SI
536,LEGACY-536,DNI faltante,SI
538,LEGACY-538,Total no coincide con cálculo,SI
538,LEGACY-538,Subtotal no coincide con cálculo,SI
539,10708-2026,Total no coincide con cálculo,SI
539,10708-2026,Subtotal no coincide con cálculo,SI
540,LEGACY-540,DNI faltante,SI
541,LEGACY-541,DNI faltante,SI
542,2589-2026,DNI faltante,SI
542,2589-2026,Total no coincide con cálculo,SI
542,2589-2026,Subtotal no coincide con cálculo,SI
545,,ERROR: RAZONSOCIAL/NOMBRE is empty,NO
549,10847-2026,DNI faltante,SI
549,10847-2026,Total no coincide con cálculo,SI
549,10847-2026,Subtotal no coincide con cálculo,SI
550,LEGACY-550,DNI faltante,SI
550,LEGACY-550,Total no coincide con cálculo,SI
550,LEGACY-550,Subtotal no coincide con cálculo,SI
551,4404-2023,DNI faltante,SI
551,4404-2023,Total no coincide con cálculo,SI
551,4404-2023,Subtotal no coincide con cálculo,SI
552,4404-2023,DNI faltante,SI
552,4404-2023,Total no coincide con cálculo,SI
552,4404-2023,Subtotal no coincide con cálculo,SI
553,4404-2023,DNI faltante,SI
553,4404-2023,Total no coincide con cálculo,SI
553,4404-2023,Subtotal no coincide con cálculo,SI
555,1261-2026,DNI faltante,SI
556,LEGACY-556,DNI faltante,SI
556,LEGACY-556,Total no coincide con cálculo,SI
556,LEGACY-556,Subtotal no coincide con cálculo,SI
557,LEGACY-557,DNI faltante,SI
557,LEGACY-557,Total no coincide con cálculo,SI
557,LEGACY-557,Subtotal no coincide con cálculo,SI
558,LEGACY-558,DNI faltante,SI
558,LEGACY-558,Total no coincide con cálculo,SI
558,LEGACY-558,Subtotal no coincide con cálculo,SI
559,LEGACY-559,DNI faltante,SI
559,LEGACY-559,Total no coincide con cálculo,SI
559,LEGACY-559,Subtotal no coincide con cálculo,SI
560,12863-2025,DNI faltante,SI
560,12863-2025,Total no coincide con cálculo,SI
560,12863-2025,Subtotal no coincide con cálculo,SI
561,39530-2025,Total no coincide con cálculo,SI
561,39530-2025,Subtotal no coincide con cálculo,SI
562,39530-2025,Total no coincide con cálculo,SI
562,39530-2025,Subtotal no coincide con cálculo,SI
563,5995-2024,DNI faltante,SI
563,5995-2024,Total no coincide con cálculo,SI
563,5995-2024,Subtotal no coincide con cálculo,SI
564,,ERROR: RAZONSOCIAL/NOMBRE is empty,NO
566,LEGACY-566,DNI faltante,SI
567,LEGACY-567,DNI faltante,SI
567,LEGACY-567,Total no coincide con cálculo,SI
567,LEGACY-567,Subtotal no coincide con cálculo,SI
568,4118-2026,DNI faltante,SI
569,A,DNI faltante,SI
569,A,Total no coincide con cálculo,SI
569,A,Subtotal no coincide con cálculo,SI
571,14796-2026,DNI faltante,SI
571,14796-2026,Total no coincide con cálculo,SI
571,14796-2026,Subtotal no coincide con cálculo,SI
576,LEGACY-576,DNI faltante,SI
576,LEGACY-576,Total no coincide con cálculo,SI
576,LEGACY-576,Subtotal no coincide con cálculo,SI
577,1546-2026,DNI faltante,SI
577,1546-2026,Total no coincide con cálculo,SI
577,1546-2026,Subtotal no coincide con cálculo,SI
578,LEGACY-578,Total no coincide con cálculo,SI
578,LEGACY-578,Subtotal no coincide con cálculo,SI
580,19283-2026,DNI faltante,SI
581,3687-2025,DNI faltante,SI
581,3687-2025,Total no coincide con cálculo,SI
581,3687-2025,Subtotal no coincide con cálculo,SI
582,3687-2025,DNI faltante,SI
582,3687-2025,Total no coincide con cálculo,SI
582,3687-2025,Subtotal no coincide con cálculo,SI
583,3687-2025,DNI faltante,SI
583,3687-2025,Total no coincide con cálculo,SI
583,3687-2025,Subtotal no coincide con cálculo,SI
585,114096-26,DNI faltante,SI
586,LEGACY-586,DNI faltante,SI
587,24290,DNI faltante,SI
587,24290,Total no coincide con cálculo,SI
587,24290,Subtotal no coincide con cálculo,SI
588,4332-2026,DNI faltante,SI
589,4082-2026,DNI faltante,SI
590,12666-2026,DNI faltante,SI
591,LEGACY-591,Total no coincide con cálculo,SI
591,LEGACY-591,Subtotal no coincide con cálculo,SI
592,3970-2026,DNI faltante,SI
592,3970-2026,Total no coincide con cálculo,SI
592,3970-2026,Subtotal no coincide con cálculo,SI
593,LEGACY-593,Total no coincide con cálculo,SI
593,LEGACY-593,Subtotal no coincide con cálculo,SI
594,152174-26,DNI faltante,SI
595,LEGACY-595,DNI faltante,SI
595,LEGACY-595,Total no coincide con cálculo,SI
595,LEGACY-595,Subtotal no coincide con cálculo,SI
596,LEGACY-596,DNI faltante,SI
596,LEGACY-596,Total no coincide con cálculo,SI
596,LEGACY-596,Subtotal no coincide con cálculo,SI
597,LEGACY-597,DNI faltante,SI
597,LEGACY-597,Total no coincide con cálculo,SI
597,LEGACY-597,Subtotal no coincide con cálculo,SI
598,LEGACY-598,DNI faltante,SI
599,25196-26,DNI faltante,SI
599,25196-26,Total no coincide con cálculo,SI
599,25196-26,Subtotal no coincide con cálculo,SI
601,39090-26,DNI faltante,SI
603,E-03621-26,Total no coincide con cálculo,SI
603,E-03621-26,Subtotal no coincide con cálculo,SI
604,LEGACY-604,DNI faltante,SI
604,LEGACY-604,Total no coincide con cálculo,SI
604,LEGACY-604,Subtotal no coincide con cálculo,SI
605,,ERROR: DIRECCION is empty,NO
606,LEGACY-606,DNI faltante,SI
606,LEGACY-606,Total no coincide con cálculo,SI
606,LEGACY-606,Subtotal no coincide con cálculo,SI
607,LEGACY-607,DNI faltante,SI
607,LEGACY-607,Total no coincide con cálculo,SI
607,LEGACY-607,Subtotal no coincide con cálculo,SI
608,019008-25,Total no coincide con cálculo,SI
608,019008-25,Subtotal no coincide con cálculo,SI
609,113623-26,DNI faltante,SI
610,3948-2026,DNI faltante,SI
610,3948-2026,Total no coincide con cálculo,SI
610,3948-2026,Subtotal no coincide con cálculo,SI
612,LEGACY-612,DNI faltante,SI
612,LEGACY-612,Total no coincide con cálculo,SI
612,LEGACY-612,Subtotal no coincide con cálculo,SI
613,120820-26,Total no coincide con cálculo,SI
613,120820-26,Subtotal no coincide con cálculo,SI
614,32421-25,Total no coincide con cálculo,SI
614,32421-25,Subtotal no coincide con cálculo,SI
615,10275-2026,DNI faltante,SI
615,10275-2026,Total no coincide con cálculo,SI
615,10275-2026,Subtotal no coincide con cálculo,SI
616,10275-2026,DNI faltante,SI
616,10275-2026,Total no coincide con cálculo,SI
616,10275-2026,Subtotal no coincide con cálculo,SI
617,111435-26,Total no coincide con cálculo,SI
618,23213-25,Total no coincide con cálculo,SI
618,23213-25,Subtotal no coincide con cálculo,SI
618,23213-25,Porcentaje no coincide con cálculo,SI
619,113518-26,DNI faltante,SI
620,LEGACY-620,DNI faltante,SI
621,LEGACY-621,DNI faltante,SI
621,LEGACY-621,Total no coincide con cálculo,SI
621,LEGACY-621,Subtotal no coincide con cálculo,SI
623,LEGACY-623,Total no coincide con cálculo,SI
623,LEGACY-623,Subtotal no coincide con cálculo,SI
624,57733-26,Total no coincide con cálculo,SI
624,57733-26,Subtotal no coincide con cálculo,SI
625,12590-2026,DNI faltante,SI
626,211119-25,DNI faltante,SI
626,211119-25,Total no coincide con cálculo,SI
626,211119-25,Subtotal no coincide con cálculo,SI
626,211119-25,Porcentaje no coincide con cálculo,SI
627,211119-25,DNI faltante,SI
627,211119-25,Total no coincide con cálculo,SI
627,211119-25,Subtotal no coincide con cálculo,SI
627,211119-25,Porcentaje no coincide con cálculo,SI
628,211119-25,DNI faltante,SI
628,211119-25,Total no coincide con cálculo,SI
628,211119-25,Subtotal no coincide con cálculo,SI
628,211119-25,Porcentaje no coincide con cálculo,SI
629,LEGACY-629,DNI faltante,SI
630,3874-2026,DNI faltante,SI
630,3874-2026,Total no coincide con cálculo,SI
630,3874-2026,Subtotal no coincide con cálculo,SI
631,4142-2026,DNI faltante,SI
632,133162-26,DNI faltante,SI
632,133162-26,Total no coincide con cálculo,SI
632,133162-26,Subtotal no coincide con cálculo,SI
633,LEGACY-633,DNI faltante,SI
633,LEGACY-633,Total no coincide con cálculo,SI
633,LEGACY-633,Subtotal no coincide con cálculo,SI
634,LEGACY-634,DNI faltante,SI
634,LEGACY-634,Total no coincide con cálculo,SI
634,LEGACY-634,Subtotal no coincide con cálculo,SI
635,LEGACY-635,DNI faltante,SI
636,16047-2026,DNI faltante,SI
637,LEGACY-637,DNI faltante,SI
638,LEGACY-638,DNI faltante,SI
639,3208.2026,DNI faltante,SI
639,3208.2026,Total no coincide con cálculo,SI
639,3208.2026,Subtotal no coincide con cálculo,SI
640,LEGACY-640,DNI faltante,SI
640,LEGACY-640,Total no coincide con cálculo,SI
640,LEGACY-640,Subtotal no coincide con cálculo,SI
641,LEGACY-641,DNI faltante,SI
642,31600-26,DNI faltante,SI
642,31600-26,Total no coincide con cálculo,SI
642,31600-26,Subtotal no coincide con cálculo,SI
642,31600-26,Porcentaje no coincide con cálculo,SI
643,31600-26,DNI faltante,SI
643,31600-26,Total no coincide con cálculo,SI
643,31600-26,Subtotal no coincide con cálculo,SI
643,31600-26,Porcentaje no coincide con cálculo,SI
644,31600-26,DNI faltante,SI
644,31600-26,Total no coincide con cálculo,SI
644,31600-26,Subtotal no coincide con cálculo,SI
644,31600-26,Porcentaje no coincide con cálculo,SI
645,07202-2026,Total no coincide con cálculo,SI
645,07202-2026,Subtotal no coincide con cálculo,SI
646,LEGACY-646,DNI faltante,SI
646,LEGACY-646,Total no coincide con cálculo,SI
646,LEGACY-646,Subtotal no coincide con cálculo,SI
647,LEGACY-647,DNI faltante,SI
648,LEGACY-648,Total no coincide con cálculo,SI
648,LEGACY-648,Subtotal no coincide con cálculo,SI
649,15336-2026,DNI faltante,SI
649,15336-2026,Total no coincide con cálculo,SI
649,15336-2026,Subtotal no coincide con cálculo,SI
651,104364-26,Total no coincide con cálculo,SI
651,104364-26,Subtotal no coincide con cálculo,SI
652,LEGACY-652,DNI faltante,SI
653,LEGACY-653,DNI faltante,SI
654,LEGACY-654,DNI faltante,SI
655,3475-2026,DNI faltante,SI
655,3475-2026,Total no coincide con cálculo,SI
655,3475-2026,Subtotal no coincide con cálculo,SI
656,057-2026,DNI faltante,SI
656,057-2026,Total no coincide con cálculo,SI
656,057-2026,Subtotal no coincide con cálculo,SI
657,LEGACY-657,DNI faltante,SI
658,,ERROR: RAZONSOCIAL/NOMBRE is empty,NO
659,117512-26,DNI faltante,SI
660,LEGACY-660,DNI faltante,SI
661,35031-2026,DNI faltante,SI
663,LEGACY-663,DNI faltante,SI
663,LEGACY-663,Total no coincide con cálculo,SI
663,LEGACY-663,Subtotal no coincide con cálculo,SI
664,005572-26,Total no coincide con cálculo,SI
664,005572-26,Subtotal no coincide con cálculo,SI
664,005572-26,Porcentaje no coincide con cálculo,SI
665,005572-26,Total no coincide con cálculo,SI
665,005572-26,Subtotal no coincide con cálculo,SI
665,005572-26,Porcentaje no coincide con cálculo,SI
666,LEGACY-666,DNI faltante,SI
667,LEGACY-667,DNI faltante,SI
667,LEGACY-667,Total no coincide con cálculo,SI
667,LEGACY-667,Subtotal no coincide con cálculo,SI
668,LEGACY-668,DNI faltante,SI
669,LEGACY-669,Total no coincide con cálculo,SI
669,LEGACY-669,Subtotal no coincide con cálculo,SI
670,2890-2026,DNI faltante,SI
670,2890-2026,Total no coincide con cálculo,SI
670,2890-2026,Subtotal no coincide con cálculo,SI
671,2890-2026,DNI faltante,SI
671,2890-2026,Total no coincide con cálculo,SI
671,2890-2026,Subtotal no coincide con cálculo,SI
672,,ERROR: RAZONSOCIAL/NOMBRE is empty,NO
675,LEGACY-675,Total no coincide con cálculo,SI
675,LEGACY-675,Subtotal no coincide con cálculo,SI
677,8045-2017,DNI faltante,SI
677,8045-2017,Total no coincide con cálculo,SI
677,8045-2017,Subtotal no coincide con cálculo,SI
677,8045-2017,Porcentaje no coincide con cálculo,SI
678,LEGACY-678,DNI faltante,SI
679,LEGACY-679,DNI faltante,SI
680,112551-26,DNI faltante,SI
682,123399-25,Total no coincide con cálculo,SI
682,123399-25,Subtotal no coincide con cálculo,SI
682,123399-25,Porcentaje no coincide con cálculo,SI
683,3538-2026,Total no coincide con cálculo,SI
683,3538-2026,Subtotal no coincide con cálculo,SI
684,4647-2026,Total no coincide con cálculo,SI
684,4647-2026,Subtotal no coincide con cálculo,SI
684,4647-2026,Porcentaje no coincide con cálculo,SI
687,24245-2026,DNI faltante,SI
687,24245-2026,Total no coincide con cálculo,SI
687,24245-2026,Subtotal no coincide con cálculo,SI
688,04458-2021,DNI faltante,SI
688,04458-2021,Total no coincide con cálculo,SI
688,04458-2021,Subtotal no coincide con cálculo,SI
688,04458-2021,Porcentaje no coincide con cálculo,SI
689,04458-2021,DNI faltante,SI
689,04458-2021,Total no coincide con cálculo,SI
689,04458-2021,Subtotal no coincide con cálculo,SI
689,04458-2021,Porcentaje no coincide con cálculo,SI
690,04458-2021,DNI faltante,SI
690,04458-2021,Total no coincide con cálculo,SI
690,04458-2021,Subtotal no coincide con cálculo,SI
690,04458-2021,Porcentaje no coincide con cálculo,SI
691,21906-26,DNI faltante,SI
692,LEGACY-692,Total no coincide con cálculo,SI
692,LEGACY-692,Subtotal no coincide con cálculo,SI
694,,ERROR: RAZONSOCIAL/NOMBRE is empty,NO
695,LEGACY-695,DNI faltante,SI
696,4906-2025,Total no coincide con cálculo,SI
696,4906-2025,Subtotal no coincide con cálculo,SI
696,4906-2025,Porcentaje no coincide con cálculo,SI
698,LEGACY-698,DNI faltante,SI
699,21344-2026,DNI faltante,SI
700,41924-2026,DNI faltante,SI
701,41914-2026,DNI faltante,SI
703,29391-25,DNI faltante,SI
703,29391-25,Total no coincide con cálculo,SI
703,29391-25,Subtotal no coincide con cálculo,SI
703,29391-25,Porcentaje no coincide con cálculo,SI
704,47819-2026,Total no coincide con cálculo,SI
704,47819-2026,Subtotal no coincide con cálculo,SI
704,47819-2026,Porcentaje no coincide con cálculo,SI
705,47819-2026,Total no coincide con cálculo,SI
705,47819-2026,Subtotal no coincide con cálculo,SI
705,47819-2026,Porcentaje no coincide con cálculo,SI
706,3635-2026,DNI faltante,SI
707,,ERROR: RAZONSOCIAL/NOMBRE is empty,NO
708,6978-2025,DNI faltante,SI
708,6978-2025,Total no coincide con cálculo,SI
708,6978-2025,Subtotal no coincide con cálculo,SI
708,6978-2025,Porcentaje no coincide con cálculo,SI
709,6978-2025,DNI faltante,SI
709,6978-2025,Total no coincide con cálculo,SI
709,6978-2025,Subtotal no coincide con cálculo,SI
709,6978-2025,Porcentaje no coincide con cálculo,SI
710,6978-2025,DNI faltante,SI
710,6978-2025,Total no coincide con cálculo,SI
710,6978-2025,Subtotal no coincide con cálculo,SI
710,6978-2025,Porcentaje no coincide con cálculo,SI
711,LEGACY-711,DNI faltante,SI
711,LEGACY-711,Total no coincide con cálculo,SI
711,LEGACY-711,Subtotal no coincide con cálculo,SI
711,LEGACY-711,Porcentaje no coincide con cálculo,SI
712,LEGACY-712,DNI faltante,SI
712,LEGACY-712,Total no coincide con cálculo,SI
712,LEGACY-712,Subtotal no coincide con cálculo,SI
712,LEGACY-712,Porcentaje no coincide con cálculo,SI
713,8097-2025,Porcentaje no coincide con cálculo,SI
714,8097-2025,Porcentaje no coincide con cálculo,SI
715,LEGACY-715,DNI faltante,SI
716,14005-25,DNI faltante,SI
716,14005-25,Total no coincide con cálculo,SI
716,14005-25,Subtotal no coincide con cálculo,SI
716,14005-25,Porcentaje no coincide con cálculo,SI
717,3544-2026,DNI faltante,SI
718,4968-2025,DNI faltante,SI
718,4968-2025,Total no coincide con cálculo,SI
718,4968-2025,Subtotal no coincide con cálculo,SI
718,4968-2025,Porcentaje no coincide con cálculo,SI
719,2353-2026,DNI faltante,SI
719,2353-2026,Total no coincide con cálculo,SI
719,2353-2026,Subtotal no coincide con cálculo,SI
719,2353-2026,Porcentaje no coincide con cálculo,SI
720,2917-2026,DNI faltante,SI
720,2917-2026,Total no coincide con cálculo,SI
720,2917-2026,Subtotal no coincide con cálculo,SI
720,2917-2026,Porcentaje no coincide con cálculo,SI
721,2917-2026,DNI faltante,SI
721,2917-2026,Total no coincide con cálculo,SI
721,2917-2026,Subtotal no coincide con cálculo,SI
721,2917-2026,Porcentaje no coincide con cálculo,SI
722,,ERROR: RAZONSOCIAL/NOMBRE is empty,NO
724,E012610441,DNI faltante,SI
725,LEGACY-725,DNI faltante,SI
727,,ERROR: RAZONSOCIAL/NOMBRE is empty,NO
728,124844-23,DNI faltante,SI
728,124844-23,Total no coincide con cálculo,SI
728,124844-23,Subtotal no coincide con cálculo,SI
728,124844-23,Porcentaje no coincide con cálculo,SI
729,124844-23,DNI faltante,SI
729,124844-23,Total no coincide con cálculo,SI
729,124844-23,Subtotal no coincide con cálculo,SI
729,124844-23,Porcentaje no coincide con cálculo,SI
730,LEGACY-730,DNI faltante,SI
731,124844-23,DNI faltante,SI
731,124844-23,Total no coincide con cálculo,SI
731,124844-23,Subtotal no coincide con cálculo,SI
731,124844-23,Porcentaje no coincide con cálculo,SI
733,101329.26,DNI faltante,SI
733,101329.26,Total no coincide con cálculo,SI
733,101329.26,Subtotal no coincide con cálculo,SI
733,101329.26,Porcentaje no coincide con cálculo,SI
734,15355-2026,DNI faltante,SI
735,LEGACY-735,DNI faltante,SI
735,LEGACY-735,Total no coincide con cálculo,SI
735,LEGACY-735,Subtotal no coincide con cálculo,SI
736,3543-2026,DNI faltante,SI
738,LEGACY-738,DNI faltante,SI
738,LEGACY-738,Total no coincide con cálculo,SI
738,LEGACY-738,Subtotal no coincide con cálculo,SI
739,21862-26,DNI faltante,SI
739,21862-26,Total no coincide con cálculo,SI
739,21862-26,Subtotal no coincide con cálculo,SI
741,LEGACY-741,Total no coincide con cálculo,SI
741,LEGACY-741,Subtotal no coincide con cálculo,SI
742,LEGACY-742,Total no coincide con cálculo,SI
744,LEGACY-744,Total no coincide con cálculo,SI
744,LEGACY-744,Subtotal no coincide con cálculo,SI
745,08861-26,DNI faltante,SI
745,08861-26,Total no coincide con cálculo,SI
745,08861-26,Subtotal no coincide con cálculo,SI
746,LEGACY-746,DNI faltante,SI
746,LEGACY-746,Total no coincide con cálculo,SI
746,LEGACY-746,Subtotal no coincide con cálculo,SI
747,LEGACY-747,Total no coincide con cálculo,SI
747,LEGACY-747,Subtotal no coincide con cálculo,SI
748,LEGACY-748,Total no coincide con cálculo,SI
748,LEGACY-748,Subtotal no coincide con cálculo,SI
749,E-926-2026,DNI faltante,SI
749,E-926-2026,Total no coincide con cálculo,SI
749,E-926-2026,Subtotal no coincide con cálculo,SI
750,LEGACY-750,DNI faltante,SI
751,LEGACY-751,DNI faltante,SI
752,9712-2025,DNI faltante,SI
752,9712-2025,Total no coincide con cálculo,SI
752,9712-2025,Subtotal no coincide con cálculo,SI
754,88211-26,DNI faltante,SI
755,LEGACY-755,Total no coincide con cálculo,SI
755,LEGACY-755,Subtotal no coincide con cálculo,SI
759,E012609452,Total no coincide con cálculo,SI
761,017846-25,DNI faltante,SI
761,017846-25,Total no coincide con cálculo,SI
761,017846-25,Subtotal no coincide con cálculo,SI
763,964-2026,DNI faltante,SI
765,4047-2026,DNI faltante,SI
765,4047-2026,Total no coincide con cálculo,SI
765,4047-2026,Subtotal no coincide con cálculo,SI
766,4047-2026,DNI faltante,SI
766,4047-2026,Total no coincide con cálculo,SI
766,4047-2026,Subtotal no coincide con cálculo,SI
767,22672-24,Total no coincide con cálculo,SI
767,22672-24,Subtotal no coincide con cálculo,SI
770,LEGACY-770,DNI faltante,SI
772,8722-25,DNI faltante,SI
772,8722-25,Total no coincide con cálculo,SI
772,8722-25,Subtotal no coincide con cálculo,SI
773,8722-25,DNI faltante,SI
773,8722-25,Total no coincide con cálculo,SI
773,8722-25,Subtotal no coincide con cálculo,SI
774,8722-25,DNI faltante,SI
774,8722-25,Total no coincide con cálculo,SI
774,8722-25,Subtotal no coincide con cálculo,SI
775,LEGACY-775,DNI faltante,SI
776,,ERROR: RAZONSOCIAL/NOMBRE is empty,NO
777,9481-2025,DNI faltante,SI
777,9481-2025,Total no coincide con cálculo,SI
777,9481-2025,Subtotal no coincide con cálculo,SI
778,LEGACY-778,Total no coincide con cálculo,SI
778,LEGACY-778,Subtotal no coincide con cálculo,SI
779,5519-2025,DNI faltante,SI
779,5519-2025,Total no coincide con cálculo,SI
779,5519-2025,Subtotal no coincide con cálculo,SI
780,5519-2025,DNI faltante,SI
780,5519-2025,Total no coincide con cálculo,SI
780,5519-2025,Subtotal no coincide con cálculo,SI
781,5519-2025,DNI faltante,SI
781,5519-2025,Total no coincide con cálculo,SI
781,5519-2025,Subtotal no coincide con cálculo,SI
782,LEGACY-782,DNI faltante,SI
783,9421-2025,DNI faltante,SI
783,9421-2025,Total no coincide con cálculo,SI
783,9421-2025,Subtotal no coincide con cálculo,SI
784,9421-2025,DNI faltante,SI
784,9421-2025,Total no coincide con cálculo,SI
784,9421-2025,Subtotal no coincide con cálculo,SI
785,9421-2025,DNI faltante,SI
785,9421-2025,Total no coincide con cálculo,SI
785,9421-2025,Subtotal no coincide con cálculo,SI
786,28072-2025,DNI faltante,SI
786,28072-2025,Total no coincide con cálculo,SI
786,28072-2025,Subtotal no coincide con cálculo,SI
787,28072-2025,DNI faltante,SI
787,28072-2025,Total no coincide con cálculo,SI
787,28072-2025,Subtotal no coincide con cálculo,SI
788,28072-2025,DNI faltante,SI
788,28072-2025,Total no coincide con cálculo,SI
788,28072-2025,Subtotal no coincide con cálculo,SI
789,23788-2026,Total no coincide con cálculo,SI
789,23788-2026,Subtotal no coincide con cálculo,SI
790,LEGACY-790,DNI faltante,SI
792,10249-2026,Total no coincide con cálculo,SI
793,5587-2025,DNI faltante,SI
793,5587-2025,Total no coincide con cálculo,SI
793,5587-2025,Subtotal no coincide con cálculo,SI
795,LEGACY-795,DNI faltante,SI
796,3784-2026,DNI faltante,SI
796,3784-2026,Total no coincide con cálculo,SI
796,3784-2026,Subtotal no coincide con cálculo,SI
797,3475-2026,DNI faltante,SI
797,3475-2026,Total no coincide con cálculo,SI
797,3475-2026,Subtotal no coincide con cálculo,SI
798,5230-2026,DNI faltante,SI
798,5230-2026,Total no coincide con cálculo,SI
798,5230-2026,Subtotal no coincide con cálculo,SI
800,E-06231-26,DNI faltante,SI
801,44581-2026,DNI faltante,SI
802,LEGACY-802,DNI faltante,SI
802,LEGACY-802,Total no coincide con cálculo,SI
802,LEGACY-802,Subtotal no coincide con cálculo,SI
803,6143-2025,Total no coincide con cálculo,SI
803,6143-2025,Subtotal no coincide con cálculo,SI
804,6143-2025,Total no coincide con cálculo,SI
804,6143-2025,Subtotal no coincide con cálculo,SI
805,6143-2025,Total no coincide con cálculo,SI
805,6143-2025,Subtotal no coincide con cálculo,SI
806,13855-20,DNI faltante,SI
806,13855-20,NROREV anómalo: 7,SI
806,13855-20,Total no coincide con cálculo,SI
806,13855-20,Subtotal no coincide con cálculo,SI
807,13855-20,DNI faltante,SI
807,13855-20,Total no coincide con cálculo,SI
807,13855-20,Subtotal no coincide con cálculo,SI
808,13855-20,DNI faltante,SI
808,13855-20,Total no coincide con cálculo,SI
808,13855-20,Subtotal no coincide con cálculo,SI
809,4967-2025,DNI faltante,SI
809,4967-2025,Total no coincide con cálculo,SI
809,4967-2025,Subtotal no coincide con cálculo,SI
810,2503-2025,DNI faltante,SI
810,2503-2025,Total no coincide con cálculo,SI
810,2503-2025,Subtotal no coincide con cálculo,SI
811,6679-2024,DNI faltante,SI
811,6679-2024,Total no coincide con cálculo,SI
811,6679-2024,Subtotal no coincide con cálculo,SI
812,6679-2024,DNI faltante,SI
812,6679-2024,Total no coincide con cálculo,SI
812,6679-2024,Subtotal no coincide con cálculo,SI
813,22263-25,DNI faltante,SI
813,22263-25,Total no coincide con cálculo,SI
813,22263-25,Subtotal no coincide con cálculo,SI
814,22263-25,DNI faltante,SI
814,22263-25,Total no coincide con cálculo,SI
814,22263-25,Subtotal no coincide con cálculo,SI
815,22263-25,DNI faltante,SI
815,22263-25,Total no coincide con cálculo,SI
815,22263-25,Subtotal no coincide con cálculo,SI
816,32349-25,DNI faltante,SI
817,54333-25,DNI faltante,SI
817,54333-25,Total no coincide con cálculo,SI
817,54333-25,Subtotal no coincide con cálculo,SI
818,4967-2025,DNI faltante,SI
818,4967-2025,Total no coincide con cálculo,SI
818,4967-2025,Subtotal no coincide con cálculo,SI
819,4967-2025,DNI faltante,SI
819,4967-2025,Total no coincide con cálculo,SI
819,4967-2025,Subtotal no coincide con cálculo,SI
820,101909-25,DNI faltante,SI
820,101909-25,Total no coincide con cálculo,SI
820,101909-25,Subtotal no coincide con cálculo,SI
821,9817-2026,DNI faltante,SI
822,2786-2025,DNI faltante,SI
822,2786-2025,Total no coincide con cálculo,SI
822,2786-2025,Subtotal no coincide con cálculo,SI
823,4233-25,DNI faltante,SI
824,39763-25,DNI faltante,SI
824,39763-25,Total no coincide con cálculo,SI
824,39763-25,Subtotal no coincide con cálculo,SI
826,18183-26,DNI faltante,SI
827,100778-26,DNI faltante,SI
827,100778-26,Total no coincide con cálculo,SI
827,100778-26,Subtotal no coincide con cálculo,SI
828,LEGACY-828,DNI faltante,SI
828,LEGACY-828,Total no coincide con cálculo,SI
828,LEGACY-828,Subtotal no coincide con cálculo,SI
829,3156-2026,DNI faltante,SI
830,E-02992-26,Total no coincide con cálculo,SI
830,E-02992-26,Subtotal no coincide con cálculo,SI
832,28072-2025,DNI faltante,SI
832,28072-2025,NROREV anómalo: 7,SI
832,28072-2025,Total no coincide con cálculo,SI
832,28072-2025,Subtotal no coincide con cálculo,SI
833,28072-2025,DNI faltante,SI
833,28072-2025,Total no coincide con cálculo,SI
833,28072-2025,Subtotal no coincide con cálculo,SI
834,28072-2025,DNI faltante,SI
834,28072-2025,Total no coincide con cálculo,SI
834,28072-2025,Subtotal no coincide con cálculo,SI
836,E-02614-26,DNI faltante,SI
837,5288-2025,DNI faltante,SI
837,5288-2025,Total no coincide con cálculo,SI
837,5288-2025,Subtotal no coincide con cálculo,SI
838,LEGACY-838,DNI faltante,SI
839,9223-2025,DNI faltante,SI
839,9223-2025,Total no coincide con cálculo,SI
839,9223-2025,Subtotal no coincide con cálculo,SI
840,LEGACY-840,Total no coincide con cálculo,SI
840,LEGACY-840,Subtotal no coincide con cálculo,SI
841,LEGACY-841,DNI faltante,SI
842,LEGACY-842,DNI faltante,SI
842,LEGACY-842,Total no coincide con cálculo,SI
842,LEGACY-842,Subtotal no coincide con cálculo,SI
843,13227-26,DNI faltante,SI
844,24133-26,DNI faltante,SI
845,17360-26,Total no coincide con cálculo,SI
845,17360-26,Subtotal no coincide con cálculo,SI
848,LEGACY-848,DNI faltante,SI
849,12369-2026,DNI faltante,SI
849,12369-2026,Total no coincide con cálculo,SI
849,12369-2026,Subtotal no coincide con cálculo,SI
850,82947-26,Total no coincide con cálculo,SI
850,82947-26,Subtotal no coincide con cálculo,SI
851,LEGACY-851,DNI faltante,SI
851,LEGACY-851,Total no coincide con cálculo,SI
851,LEGACY-851,Subtotal no coincide con cálculo,SI
853,LEGACY-853,DNI faltante,SI
853,LEGACY-853,Total no coincide con cálculo,SI
855,40293-25,DNI faltante,SI
855,40293-25,Total no coincide con cálculo,SI
855,40293-25,Subtotal no coincide con cálculo,SI
856,111610-26,DNI faltante,SI
859,017846-25,DNI faltante,SI
859,017846-25,Total no coincide con cálculo,SI
859,017846-25,Subtotal no coincide con cálculo,SI
861,LEGACY-861,DNI faltante,SI
862,230372-23,DNI faltante,SI
862,230372-23,Total no coincide con cálculo,SI
862,230372-23,Subtotal no coincide con cálculo,SI
863,230372-23,DNI faltante,SI
863,230372-23,Total no coincide con cálculo,SI
863,230372-23,Subtotal no coincide con cálculo,SI
864,230372-23,DNI faltante,SI
864,230372-23,Total no coincide con cálculo,SI
864,230372-23,Subtotal no coincide con cálculo,SI
865,254734-25,DNI faltante,SI
866,9609-2025,DNI faltante,SI
866,9609-2025,Total no coincide con cálculo,SI
866,9609-2025,Subtotal no coincide con cálculo,SI
867,716-2026,DNI faltante,SI
867,716-2026,Total no coincide con cálculo,SI
867,716-2026,Subtotal no coincide con cálculo,SI
868,16948-23,Total no coincide con cálculo,SI
868,16948-23,Subtotal no coincide con cálculo,SI
869,6858-2026,DNI faltante,SI
869,6858-2026,Total no coincide con cálculo,SI
869,6858-2026,Subtotal no coincide con cálculo,SI
870,2880-2026,Total no coincide con cálculo,SI
870,2880-2026,Subtotal no coincide con cálculo,SI
872,47214-25,DNI faltante,SI
872,47214-25,Total no coincide con cálculo,SI
872,47214-25,Subtotal no coincide con cálculo,SI
873,6082-2026,DNI faltante,SI
873,6082-2026,Total no coincide con cálculo,SI
873,6082-2026,Subtotal no coincide con cálculo,SI
874,20291-26,DNI faltante,SI
875,E-23260-25,Total no coincide con cálculo,SI
875,E-23260-25,Subtotal no coincide con cálculo,SI
876,6661-25,DNI faltante,SI
876,6661-25,Total no coincide con cálculo,SI
876,6661-25,Subtotal no coincide con cálculo,SI
878,E-01265-26,Total no coincide con cálculo,SI
878,E-01265-26,Subtotal no coincide con cálculo,SI
881,3408-2026,DNI faltante,SI
881,3408-2026,Total no coincide con cálculo,SI
881,3408-2026,Subtotal no coincide con cálculo,SI
882,3408-2026,DNI faltante,SI
882,3408-2026,Total no coincide con cálculo,SI
882,3408-2026,Subtotal no coincide con cálculo,SI
883,3408-2026,DNI faltante,SI
883,3408-2026,Total no coincide con cálculo,SI
883,3408-2026,Subtotal no coincide con cálculo,SI
886,07119-2026,DNI faltante,SI
887,129101-25,DNI faltante,SI
887,129101-25,Total no coincide con cálculo,SI
887,129101-25,Subtotal no coincide con cálculo,SI
888,8992-2025,DNI faltante,SI
888,8992-2025,Total no coincide con cálculo,SI
888,8992-2025,Subtotal no coincide con cálculo,SI
889,LEGACY-889,DNI faltante,SI
890,110029-26,DNI faltante,SI
891,9653-2026,DNI faltante,SI
891,9653-2026,Total no coincide con cálculo,SI
891,9653-2026,Subtotal no coincide con cálculo,SI
892,9653-26,DNI faltante,SI
892,9653-26,Total no coincide con cálculo,SI
892,9653-26,Subtotal no coincide con cálculo,SI
893,9653-2026,DNI faltante,SI
893,9653-2026,Total no coincide con cálculo,SI
893,9653-2026,Subtotal no coincide con cálculo,SI
894,3682-2025,DNI faltante,SI
894,3682-2025,Total no coincide con cálculo,SI
894,3682-2025,Subtotal no coincide con cálculo,SI
895,3682-2025,DNI faltante,SI
895,3682-2025,Total no coincide con cálculo,SI
895,3682-2025,Subtotal no coincide con cálculo,SI
896,3682-2025,DNI faltante,SI
896,3682-2025,Total no coincide con cálculo,SI
896,3682-2025,Subtotal no coincide con cálculo,SI
898,6557-2026,Total no coincide con cálculo,SI
898,6557-2026,Subtotal no coincide con cálculo,SI
899,43907-25,DNI faltante,SI
899,43907-25,Total no coincide con cálculo,SI
899,43907-25,Subtotal no coincide con cálculo,SI
900,101651-25,DNI faltante,SI
900,101651-25,Total no coincide con cálculo,SI
900,101651-25,Subtotal no coincide con cálculo,SI
901,101651-25,DNI faltante,SI
901,101651-25,Total no coincide con cálculo,SI
901,101651-25,Subtotal no coincide con cálculo,SI
903,16908-2026,DNI faltante,SI
904,LEGACY-904,Total no coincide con cálculo,SI
904,LEGACY-904,Subtotal no coincide con cálculo,SI
905,1904-2025,DNI faltante,SI
905,1904-2025,Total no coincide con cálculo,SI
905,1904-2025,Subtotal no coincide con cálculo,SI
906,1904-2025,DNI faltante,SI
906,1904-2025,Total no coincide con cálculo,SI
906,1904-2025,Subtotal no coincide con cálculo,SI
907,18766-24,Total no coincide con cálculo,SI
907,18766-24,Subtotal no coincide con cálculo,SI
908,18766-24,Total no coincide con cálculo,SI
908,18766-24,Subtotal no coincide con cálculo,SI
909,18766-24,Total no coincide con cálculo,SI
909,18766-24,Subtotal no coincide con cálculo,SI
910,1748-2026,DNI faltante,SI
910,1748-2026,Total no coincide con cálculo,SI
910,1748-2026,Subtotal no coincide con cálculo,SI
911,467-2026,DNI faltante,SI
911,467-2026,Total no coincide con cálculo,SI
911,467-2026,Subtotal no coincide con cálculo,SI
912,E-1994-21,DNI faltante,SI
912,E-1994-21,Total no coincide con cálculo,SI
912,E-1994-21,Subtotal no coincide con cálculo,SI
913,E-1994-21,DNI faltante,SI
913,E-1994-21,Total no coincide con cálculo,SI
913,E-1994-21,Subtotal no coincide con cálculo,SI
914,124548-24,DNI faltante,SI
914,124548-24,Total no coincide con cálculo,SI
914,124548-24,Subtotal no coincide con cálculo,SI
915,124548-24,DNI faltante,SI
915,124548-24,Total no coincide con cálculo,SI
915,124548-24,Subtotal no coincide con cálculo,SI
917,3360-2026,DNI faltante,SI
919,964-2026,DNI faltante,SI
921,LEGACY-921,DNI faltante,SI
922,E-05224-26,Total no coincide con cálculo,SI
922,E-05224-26,Subtotal no coincide con cálculo,SI
923,20590-25,DNI faltante,SI
923,20590-25,Total no coincide con cálculo,SI
923,20590-25,Subtotal no coincide con cálculo,SI
924,04508-21,DNI faltante,SI
924,04508-21,Total no coincide con cálculo,SI
924,04508-21,Subtotal no coincide con cálculo,SI
925,20590-25,DNI faltante,SI
925,20590-25,Total no coincide con cálculo,SI
925,20590-25,Subtotal no coincide con cálculo,SI
926,017846-25,DNI faltante,SI
926,017846-25,Total no coincide con cálculo,SI
926,017846-25,Subtotal no coincide con cálculo,SI
927,04774-26,DNI faltante,SI
928,16352-2026,DNI faltante,SI
930,9083-2026,DNI faltante,SI
931,LEGACY-931,DNI faltante,SI
932,00455-2026,DNI faltante,SI
932,00455-2026,Total no coincide con cálculo,SI
932,00455-2026,Subtotal no coincide con cálculo,SI
933,5254-2025,DNI faltante,SI
933,5254-2025,Total no coincide con cálculo,SI
933,5254-2025,Subtotal no coincide con cálculo,SI
934,5254-2025,DNI faltante,SI
934,5254-2025,Total no coincide con cálculo,SI
934,5254-2025,Subtotal no coincide con cálculo,SI
935,E32434-25,Total no coincide con cálculo,SI
935,E32434-25,Subtotal no coincide con cálculo,SI
937,116284-25,Total no coincide con cálculo,SI
937,116284-25,Subtotal no coincide con cálculo,SI
939,1500-2026,Total no coincide con cálculo,SI
939,1500-2026,Subtotal no coincide con cálculo,SI
940,LEGACY-940,Total no coincide con cálculo,SI
940,LEGACY-940,Subtotal no coincide con cálculo,SI
941,11381-26,DNI faltante,SI
941,11381-26,Total no coincide con cálculo,SI
941,11381-26,Subtotal no coincide con cálculo,SI
944,27540-26,DNI faltante,SI
945,2530-2026,DNI faltante,SI
947,LEGACY-947,DNI faltante,SI
948,108593-26,DNI faltante,SI
948,108593-26,Total no coincide con cálculo,SI
948,108593-26,Subtotal no coincide con cálculo,SI
950,LEGACY-950,DNI faltante,SI
951,1483-2025,Total no coincide con cálculo,SI
951,1483-2025,Subtotal no coincide con cálculo,SI
952,E012606846,DNI faltante,SI
954,LEGACY-954,DNI faltante,SI
954,LEGACY-954,Total no coincide con cálculo,SI
954,LEGACY-954,Subtotal no coincide con cálculo,SI
955,13807-24,DNI faltante,SI
955,13807-24,Total no coincide con cálculo,SI
955,13807-24,Subtotal no coincide con cálculo,SI
957,108316-26,DNI faltante,SI
958,22860-25,Total no coincide con cálculo,SI
958,22860-25,Subtotal no coincide con cálculo,SI
959,0060210-26,Total no coincide con cálculo,SI
959,0060210-26,Subtotal no coincide con cálculo,SI
961,LEGACY-961,DNI faltante,SI
962,9119-2024,DNI faltante,SI
962,9119-2024,Total no coincide con cálculo,SI
962,9119-2024,Subtotal no coincide con cálculo,SI
965,18918-25,DNI faltante,SI
965,18918-25,Total no coincide con cálculo,SI
965,18918-25,Subtotal no coincide con cálculo,SI
966,18918-25,DNI faltante,SI
966,18918-25,Total no coincide con cálculo,SI
966,18918-25,Subtotal no coincide con cálculo,SI
967,18918-25,DNI faltante,SI
967,18918-25,Total no coincide con cálculo,SI
967,18918-25,Subtotal no coincide con cálculo,SI
968,19064-25,DNI faltante,SI
968,19064-25,Total no coincide con cálculo,SI
968,19064-25,Subtotal no coincide con cálculo,SI
969,19064-25,DNI faltante,SI
969,19064-25,Total no coincide con cálculo,SI
969,19064-25,Subtotal no coincide con cálculo,SI
970,19064-25,DNI faltante,SI
970,19064-25,Total no coincide con cálculo,SI
970,19064-25,Subtotal no coincide con cálculo,SI
971,32878-25,DNI faltante,SI
971,32878-25,Total no coincide con cálculo,SI
971,32878-25,Subtotal no coincide con cálculo,SI
973,E30616-25,Total no coincide con cálculo,SI
973,E30616-25,Subtotal no coincide con cálculo,SI
974,LEGACY-974,DNI faltante,SI
976,LEGACY-976,DNI faltante,SI
977,LEGACY-977,DNI faltante,SI
978,E-926-2026,DNI faltante,SI
978,E-926-2026,Total no coincide con cálculo,SI
978,E-926-2026,Subtotal no coincide con cálculo,SI
981,108464-26,DNI faltante,SI
981,108464-26,Total no coincide con cálculo,SI
981,108464-26,Subtotal no coincide con cálculo,SI
982,9559-2025,DNI faltante,SI
982,9559-2025,Total no coincide con cálculo,SI
984,67667-23,DNI faltante,SI
984,67667-23,Total no coincide con cálculo,SI
984,67667-23,Subtotal no coincide con cálculo,SI
985,67667-23,DNI faltante,SI
985,67667-23,Total no coincide con cálculo,SI
985,67667-23,Subtotal no coincide con cálculo,SI
986,67667-23,DNI faltante,SI
986,67667-23,Total no coincide con cálculo,SI
986,67667-23,Subtotal no coincide con cálculo,SI
987,2601.2026,DNI faltante,SI
987,2601.2026,Total no coincide con cálculo,SI
987,2601.2026,Subtotal no coincide con cálculo,SI
988,E-4009-25,Total no coincide con cálculo,SI
988,E-4009-25,Subtotal no coincide con cálculo,SI
989,101329-26,DNI faltante,SI
990,LEGACY-990,DNI faltante,SI
991,10669-26,DNI faltante,SI
992,9353-2025,DNI faltante,SI
992,9353-2025,Total no coincide con cálculo,SI
992,9353-2025,Subtotal no coincide con cálculo,SI
993,21754-2026,Total no coincide con cálculo,SI
993,21754-2026,Subtotal no coincide con cálculo,SI
994,9353-2025,DNI faltante,SI
994,9353-2025,Total no coincide con cálculo,SI
994,9353-2025,Subtotal no coincide con cálculo,SI
995,LEGACY-995,DNI faltante,SI
995,LEGACY-995,Total no coincide con cálculo,SI
995,LEGACY-995,Subtotal no coincide con cálculo,SI
996,LEGACY-996,DNI faltante,SI
996,LEGACY-996,Total no coincide con cálculo,SI
996,LEGACY-996,Subtotal no coincide con cálculo,SI
997,2353-2026,DNI faltante,SI
998,108180-26,DNI faltante,SI
999,107503-26,DNI faltante,SI
1001,21556-25,DNI faltante,SI
1003,57733-26,Total no coincide con cálculo,SI
1003,57733-26,Subtotal no coincide con cálculo,SI
1004,133202-25,DNI faltante,SI
1004,133202-25,Total no coincide con cálculo,SI
1004,133202-25,Subtotal no coincide con cálculo,SI
1006,LEGACY-1006,DNI faltante,SI
1006,LEGACY-1006,Total no coincide con cálculo,SI
1006,LEGACY-1006,Subtotal no coincide con cálculo,SI
1009,10127-25,DNI faltante,SI
1009,10127-25,Total no coincide con cálculo,SI
1009,10127-25,Subtotal no coincide con cálculo,SI
1010,132821-25,DNI faltante,SI
1010,132821-25,Total no coincide con cálculo,SI
1010,132821-25,Subtotal no coincide con cálculo,SI
1011,132821-25,DNI faltante,SI
1011,132821-25,Total no coincide con cálculo,SI
1011,132821-25,Subtotal no coincide con cálculo,SI
1012,132821-25,DNI faltante,SI
1012,132821-25,Total no coincide con cálculo,SI
1012,132821-25,Subtotal no coincide con cálculo,SI
1014,248601-24,DNI faltante,SI
1014,248601-24,Total no coincide con cálculo,SI
1014,248601-24,Subtotal no coincide con cálculo,SI
1016,1402-2026,DNI faltante,SI
1016,1402-2026,Total no coincide con cálculo,SI
1016,1402-2026,Subtotal no coincide con cálculo,SI
1018,14732-26,DNI faltante,SI
1019,LEGACY-1019,DNI faltante,SI
1020,2324-2026,DNI faltante,SI
1021,LEGACY-1021,DNI faltante,SI
1023,8860-2026,DNI faltante,SI
1024,9812-2026,DNI faltante,SI
1025,53257-26,DNI faltante,SI
1026,7148-2026,DNI faltante,SI
1027,25018-2026,DNI faltante,SI
1027,25018-2026,Total no coincide con cálculo,SI
1027,25018-2026,Subtotal no coincide con cálculo,SI
1028,25053-25,DNI faltante,SI
1028,25053-25,Total no coincide con cálculo,SI
1028,25053-25,Subtotal no coincide con cálculo,SI
1029,109003-26,Total no coincide con cálculo,SI
1029,109003-26,Subtotal no coincide con cálculo,SI
1030,9816-2024,DNI faltante,SI
1030,9816-2024,Total no coincide con cálculo,SI
1030,9816-2024,Subtotal no coincide con cálculo,SI
1031,9816-2024,DNI faltante,SI
1031,9816-2024,Total no coincide con cálculo,SI
1031,9816-2024,Subtotal no coincide con cálculo,SI
1032,E-1008-25,DNI faltante,SI
1033,6009-2023,DNI faltante,SI
1033,6009-2023,Total no coincide con cálculo,SI
1033,6009-2023,Subtotal no coincide con cálculo,SI
1034,6009-2023,DNI faltante,SI
1034,6009-2023,Total no coincide con cálculo,SI
1034,6009-2023,Subtotal no coincide con cálculo,SI
1035,2281-2026,DNI faltante,SI
1036,112715-26,DNI faltante,SI
1036,112715-26,Total no coincide con cálculo,SI
1037,8618-2026,DNI faltante,SI
1037,8618-2026,Total no coincide con cálculo,SI
1037,8618-2026,Subtotal no coincide con cálculo,SI
1038,107151-26,DNI faltante,SI
1041,8367-2026,DNI faltante,SI
1042,LEGACY-1042,DNI faltante,SI
1042,LEGACY-1042,Total no coincide con cálculo,SI
1042,LEGACY-1042,Subtotal no coincide con cálculo,SI
1044,4647-2026,Total no coincide con cálculo,SI
1044,4647-2026,Subtotal no coincide con cálculo,SI
1045,3156-2026,DNI faltante,SI
1047,107202-26,DNI faltante,SI
1048,17143-26,DNI faltante,SI
1048,17143-26,Total no coincide con cálculo,SI
1049,LEGACY-1049,DNI faltante,SI
1050,29903-26,DNI faltante,SI
1051,4275-2025,DNI faltante,SI
1051,4275-2025,Total no coincide con cálculo,SI
1051,4275-2025,Subtotal no coincide con cálculo,SI
1052,0201655-25,DNI faltante,SI
1052,0201655-25,Total no coincide con cálculo,SI
1052,0201655-25,Subtotal no coincide con cálculo,SI
1053,LEGACY-1053,DNI faltante,SI
1054,7914-2026,DNI faltante,SI
1055,LEGACY-1055,DNI faltante,SI
1056,4774-26,DNI faltante,SI
1057,2341-2026,DNI faltante,SI
1058,9371-2025,DNI faltante,SI
1058,9371-2025,Total no coincide con cálculo,SI
1058,9371-2025,Subtotal no coincide con cálculo,SI
1059,43780-25,Total no coincide con cálculo,SI
1059,43780-25,Subtotal no coincide con cálculo,SI
1060,7530-2025,DNI faltante,SI
1060,7530-2025,Total no coincide con cálculo,SI
1060,7530-2025,Subtotal no coincide con cálculo,SI
1061,LEGACY-1061,DNI faltante,SI
1062,1900-2026,Total no coincide con cálculo,SI
1062,1900-2026,Subtotal no coincide con cálculo,SI
1063,3635-2026,DNI faltante,SI
1064,1053-2026,DNI faltante,SI
1065,7833-2026,DNI faltante,SI
1066,LEGACY-1066,DNI faltante,SI
1066,LEGACY-1066,Total no coincide con cálculo,SI
1066,LEGACY-1066,Subtotal no coincide con cálculo,SI
1068,7779-2024,DNI faltante,SI
1068,7779-2024,Total no coincide con cálculo,SI
1068,7779-2024,Subtotal no coincide con cálculo,SI
1069,7779-2024,DNI faltante,SI
1069,7779-2024,Total no coincide con cálculo,SI
1069,7779-2024,Subtotal no coincide con cálculo,SI
1070,1937-2026,DNI faltante,SI
1071,LEGACY-1071,DNI faltante,SI
1071,LEGACY-1071,Total no coincide con cálculo,SI
1073,133162-26,DNI faltante,SI
1074,E-1994-21,DNI faltante,SI
1074,E-1994-21,Total no coincide con cálculo,SI
1074,E-1994-21,Subtotal no coincide con cálculo,SI
1075,6388-2025,DNI faltante,SI
1075,6388-2025,Total no coincide con cálculo,SI
1075,6388-2025,Subtotal no coincide con cálculo,SI
1076,6388-2025,DNI faltante,SI
1076,6388-2025,Total no coincide con cálculo,SI
1076,6388-2025,Subtotal no coincide con cálculo,SI
1077,6388-2025,DNI faltante,SI
1077,6388-2025,Total no coincide con cálculo,SI
1077,6388-2025,Subtotal no coincide con cálculo,SI
1078,112413-24,DNI faltante,SI
1078,112413-24,Total no coincide con cálculo,SI
1078,112413-24,Subtotal no coincide con cálculo,SI
1079,112413-24,DNI faltante,SI
1079,112413-24,Total no coincide con cálculo,SI
1079,112413-24,Subtotal no coincide con cálculo,SI
1080,112413-24,DNI faltante,SI
1080,112413-24,Total no coincide con cálculo,SI
1080,112413-24,Subtotal no coincide con cálculo,SI
1081,228359-25,DNI faltante,SI
1081,228359-25,Total no coincide con cálculo,SI
1081,228359-25,Subtotal no coincide con cálculo,SI
1082,7933-2026,DNI faltante,SI
1084,976-2026,DNI faltante,SI
1085,123263-18,DNI faltante,SI
1085,123263-18,NROREV anómalo: 7,SI
1085,123263-18,Total no coincide con cálculo,SI
1085,123263-18,Subtotal no coincide con cálculo,SI
1086,123263-18,DNI faltante,SI
1086,123263-18,Total no coincide con cálculo,SI
1086,123263-18,Subtotal no coincide con cálculo,SI
1087,123263-18,DNI faltante,SI
1087,123263-18,Total no coincide con cálculo,SI
1087,123263-18,Subtotal no coincide con cálculo,SI
1088,LEGACY-1088,DNI faltante,SI
1088,LEGACY-1088,Total no coincide con cálculo,SI
1088,LEGACY-1088,Subtotal no coincide con cálculo,SI
1089,4377-2025,DNI faltante,SI
1090,111517-26,Total no coincide con cálculo,SI
1091,14204-2026,DNI faltante,SI
1091,14204-2026,Total no coincide con cálculo,SI
1093,6421-2026,DNI faltante,SI
1094,5995-2024,DNI faltante,SI
1094,5995-2024,Total no coincide con cálculo,SI
1094,5995-2024,Subtotal no coincide con cálculo,SI
1095,5995-2024,DNI faltante,SI
1095,5995-2024,Total no coincide con cálculo,SI
1095,5995-2024,Subtotal no coincide con cálculo,SI
1096,7995-2026,DNI faltante,SI
1096,7995-2026,Total no coincide con cálculo,SI
1096,7995-2026,Subtotal no coincide con cálculo,SI
1097,7733-2025,Total no coincide con cálculo,SI
1097,7733-2025,Subtotal no coincide con cálculo,SI
1099,1693-2026,DNI faltante,SI
1101,E-03184-26,DNI faltante,SI
1101,E-03184-26,Total no coincide con cálculo,SI
1101,E-03184-26,Subtotal no coincide con cálculo,SI
1103,5403-2025,DNI faltante,SI
1103,5403-2025,Total no coincide con cálculo,SI
1103,5403-2025,Subtotal no coincide con cálculo,SI
1104,7319-2026,DNI faltante,SI
1105,9756-2026,DNI faltante,SI
1107,6972-2026,DNI faltante,SI
1107,6972-2026,Total no coincide con cálculo,SI
1107,6972-2026,Subtotal no coincide con cálculo,SI
1108,LEGACY-1108,DNI faltante,SI
1108,LEGACY-1108,Total no coincide con cálculo,SI
1110,6484-2026,DNI faltante,SI
1112,7560-2025,DNI faltante,SI
1112,7560-2025,Total no coincide con cálculo,SI
1112,7560-2025,Subtotal no coincide con cálculo,SI
1114,142909-25,DNI faltante,SI
1114,142909-25,Total no coincide con cálculo,SI
1114,142909-25,Subtotal no coincide con cálculo,SI
1115,LEGACY-1115,DNI faltante,SI
1116,LEGACY-1116,DNI faltante,SI
1118,LEGACY-1118,DNI faltante,SI
1119,105906-22,DNI faltante,SI
1119,105906-22,Total no coincide con cálculo,SI
1119,105906-22,Subtotal no coincide con cálculo,SI
1120,105906-22,DNI faltante,SI
1120,105906-22,Total no coincide con cálculo,SI
1120,105906-22,Subtotal no coincide con cálculo,SI
1121,105906-22,DNI faltante,SI
1121,105906-22,Total no coincide con cálculo,SI
1121,105906-22,Subtotal no coincide con cálculo,SI
1122,14842-25,DNI faltante,SI
1124,6082-2026,DNI faltante,SI
1125,4118-2024,DNI faltante,SI
1125,4118-2024,Total no coincide con cálculo,SI
1125,4118-2024,Subtotal no coincide con cálculo,SI
1126,4118-2024,DNI faltante,SI
1126,4118-2024,Total no coincide con cálculo,SI
1126,4118-2024,Subtotal no coincide con cálculo,SI
1127,4118-2024,DNI faltante,SI
1127,4118-2024,Total no coincide con cálculo,SI
1127,4118-2024,Subtotal no coincide con cálculo,SI
1128,1937-26,DNI faltante,SI
1128,1937-26,Total no coincide con cálculo,SI
1128,1937-26,Subtotal no coincide con cálculo,SI
1129,LEGACY-1129,DNI faltante,SI
1130,E012516892,DNI faltante,SI
1130,E012516892,Total no coincide con cálculo,SI
1130,E012516892,Subtotal no coincide con cálculo,SI
1131,E012516892,DNI faltante,SI
1131,E012516892,Total no coincide con cálculo,SI
1131,E012516892,Subtotal no coincide con cálculo,SI
1132,9118-2026,DNI faltante,SI
1133,4711-2025,DNI faltante,SI
1133,4711-2025,Total no coincide con cálculo,SI
1133,4711-2025,Subtotal no coincide con cálculo,SI
1134,4711-2025,DNI faltante,SI
1134,4711-2025,Total no coincide con cálculo,SI
1134,4711-2025,Subtotal no coincide con cálculo,SI
1135,4711-2025,DNI faltante,SI
1135,4711-2025,Total no coincide con cálculo,SI
1135,4711-2025,Subtotal no coincide con cálculo,SI
1136,5587-2025,DNI faltante,SI
1136,5587-2025,Total no coincide con cálculo,SI
1136,5587-2025,Subtotal no coincide con cálculo,SI
1137,5587-2025,DNI faltante,SI
1137,5587-2025,Total no coincide con cálculo,SI
1137,5587-2025,Subtotal no coincide con cálculo,SI
1138,5587-2025,DNI faltante,SI
1138,5587-2025,Total no coincide con cálculo,SI
1138,5587-2025,Subtotal no coincide con cálculo,SI
1139,4470-2025,DNI faltante,SI
1139,4470-2025,Total no coincide con cálculo,SI
1139,4470-2025,Subtotal no coincide con cálculo,SI
1140,LEGACY-1140,DNI faltante,SI
1141,15019-25,Total no coincide con cálculo,SI
1141,15019-25,Subtotal no coincide con cálculo,SI
1142,130008-25,DNI faltante,SI
1142,130008-25,Total no coincide con cálculo,SI
1142,130008-25,Subtotal no coincide con cálculo,SI
1143,1783-2025,DNI faltante,SI
1143,1783-2025,Total no coincide con cálculo,SI
1143,1783-2025,Subtotal no coincide con cálculo,SI
1144,LEGACY-1144,DNI faltante,SI
1145,LEGACY-1145,DNI faltante,SI
1146,22011-25,DNI faltante,SI
1146,22011-25,Total no coincide con cálculo,SI
1146,22011-25,Subtotal no coincide con cálculo,SI
1147,4429-2026,DNI faltante,SI
1148,35031-25,DNI faltante,SI
1148,35031-25,Total no coincide con cálculo,SI
1148,35031-25,Subtotal no coincide con cálculo,SI
1149,6070-2024,DNI faltante,SI
1149,6070-2024,Total no coincide con cálculo,SI
1149,6070-2024,Subtotal no coincide con cálculo,SI
1150,6070-2024,DNI faltante,SI
1150,6070-2024,Total no coincide con cálculo,SI
1150,6070-2024,Subtotal no coincide con cálculo,SI
1151,6070-2024,DNI faltante,SI
1151,6070-2024,Total no coincide con cálculo,SI
1151,6070-2024,Subtotal no coincide con cálculo,SI
1152,113431-25,DNI faltante,SI
1152,113431-25,Total no coincide con cálculo,SI
1152,113431-25,Subtotal no coincide con cálculo,SI
1153,9101-2023,DNI faltante,SI
1153,9101-2023,Total no coincide con cálculo,SI
1153,9101-2023,Subtotal no coincide con cálculo,SI
1154,13855-20,DNI faltante,SI
1154,13855-20,Total no coincide con cálculo,SI
1154,13855-20,Subtotal no coincide con cálculo,SI
1155,13855-20,DNI faltante,SI
1155,13855-20,Total no coincide con cálculo,SI
1155,13855-20,Subtotal no coincide con cálculo,SI
1156,13855-20,DNI faltante,SI
1156,13855-20,Total no coincide con cálculo,SI
1156,13855-20,Subtotal no coincide con cálculo,SI
1157,LEGACY-1157,DNI faltante,SI
1158,LEGACY-1158,DNI faltante,SI
1159,1480-2026,DNI faltante,SI
1159,1480-2026,Total no coincide con cálculo,SI
1161,29903-25,Total no coincide con cálculo,SI
1161,29903-25,Subtotal no coincide con cálculo,SI
1162,LEGACY-1162,DNI faltante,SI
1166,306-2024,DNI faltante,SI
1166,306-2024,Total no coincide con cálculo,SI
1166,306-2024,Subtotal no coincide con cálculo,SI
1167,306-2024,DNI faltante,SI
1167,306-2024,Total no coincide con cálculo,SI
1167,306-2024,Subtotal no coincide con cálculo,SI
1168,306-2024,DNI faltante,SI
1168,306-2024,Total no coincide con cálculo,SI
1168,306-2024,Subtotal no coincide con cálculo,SI
1169,E-6365-26,DNI faltante,SI
1169,E-6365-26,Total no coincide con cálculo,SI
1169,E-6365-26,Subtotal no coincide con cálculo,SI
1170,3129-2025,DNI faltante,SI
1170,3129-2025,Total no coincide con cálculo,SI
1170,3129-2025,Subtotal no coincide con cálculo,SI
1171,3129-2025,DNI faltante,SI
1171,3129-2025,Total no coincide con cálculo,SI
1171,3129-2025,Subtotal no coincide con cálculo,SI
1172,3129-2025,DNI faltante,SI
1172,3129-2025,Total no coincide con cálculo,SI
1172,3129-2025,Subtotal no coincide con cálculo,SI
1173,104364-26,Total no coincide con cálculo,SI
1173,104364-26,Subtotal no coincide con cálculo,SI
1174,LEGACY-1174,DNI faltante,SI
1175,5825-2022,DNI faltante,SI
1175,5825-2022,Total no coincide con cálculo,SI
1175,5825-2022,Subtotal no coincide con cálculo,SI
1177,106740-26,DNI faltante,SI
1177,106740-26,Total no coincide con cálculo,SI
1177,106740-26,Subtotal no coincide con cálculo,SI
1178,7530-2025,DNI faltante,SI
1179,LEGACY-1179,DNI faltante,SI
1181,37717-25,Total no coincide con cálculo,SI
1181,37717-25,Subtotal no coincide con cálculo,SI
1182,E01252499,DNI faltante,SI
1182,E01252499,Total no coincide con cálculo,SI
1182,E01252499,Subtotal no coincide con cálculo,SI
1183,19415-2024,Total no coincide con cálculo,SI
1183,19415-2024,Subtotal no coincide con cálculo,SI
1184,19415-2024,Total no coincide con cálculo,SI
1184,19415-2024,Subtotal no coincide con cálculo,SI
1185,LEGACY-1185,Total no coincide con cálculo,SI
1185,LEGACY-1185,Subtotal no coincide con cálculo,SI
1187,3803-2026,DNI faltante,SI
1188,975-2025,DNI faltante,SI
1188,975-2025,Total no coincide con cálculo,SI
1188,975-2025,Subtotal no coincide con cálculo,SI
1189,975-2025,DNI faltante,SI
1189,975-2025,Total no coincide con cálculo,SI
1189,975-2025,Subtotal no coincide con cálculo,SI
1190,975-2025,DNI faltante,SI
1190,975-2025,Total no coincide con cálculo,SI
1190,975-2025,Subtotal no coincide con cálculo,SI
1191,9626-2025,DNI faltante,SI
1191,9626-2025,Total no coincide con cálculo,SI
1191,9626-2025,Subtotal no coincide con cálculo,SI
1192,9626-2025,DNI faltante,SI
1192,9626-2025,Total no coincide con cálculo,SI
1192,9626-2025,Subtotal no coincide con cálculo,SI
1193,9626-2025,DNI faltante,SI
1193,9626-2025,Total no coincide con cálculo,SI
1193,9626-2025,Subtotal no coincide con cálculo,SI
1194,30511-26,DNI faltante,SI
1195,LEGACY-1195,DNI faltante,SI
1196,14844-25,DNI faltante,SI
1196,14844-25,Total no coincide con cálculo,SI
1196,14844-25,Subtotal no coincide con cálculo,SI
1197,650-2026,DNI faltante,SI
1197,650-2026,Total no coincide con cálculo,SI
1197,650-2026,Subtotal no coincide con cálculo,SI
1198,8952-25,Total no coincide con cálculo,SI
1198,8952-25,Subtotal no coincide con cálculo,SI
1199,E29146-25,DNI faltante,SI
1199,E29146-25,Total no coincide con cálculo,SI
1199,E29146-25,Subtotal no coincide con cálculo,SI
1200,5403-2025,DNI faltante,SI
1200,5403-2025,Total no coincide con cálculo,SI
1200,5403-2025,Subtotal no coincide con cálculo,SI
1202,2936-2024,DNI faltante,SI
1202,2936-2024,Total no coincide con cálculo,SI
1202,2936-2024,Subtotal no coincide con cálculo,SI
1203,LEGACY-1203,DNI faltante,SI
1204,3956-2026,DNI faltante,SI
1204,3956-2026,Total no coincide con cálculo,SI
1204,3956-2026,Subtotal no coincide con cálculo,SI
1205,,ERROR: RAZONSOCIAL/NOMBRE is empty,NO
1206,,ERROR: RAZONSOCIAL/NOMBRE is empty,NO
1207,3815-2026,DNI faltante,SI
1207,3815-2026,Total no coincide con cálculo,SI
1207,3815-2026,Subtotal no coincide con cálculo,SI
1208,4672-24,DNI faltante,SI
1208,4672-24,Total no coincide con cálculo,SI
1208,4672-24,Subtotal no coincide con cálculo,SI
1209,LEGACY-1209,DNI faltante,SI
1210,4542-2026,Total no coincide con cálculo,SI
1210,4542-2026,Subtotal no coincide con cálculo,SI
1211,6066-2024,DNI faltante,SI
1211,6066-2024,Total no coincide con cálculo,SI
1211,6066-2024,Subtotal no coincide con cálculo,SI
1212,6066-2024,DNI faltante,SI
1212,6066-2024,Total no coincide con cálculo,SI
1212,6066-2024,Subtotal no coincide con cálculo,SI
1213,6066-2024,DNI faltante,SI
1213,6066-2024,Total no coincide con cálculo,SI
1213,6066-2024,Subtotal no coincide con cálculo,SI
1214,17142-2025,Total no coincide con cálculo,SI
1214,17142-2025,Subtotal no coincide con cálculo,SI
1215,12456-26,DNI faltante,SI
1215,12456-26,Total no coincide con cálculo,SI
1215,12456-26,Subtotal no coincide con cálculo,SI
1217,104833-26,Total no coincide con cálculo,SI
1218,4566-25,DNI faltante,SI
1218,4566-25,Total no coincide con cálculo,SI
1218,4566-25,Subtotal no coincide con cálculo,SI
1219,4076-2025,DNI faltante,SI
1219,4076-2025,Total no coincide con cálculo,SI
1219,4076-2025,Subtotal no coincide con cálculo,SI
1220,8900,DNI faltante,SI
1220,8900,Total no coincide con cálculo,SI
1220,8900,Subtotal no coincide con cálculo,SI
1221,8900,DNI faltante,SI
1221,8900,Total no coincide con cálculo,SI
1221,8900,Subtotal no coincide con cálculo,SI
1222,8900,DNI faltante,SI
1223,LEGACY-1223,DNI faltante,SI
1224,LEGACY-1224,DNI faltante,SI
1225,42092-25,DNI faltante,SI
1225,42092-25,Total no coincide con cálculo,SI
1225,42092-25,Subtotal no coincide con cálculo,SI
1226,4047-2026,DNI faltante,SI
1227,3044-2026,DNI faltante,SI
1228,LEGACY-1228,DNI faltante,SI
1229,LEGACY-1229,DNI faltante,SI
1230,22672-24,Total no coincide con cálculo,SI
1230,22672-24,Subtotal no coincide con cálculo,SI
1231,22672-24,Total no coincide con cálculo,SI
1231,22672-24,Subtotal no coincide con cálculo,SI
1232,22672-24,Total no coincide con cálculo,SI
1232,22672-24,Subtotal no coincide con cálculo,SI
1233,6772-2026,DNI faltante,SI
1235,LEGACY-1235,DNI faltante,SI
1236,4967-2025,DNI faltante,SI
1236,4967-2025,Total no coincide con cálculo,SI
1236,4967-2025,Subtotal no coincide con cálculo,SI
1237,46570-2025,DNI faltante,SI
1237,46570-2025,Total no coincide con cálculo,SI
1237,46570-2025,Subtotal no coincide con cálculo,SI
1239,E-3991-25,DNI faltante,SI
1239,E-3991-25,Total no coincide con cálculo,SI
1239,E-3991-25,Subtotal no coincide con cálculo,SI
1240,LEGACY-1240,DNI faltante,SI
1242,LEGACY-1242,DNI faltante,SI
1243,105906-22,DNI faltante,SI
1243,105906-22,Total no coincide con cálculo,SI
1243,105906-22,Subtotal no coincide con cálculo,SI
1244,,ERROR: RAZONSOCIAL/NOMBRE is empty,NO
1245,2490-2026,DNI faltante,SI
1246,24513-25,DNI faltante,SI
1246,24513-25,Total no coincide con cálculo,SI
1246,24513-25,Subtotal no coincide con cálculo,SI
1247,104446-26,DNI faltante,SI
1248,34182-25,DNI faltante,SI
1248,34182-25,Total no coincide con cálculo,SI
1248,34182-25,Subtotal no coincide con cálculo,SI
1249,03223-2026,DNI faltante,SI
1250,128866-25,DNI faltante,SI
1250,128866-25,Total no coincide con cálculo,SI
1250,128866-25,Subtotal no coincide con cálculo,SI
1251,6661-25,DNI faltante,SI
1251,6661-25,Total no coincide con cálculo,SI
1251,6661-25,Subtotal no coincide con cálculo,SI
1252,5822-2025,DNI faltante,SI
1254,010374-25,Total no coincide con cálculo,SI
1254,010374-25,Subtotal no coincide con cálculo,SI
1255,5230-2026,DNI faltante,SI
1256,24614,Total no coincide con cálculo,SI
1256,24614,Subtotal no coincide con cálculo,SI
1257,4919-2025,DNI faltante,SI
1257,4919-2025,Total no coincide con cálculo,SI
1257,4919-2025,Subtotal no coincide con cálculo,SI
1258,3170-2026,DNI faltante,SI
1259,16948-23,Total no coincide con cálculo,SI
1259,16948-23,Subtotal no coincide con cálculo,SI
1260,16948-23,Total no coincide con cálculo,SI
1260,16948-23,Subtotal no coincide con cálculo,SI
1261,16948-23,Total no coincide con cálculo,SI
1261,16948-23,Subtotal no coincide con cálculo,SI
1262,116777-,Total no coincide con cálculo,SI
1262,116777-,Subtotal no coincide con cálculo,SI
1263,E273-2024,DNI faltante,SI
1263,E273-2024,Total no coincide con cálculo,SI
1263,E273-2024,Subtotal no coincide con cálculo,SI
1265,962-2026,DNI faltante,SI
1266,012279-25,Total no coincide con cálculo,SI
1266,012279-25,Subtotal no coincide con cálculo,SI
1267,LEGACY-1267,Total no coincide con cálculo,SI
1269,467-2026,DNI faltante,SI
1270,26077-25,DNI faltante,SI
1270,26077-25,Total no coincide con cálculo,SI
1270,26077-25,Subtotal no coincide con cálculo,SI
1271,6512-2025,DNI faltante,SI
1271,6512-2025,Total no coincide con cálculo,SI
1271,6512-2025,Subtotal no coincide con cálculo,SI
1272,106909-20,DNI faltante,SI
1272,106909-20,Total no coincide con cálculo,SI
1272,106909-20,Subtotal no coincide con cálculo,SI
1273,15363-25,Total no coincide con cálculo,SI
1273,15363-25,Subtotal no coincide con cálculo,SI
1274,102724-26,DNI faltante,SI
1275,LEGACY-1275,DNI faltante,SI
1276,15218-24,DNI faltante,SI
1276,15218-24,Total no coincide con cálculo,SI
1276,15218-24,Subtotal no coincide con cálculo,SI
1277,15218-24,DNI faltante,SI
1277,15218-24,Total no coincide con cálculo,SI
1277,15218-24,Subtotal no coincide con cálculo,SI
1278,15218-24,DNI faltante,SI
1278,15218-24,Total no coincide con cálculo,SI
1278,15218-24,Subtotal no coincide con cálculo,SI
1279,2497-2026,DNI faltante,SI
1280,4906-2025,Total no coincide con cálculo,SI
1280,4906-2025,Subtotal no coincide con cálculo,SI
1281,3475-2026,DNI faltante,SI
1282,LEGACY-1282,DNI faltante,SI
1284,2917-2026,DNI faltante,SI
1285,7996-2024,DNI faltante,SI
1285,7996-2024,Total no coincide con cálculo,SI
1285,7996-2024,Subtotal no coincide con cálculo,SI
1286,7996-2024,DNI faltante,SI
1286,7996-2024,Total no coincide con cálculo,SI
1286,7996-2024,Subtotal no coincide con cálculo,SI
1287,7996-2024,DNI faltante,SI
1287,7996-2024,Total no coincide con cálculo,SI
1287,7996-2024,Subtotal no coincide con cálculo,SI
1289,,ERROR: RAZONSOCIAL/NOMBRE is empty,NO
1290,2925-2026,DNI faltante,SI
1290,2925-2026,Total no coincide con cálculo,SI
1290,2925-2026,Subtotal no coincide con cálculo,SI
1291,5072,DNI faltante,SI
1291,5072,Total no coincide con cálculo,SI
1291,5072,Subtotal no coincide con cálculo,SI
1292,5072,DNI faltante,SI
1292,5072,Total no coincide con cálculo,SI
1292,5072,Subtotal no coincide con cálculo,SI
1294,716-2026,DNI faltante,SI
1295,LEGACY-1295,Total no coincide con cálculo,SI
1296,4963-2025,DNI faltante,SI
1296,4963-2025,Total no coincide con cálculo,SI
1296,4963-2025,Subtotal no coincide con cálculo,SI
1297,4963-2025,DNI faltante,SI
1297,4963-2025,Total no coincide con cálculo,SI
1297,4963-2025,Subtotal no coincide con cálculo,SI
1299,4963-2025,DNI faltante,SI
1299,4963-2025,Total no coincide con cálculo,SI
1299,4963-2025,Subtotal no coincide con cálculo,SI
1300,4847-2026,DNI faltante,SI
1301,18517-25,DNI faltante,SI
1301,18517-25,Total no coincide con cálculo,SI
1301,18517-25,Subtotal no coincide con cálculo,SI
1302,4542-2026,DNI faltante,SI
1303,102678-26,Total no coincide con cálculo,SI
1303,102678-26,Subtotal no coincide con cálculo,SI
1304,15219-2025,DNI faltante,SI
1304,15219-2025,Total no coincide con cálculo,SI
1304,15219-2025,Subtotal no coincide con cálculo,SI
1305,131371-25,DNI faltante,SI
1305,131371-25,Total no coincide con cálculo,SI
1305,131371-25,Subtotal no coincide con cálculo,SI
1306,122410-25,DNI faltante,SI
1306,122410-25,Total no coincide con cálculo,SI
1306,122410-25,Subtotal no coincide con cálculo,SI
1307,103013-26,DNI faltante,SI
1307,103013-26,Total no coincide con cálculo,SI
1307,103013-26,Subtotal no coincide con cálculo,SI
1308,03475-2026,DNI faltante,SI
1310,830-2026,DNI faltante,SI
1310,830-2026,Total no coincide con cálculo,SI
1310,830-2026,Subtotal no coincide con cálculo,SI
1311,3512-2025,DNI faltante,SI
1311,3512-2025,Total no coincide con cálculo,SI
1311,3512-2025,Subtotal no coincide con cálculo,SI
1312,,ERROR: RAZONSOCIAL/NOMBRE is empty,NO
1313,2113-2025,DNI faltante,SI
1313,2113-2025,Total no coincide con cálculo,SI
1313,2113-2025,Subtotal no coincide con cálculo,SI
1314,E-1994-21,DNI faltante,SI
1314,E-1994-21,Total no coincide con cálculo,SI
1314,E-1994-21,Subtotal no coincide con cálculo,SI
1315,E-1994-21,DNI faltante,SI
1315,E-1994-21,Total no coincide con cálculo,SI
1315,E-1994-21,Subtotal no coincide con cálculo,SI
1316,E-1994-21,DNI faltante,SI
1316,E-1994-21,Total no coincide con cálculo,SI
1316,E-1994-21,Subtotal no coincide con cálculo,SI
1317,LEGACY-1317,DNI faltante,SI
1319,E012606374,DNI faltante,SI
1321,151709-25,DNI faltante,SI
1321,151709-25,Total no coincide con cálculo,SI
1321,151709-25,Subtotal no coincide con cálculo,SI
1324,6679-2024,DNI faltante,SI
1324,6679-2024,Total no coincide con cálculo,SI
1324,6679-2024,Subtotal no coincide con cálculo,SI
1325,6679-2024,DNI faltante,SI
1325,6679-2024,Total no coincide con cálculo,SI
1325,6679-2024,Subtotal no coincide con cálculo,SI
1326,6679-2024,DNI faltante,SI
1326,6679-2024,Total no coincide con cálculo,SI
1326,6679-2024,Subtotal no coincide con cálculo,SI
1327,LEGACY-1327,DNI faltante,SI
1327,LEGACY-1327,Total no coincide con cálculo,SI
1327,LEGACY-1327,Subtotal no coincide con cálculo,SI
1328,964-2026,DNI faltante,SI
1329,28331-25,Total no coincide con cálculo,SI
1329,28331-25,Subtotal no coincide con cálculo,SI
1330,LEGACY-1330,DNI faltante,SI
1331,6031-2024,DNI faltante,SI
1331,6031-2024,Total no coincide con cálculo,SI
1331,6031-2024,Subtotal no coincide con cálculo,SI
1332,6031-2024,DNI faltante,SI
1332,6031-2024,Total no coincide con cálculo,SI
1332,6031-2024,Subtotal no coincide con cálculo,SI
1333,6031-2024,DNI faltante,SI
1333,6031-2024,Total no coincide con cálculo,SI
1333,6031-2024,Subtotal no coincide con cálculo,SI
1335,2355-2026,DNI faltante,SI
1336,00455-2026,DNI faltante,SI
1337,101922-26,DNI faltante,SI
1337,101922-26,Total no coincide con cálculo,SI
1337,101922-26,Subtotal no coincide con cálculo,SI
1339,102118-26,DNI faltante,SI
1340,101362-26,Total no coincide con cálculo,SI
1340,101362-26,Subtotal no coincide con cálculo,SI
1341,7030-2026,DNI faltante,SI
1341,7030-2026,Total no coincide con cálculo,SI
1341,7030-2026,Subtotal no coincide con cálculo,SI
1342,949-2026,DNI faltante,SI
1342,949-2026,Total no coincide con cálculo,SI
1342,949-2026,Subtotal no coincide con cálculo,SI
1344,4376-2025,DNI faltante,SI
1344,4376-2025,Total no coincide con cálculo,SI
1344,4376-2025,Subtotal no coincide con cálculo,SI
1345,4376-2025,DNI faltante,SI
1345,4376-2025,Total no coincide con cálculo,SI
1345,4376-2025,Subtotal no coincide con cálculo,SI
1346,101909-25,DNI faltante,SI
1348,01500-26,DNI faltante,SI
1349,4404-2023,DNI faltante,SI
1349,4404-2023,Total no coincide con cálculo,SI
1349,4404-2023,Subtotal no coincide con cálculo,SI
1350,4404-2023,DNI faltante,SI
1350,4404-2023,Total no coincide con cálculo,SI
1350,4404-2023,Subtotal no coincide con cálculo,SI
1351,4404-2023,DNI faltante,SI
1351,4404-2023,Total no coincide con cálculo,SI
1351,4404-2023,Subtotal no coincide con cálculo,SI
1352,LEGACY-1352,DNI faltante,SI
1355,1006-2026,DNI faltante,SI
1356,3786-2026,DNI faltante,SI
1357,E-0361-26,DNI faltante,SI
1358,22263-25,DNI faltante,SI
1358,22263-25,Total no coincide con cálculo,SI
1358,22263-25,Subtotal no coincide con cálculo,SI
1360,LEGACY-1360,Total no coincide con cálculo,SI
1360,LEGACY-1360,Subtotal no coincide con cálculo,SI
1361,11782-26,Total no coincide con cálculo,SI
1361,11782-26,Subtotal no coincide con cálculo,SI
1362,E-08637-26,DNI faltante,SI
1363,121435-25,DNI faltante,SI
1363,121435-25,Total no coincide con cálculo,SI
1363,121435-25,Subtotal no coincide con cálculo,SI
1364,121435-25,DNI faltante,SI
1364,121435-25,Total no coincide con cálculo,SI
1364,121435-25,Subtotal no coincide con cálculo,SI
1365,LEGACY-1365,DNI faltante,SI
1367,4950-2025,DNI faltante,SI
1367,4950-2025,Total no coincide con cálculo,SI
1367,4950-2025,Subtotal no coincide con cálculo,SI
1368,4950-2025,DNI faltante,SI
1368,4950-2025,Total no coincide con cálculo,SI
1368,4950-2025,Subtotal no coincide con cálculo,SI
1370,2608-2026,DNI faltante,SI
1372,10751-26,DNI faltante,SI
1373,A,DNI faltante,SI
1377,LEGACY-1377,Total no coincide con cálculo,SI
1378,LEGACY-1378,DNI faltante,SI
1379,29391-25,DNI faltante,SI
1380,0782-2026,DNI faltante,SI
1381,4113-2025,DNI faltante,SI
1381,4113-2025,Total no coincide con cálculo,SI
1381,4113-2025,Subtotal no coincide con cálculo,SI
1382,151709-25,DNI faltante,SI
1382,151709-25,Total no coincide con cálculo,SI
1382,151709-25,Subtotal no coincide con cálculo,SI
1383,151709-25,DNI faltante,SI
1383,151709-25,Total no coincide con cálculo,SI
1383,151709-25,Subtotal no coincide con cálculo,SI
1384,LEGACY-1384,DNI faltante,SI
1385,26077-25,DNI faltante,SI
1385,26077-25,Total no coincide con cálculo,SI
1385,26077-25,Subtotal no coincide con cálculo,SI
1386,5819-2024,DNI faltante,SI
1386,5819-2024,Total no coincide con cálculo,SI
1386,5819-2024,Subtotal no coincide con cálculo,SI
1387,5819-2024,DNI faltante,SI
1387,5819-2024,Total no coincide con cálculo,SI
1387,5819-2024,Subtotal no coincide con cálculo,SI
1388,5819-2024,DNI faltante,SI
1388,5819-2024,Total no coincide con cálculo,SI
1388,5819-2024,Subtotal no coincide con cálculo,SI
1389,2723-26,DNI faltante,SI
1390,4255-2025,DNI faltante,SI
1390,4255-2025,Total no coincide con cálculo,SI
1390,4255-2025,Subtotal no coincide con cálculo,SI
1392,1420-2026,DNI faltante,SI
1392,1420-2026,Total no coincide con cálculo,SI
1392,1420-2026,Subtotal no coincide con cálculo,SI
1393,12524-2025,Total no coincide con cálculo,SI
1393,12524-2025,Subtotal no coincide con cálculo,SI
1394,22768-25,Total no coincide con cálculo,SI
1394,22768-25,Subtotal no coincide con cálculo,SI
1395,04458-2021,DNI faltante,SI
1395,04458-2021,Total no coincide con cálculo,SI
1395,04458-2021,Subtotal no coincide con cálculo,SI
1396,04458-2021,DNI faltante,SI
1396,04458-2021,Total no coincide con cálculo,SI
1396,04458-2021,Subtotal no coincide con cálculo,SI
1397,E00-731-26,DNI faltante,SI
1398,04458-2021,DNI faltante,SI
1398,04458-2021,Total no coincide con cálculo,SI
1398,04458-2021,Subtotal no coincide con cálculo,SI
1399,LEGACY-1399,DNI faltante,SI
1401,LEGACY-1401,Total no coincide con cálculo,SI
1401,LEGACY-1401,Subtotal no coincide con cálculo,SI
1402,LEGACY-1402,DNI faltante,SI
1402,LEGACY-1402,Total no coincide con cálculo,SI
1402,LEGACY-1402,Subtotal no coincide con cálculo,SI
1404,32061-25,DNI faltante,SI
1404,32061-25,Total no coincide con cálculo,SI
1404,32061-25,Subtotal no coincide con cálculo,SI
1405,32061-25,DNI faltante,SI
1405,32061-25,Total no coincide con cálculo,SI
1405,32061-25,Subtotal no coincide con cálculo,SI
1406,32061-25,DNI faltante,SI
1406,32061-25,Total no coincide con cálculo,SI
1406,32061-25,Subtotal no coincide con cálculo,SI
1407,452-2026,DNI faltante,SI
1408,18015-26,DNI faltante,SI
1408,18015-26,Total no coincide con cálculo,SI
1410,E12601251,DNI faltante,SI
1411,6978-2025,DNI faltante,SI
1411,6978-2025,Total no coincide con cálculo,SI
1411,6978-2025,Subtotal no coincide con cálculo,SI
1412,6978-2025,DNI faltante,SI
1412,6978-2025,Total no coincide con cálculo,SI
1412,6978-2025,Subtotal no coincide con cálculo,SI
1413,6978-2025,DNI faltante,SI
1413,6978-2025,Total no coincide con cálculo,SI
1413,6978-2025,Subtotal no coincide con cálculo,SI
1415,3393-2025,DNI faltante,SI
1415,3393-2025,Total no coincide con cálculo,SI
1415,3393-2025,Subtotal no coincide con cálculo,SI
1417,E0063939,Total no coincide con cálculo,SI
1417,E0063939,Subtotal no coincide con cálculo,SI
1419,E012600421,DNI faltante,SI
1420,00455-2026,DNI faltante,SI
1422,5819-2024,DNI faltante,SI
1422,5819-2024,Total no coincide con cálculo,SI
1422,5819-2024,Subtotal no coincide con cálculo,SI
1423,6661-25,DNI faltante,SI
1423,6661-25,Total no coincide con cálculo,SI
1423,6661-25,Subtotal no coincide con cálculo,SI
1424,124548-24,DNI faltante,SI
1424,124548-24,Total no coincide con cálculo,SI
1424,124548-24,Subtotal no coincide con cálculo,SI
1425,LEGACY-1425,Total no coincide con cálculo,SI
1426,LEGACY-1426,DNI faltante,SI
1426,LEGACY-1426,Total no coincide con cálculo,SI
1427,228359-25,DNI faltante,SI
1427,228359-25,Total no coincide con cálculo,SI
1427,228359-25,Subtotal no coincide con cálculo,SI
1429,7594-2025,DNI faltante,SI
1429,7594-2025,Total no coincide con cálculo,SI
1429,7594-2025,Subtotal no coincide con cálculo,SI
1430,7594-2025,DNI faltante,SI
1430,7594-2025,Total no coincide con cálculo,SI
1430,7594-2025,Subtotal no coincide con cálculo,SI
1431,7594-2025,DNI faltante,SI
1431,7594-2025,Total no coincide con cálculo,SI
1431,7594-2025,Subtotal no coincide con cálculo,SI
1432,0732-2026,DNI faltante,SI
1432,0732-2026,Total no coincide con cálculo,SI
1432,0732-2026,Subtotal no coincide con cálculo,SI
1433,2336-2026,DNI faltante,SI
1437,113409-25,Total no coincide con cálculo,SI
1437,113409-25,Subtotal no coincide con cálculo,SI
1438,LEGACY-1438,DNI faltante,SI
1441,21317-25,DNI faltante,SI
1441,21317-25,Total no coincide con cálculo,SI
1441,21317-25,Subtotal no coincide con cálculo,SI
1442,256903,DNI faltante,SI
1443,38-2026,DNI faltante,SI
1445,E-38244-24,Total no coincide con cálculo,SI
1445,E-38244-24,Subtotal no coincide con cálculo,SI
1446,1334145-25,DNI faltante,SI
1446,1334145-25,Total no coincide con cálculo,SI
1446,1334145-25,Subtotal no coincide con cálculo,SI
1449,4244-25,DNI faltante,SI
1449,4244-25,Total no coincide con cálculo,SI
1449,4244-25,Subtotal no coincide con cálculo,SI
1450,12456-25,DNI faltante,SI
1452,LEGACY-1452,DNI faltante,SI
1453,133202-25,DNI faltante,SI
1453,133202-25,Total no coincide con cálculo,SI
1453,133202-25,Subtotal no coincide con cálculo,SI
1454,133202-25,DNI faltante,SI
1454,133202-25,Total no coincide con cálculo,SI
1454,133202-25,Subtotal no coincide con cálculo,SI
1455,133202-25,DNI faltante,SI
1455,133202-25,Total no coincide con cálculo,SI
1455,133202-25,Subtotal no coincide con cálculo,SI
1456,47819-25,DNI faltante,SI
1457,9611-2025,DNI faltante,SI
1458,26277-25,Total no coincide con cálculo,SI
1458,26277-25,Subtotal no coincide con cálculo,SI
1459,41076-25,DNI faltante,SI
1459,41076-25,Total no coincide con cálculo,SI
1459,41076-25,Subtotal no coincide con cálculo,SI
1460,4672-24,DNI faltante,SI
1460,4672-24,Total no coincide con cálculo,SI
1460,4672-24,Subtotal no coincide con cálculo,SI
1461,4672-24,DNI faltante,SI
1461,4672-24,Total no coincide con cálculo,SI
1461,4672-24,Subtotal no coincide con cálculo,SI
1462,30947-2025,DNI faltante,SI
1464,132863-25,DNI faltante,SI
1465,24444,DNI faltante,SI
1465,24444,Total no coincide con cálculo,SI
1465,24444,Subtotal no coincide con cálculo,SI
1466,23678-16,DNI faltante,SI
1466,23678-16,Total no coincide con cálculo,SI
1466,23678-16,Subtotal no coincide con cálculo,SI
1467,23678-16,DNI faltante,SI
1467,23678-16,Total no coincide con cálculo,SI
1467,23678-16,Subtotal no coincide con cálculo,SI
1468,23678-16,DNI faltante,SI
1468,23678-16,Total no coincide con cálculo,SI
1468,23678-16,Subtotal no coincide con cálculo,SI
1469,4950-2024,DNI faltante,SI
1469,4950-2024,Total no coincide con cálculo,SI
1469,4950-2024,Subtotal no coincide con cálculo,SI
1470,4950-2024,DNI faltante,SI
1470,4950-2024,Total no coincide con cálculo,SI
1470,4950-2024,Subtotal no coincide con cálculo,SI
1471,5072,DNI faltante,SI
1471,5072,Total no coincide con cálculo,SI
1471,5072,Subtotal no coincide con cálculo,SI
1472,19201-2025,DNI faltante,SI
1472,19201-2025,Total no coincide con cálculo,SI
1472,19201-2025,Subtotal no coincide con cálculo,SI
1474,9933-2024,DNI faltante,SI
1474,9933-2024,NROREV anómalo: 7,SI
1474,9933-2024,Total no coincide con cálculo,SI
1474,9933-2024,Subtotal no coincide con cálculo,SI
1475,9933-2024,DNI faltante,SI
1475,9933-2024,Total no coincide con cálculo,SI
1475,9933-2024,Subtotal no coincide con cálculo,SI
1476,9933-2024,DNI faltante,SI
1476,9933-2024,Total no coincide con cálculo,SI
1476,9933-2024,Subtotal no coincide con cálculo,SI
1478,LEGACY-1478,DNI faltante,SI
1478,LEGACY-1478,Total no coincide con cálculo,SI
1479,57500-25,DNI faltante,SI
1480,9712-2025,DNI faltante,SI
1480,9712-2025,Total no coincide con cálculo,SI
1480,9712-2025,Subtotal no coincide con cálculo,SI
1482,LEGACY-1482,Total no coincide con cálculo,SI
1482,LEGACY-1482,Subtotal no coincide con cálculo,SI
1483,184904-25,Total no coincide con cálculo,SI
1483,184904-25,Subtotal no coincide con cálculo,SI
1484,9045-2023,DNI faltante,SI
1484,9045-2023,Total no coincide con cálculo,SI
1484,9045-2023,Subtotal no coincide con cálculo,SI
1485,9045-2023,DNI faltante,SI
1485,9045-2023,Total no coincide con cálculo,SI
1485,9045-2023,Subtotal no coincide con cálculo,SI
1486,9045-2023,DNI faltante,SI
1486,9045-2023,Total no coincide con cálculo,SI
1486,9045-2023,Subtotal no coincide con cálculo,SI
1487,LEGACY-1487,DNI faltante,SI
1489,LEGACY-1489,DNI faltante,SI
1489,LEGACY-1489,Total no coincide con cálculo,SI
1490,254734-25,DNI faltante,SI
1490,254734-25,Total no coincide con cálculo,SI
1490,254734-25,Subtotal no coincide con cálculo,SI
1491,124042-25,Total no coincide con cálculo,SI
1491,124042-25,Subtotal no coincide con cálculo,SI
1493,10269-2025,Total no coincide con cálculo,SI
1493,10269-2025,Subtotal no coincide con cálculo,SI
1496,E012528819,DNI faltante,SI
1497,106149-23,DNI faltante,SI
1497,106149-23,Total no coincide con cálculo,SI
1497,106149-23,Subtotal no coincide con cálculo,SI
1498,9571-2025,DNI faltante,SI
1498,9571-2025,Total no coincide con cálculo,SI
1498,9571-2025,Subtotal no coincide con cálculo,SI
1499,LEGACY-1499,DNI faltante,SI
1500,9609-2025,DNI faltante,SI
1500,9609-2025,Total no coincide con cálculo,SI
1501,132492-25,DNI faltante,SI
1502,132688-25,DNI faltante,SI
1503,130643-24,DNI faltante,SI
1503,130643-24,Total no coincide con cálculo,SI
1503,130643-24,Subtotal no coincide con cálculo,SI
1504,130643-24,DNI faltante,SI
1504,130643-24,Total no coincide con cálculo,SI
1504,130643-24,Subtotal no coincide con cálculo,SI
1505,130643-24,DNI faltante,SI
1505,130643-24,Total no coincide con cálculo,SI
1505,130643-24,Subtotal no coincide con cálculo,SI
1506,9691-2025,DNI faltante,SI
1507,5477-2025,Total no coincide con cálculo,SI
1507,5477-2025,Subtotal no coincide con cálculo,SI
1508,LEGACY-1508,DNI faltante,SI
1509,58110-2025,Total no coincide con cálculo,SI
1509,58110-2025,Subtotal no coincide con cálculo,SI
1510,LEGACY-1510,Total no coincide con cálculo,SI
1510,LEGACY-1510,Subtotal no coincide con cálculo,SI
1511,03502-25,DNI faltante,SI
1511,03502-25,Total no coincide con cálculo,SI
1511,03502-25,Subtotal no coincide con cálculo,SI
1512,03502-25,DNI faltante,SI
1512,03502-25,Total no coincide con cálculo,SI
1512,03502-25,Subtotal no coincide con cálculo,SI
1513,03502-25,DNI faltante,SI
1513,03502-25,Total no coincide con cálculo,SI
1513,03502-25,Subtotal no coincide con cálculo,SI
1514,03502-25,DNI faltante,SI
1515,6388-2025,DNI faltante,SI
1515,6388-2025,Total no coincide con cálculo,SI
1515,6388-2025,Subtotal no coincide con cálculo,SI
1517,23472,Total no coincide con cálculo,SI
1517,23472,Subtotal no coincide con cálculo,SI
1518,247-2026,DNI faltante,SI
1520,LEGACY-1520,DNI faltante,SI
1521,132821-25,DNI faltante,SI
1522,21035-2024,DNI faltante,SI
1522,21035-2024,Total no coincide con cálculo,SI
1522,21035-2024,Subtotal no coincide con cálculo,SI
1523,21035-2024,DNI faltante,SI
1523,21035-2024,Total no coincide con cálculo,SI
1523,21035-2024,Subtotal no coincide con cálculo,SI
1524,21035-2024,DNI faltante,SI
1524,21035-2024,Total no coincide con cálculo,SI
1524,21035-2024,Subtotal no coincide con cálculo,SI
1525,LEGACY-1525,DNI faltante,SI
1526,LEGACY-1526,DNI faltante,SI
1527,132732-25,DNI faltante,SI
1528,41914-25,DNI faltante,SI
1529,41924-25,DNI faltante,SI
1532,5403-2025,DNI faltante,SI
1532,5403-2025,Total no coincide con cálculo,SI
1532,5403-2025,Subtotal no coincide con cálculo,SI
1533,9481-2025,DNI faltante,SI
1534,9431-2025,DNI faltante,SI
1534,9431-2025,Total no coincide con cálculo,SI
1534,9431-2025,Subtotal no coincide con cálculo,SI
1535,LEGACY-1535,Total no coincide con cálculo,SI
1537,91197-25,Total no coincide con cálculo,SI
1537,91197-25,Subtotal no coincide con cálculo,SI
1543,LEGACY-1543,DNI faltante,SI
1544,2936-2024,DNI faltante,SI
1544,2936-2024,Total no coincide con cálculo,SI
1544,2936-2024,Subtotal no coincide con cálculo,SI
1545,2936-2024,DNI faltante,SI
1545,2936-2024,Total no coincide con cálculo,SI
1545,2936-2024,Subtotal no coincide con cálculo,SI
1546,2936-2024,DNI faltante,SI
1546,2936-2024,Total no coincide con cálculo,SI
1546,2936-2024,Subtotal no coincide con cálculo,SI
1547,LEGACY-1547,DNI faltante,SI
1548,LEGACY-1548,DNI faltante,SI
1549,LEGACY-1549,DNI faltante,SI
1549,LEGACY-1549,Total no coincide con cálculo,SI
1549,LEGACY-1549,Subtotal no coincide con cálculo,SI
1551,42092-25,DNI faltante,SI
1553,LEGACY-1553,DNI faltante,SI
1554,9559-2025,DNI faltante,SI
1555,20-2026,Total no coincide con cálculo,SI
1555,20-2026,Subtotal no coincide con cálculo,SI
1556,47214-25,DNI faltante,SI
1556,47214-25,Total no coincide con cálculo,SI
1557,LEGACY-1557,DNI faltante,SI
1557,LEGACY-1557,Total no coincide con cálculo,SI
1557,LEGACY-1557,Subtotal no coincide con cálculo,SI
1558,LEGACY-1558,DNI faltante,SI
1559,3962-2022,DNI faltante,SI
1559,3962-2022,Total no coincide con cálculo,SI
1559,3962-2022,Subtotal no coincide con cálculo,SI
1560,3962-2022,DNI faltante,SI
1560,3962-2022,Total no coincide con cálculo,SI
1560,3962-2022,Subtotal no coincide con cálculo,SI
1561,1723.2026,DNI faltante,SI
1561,1723.2026,Total no coincide con cálculo,SI
1561,1723.2026,Subtotal no coincide con cálculo,SI
1562,46570-2025,DNI faltante,SI
1563,E-12524-25,Total no coincide con cálculo,SI
1563,E-12524-25,Subtotal no coincide con cálculo,SI
1564,7979-2024,DNI faltante,SI
1564,7979-2024,Total no coincide con cálculo,SI
1564,7979-2024,Subtotal no coincide con cálculo,SI
1565,10071-24,DNI faltante,SI
1565,10071-24,Total no coincide con cálculo,SI
1565,10071-24,Subtotal no coincide con cálculo,SI
1566,10071-24,DNI faltante,SI
1566,10071-24,Total no coincide con cálculo,SI
1566,10071-24,Subtotal no coincide con cálculo,SI
1568,10071-24,DNI faltante,SI
1568,10071-24,Total no coincide con cálculo,SI
1568,10071-24,Subtotal no coincide con cálculo,SI
1569,6949-2025,DNI faltante,SI
1569,6949-2025,Total no coincide con cálculo,SI
1569,6949-2025,Subtotal no coincide con cálculo,SI
1570,29773-25,DNI faltante,SI
1571,9371-2025,DNI faltante,SI
1572,4183-2025,DNI faltante,SI
1572,4183-2025,Total no coincide con cálculo,SI
1572,4183-2025,Subtotal no coincide con cálculo,SI
1573,44319-2025,DNI faltante,SI
1575,5392-2025,DNI faltante,SI
1575,5392-2025,Total no coincide con cálculo,SI
1575,5392-2025,Subtotal no coincide con cálculo,SI
1577,8603-2020,DNI faltante,SI
1577,8603-2020,Total no coincide con cálculo,SI
1577,8603-2020,Subtotal no coincide con cálculo,SI
1578,8603-2020,DNI faltante,SI
1578,8603-2020,Total no coincide con cálculo,SI
1578,8603-2020,Subtotal no coincide con cálculo,SI
1579,LEGACY-1579,DNI faltante,SI
1580,8603-2020,DNI faltante,SI
1580,8603-2020,Total no coincide con cálculo,SI
1580,8603-2020,Subtotal no coincide con cálculo,SI
1581,LEGACY-1581,DNI faltante,SI
1582,LEGACY-1582,DNI faltante,SI
1584,454-2025,Total no coincide con cálculo,SI
1584,454-2025,Subtotal no coincide con cálculo,SI
1585,248263-25,DNI faltante,SI
1586,9353-2025,DNI faltante,SI
1587,24513-25,DNI faltante,SI
1587,24513-25,Total no coincide con cálculo,SI
1587,24513-25,Subtotal no coincide con cálculo,SI
1588,,ERROR: RAZONSOCIAL/NOMBRE is empty,NO
1590,3873-2025,DNI faltante,SI
1590,3873-2025,Total no coincide con cálculo,SI
1590,3873-2025,Subtotal no coincide con cálculo,SI
1591,4835-2025,DNI faltante,SI
1591,4835-2025,Total no coincide con cálculo,SI
1591,4835-2025,Subtotal no coincide con cálculo,SI
1592,LEGACY-1592,DNI faltante,SI
1595,131397-25,Total no coincide con cálculo,SI
1595,131397-25,Subtotal no coincide con cálculo,SI
1596,LEGACY-1596,DNI faltante,SI
1597,LEGACY-1597,DNI faltante,SI
1598,5945-2025,DNI faltante,SI
1598,5945-2025,Total no coincide con cálculo,SI
1598,5945-2025,Subtotal no coincide con cálculo,SI
1599,5945-2025,DNI faltante,SI
1599,5945-2025,Total no coincide con cálculo,SI
1599,5945-2025,Subtotal no coincide con cálculo,SI
1600,9223-2025,DNI faltante,SI
1600,9223-2025,Total no coincide con cálculo,SI
1600,9223-2025,Subtotal no coincide con cálculo,SI
1601,4647-2025,DNI faltante,SI
1601,4647-2025,Total no coincide con cálculo,SI
1601,4647-2025,Subtotal no coincide con cálculo,SI
1602,E-4021-25,Total no coincide con cálculo,SI
1602,E-4021-25,Subtotal no coincide con cálculo,SI
1603,14842-25,DNI faltante,SI
1603,14842-25,Total no coincide con cálculo,SI
1603,14842-25,Subtotal no coincide con cálculo,SI
1604,18274-2025,DNI faltante,SI
1604,18274-2025,Total no coincide con cálculo,SI
1604,18274-2025,Subtotal no coincide con cálculo,SI
1605,101980-26,DNI faltante,SI
1605,101980-26,Total no coincide con cálculo,SI
1605,101980-26,Subtotal no coincide con cálculo,SI
1606,21556-25,DNI faltante,SI
1608,131497-25,DNI faltante,SI
1609,LEGACY-1609,DNI faltante,SI
1611,LEGACY-1611,DNI faltante,SI
1611,LEGACY-1611,Total no coincide con cálculo,SI
1611,LEGACY-1611,Subtotal no coincide con cálculo,SI
1612,131371-25,DNI faltante,SI
1612,131371-25,Total no coincide con cálculo,SI
1612,131371-25,Subtotal no coincide con cálculo,SI
1613,26094-2025,DNI faltante,SI
1616,124361-23,DNI faltante,SI
1616,124361-23,Total no coincide con cálculo,SI
1616,124361-23,Subtotal no coincide con cálculo,SI
1617,1911-2025,Total no coincide con cálculo,SI
1617,1911-2025,Subtotal no coincide con cálculo,SI
1619,2874-2024,DNI faltante,SI
1619,2874-2024,Total no coincide con cálculo,SI
1619,2874-2024,Subtotal no coincide con cálculo,SI
1620,2874-2024,DNI faltante,SI
1620,2874-2024,Total no coincide con cálculo,SI
1620,2874-2024,Subtotal no coincide con cálculo,SI
1622,4967-2025,DNI faltante,SI
1622,4967-2025,Total no coincide con cálculo,SI
1622,4967-2025,Subtotal no coincide con cálculo,SI
1623,5519-2025,DNI faltante,SI
1623,5519-2025,Total no coincide con cálculo,SI
1623,5519-2025,Subtotal no coincide con cálculo,SI
1624,5099-2025,DNI faltante,SI
1625,131110-25,DNI faltante,SI
1625,131110-25,Total no coincide con cálculo,SI
1625,131110-25,Subtotal no coincide con cálculo,SI
1626,131110-25,DNI faltante,SI
1626,131110-25,Total no coincide con cálculo,SI
1626,131110-25,Subtotal no coincide con cálculo,SI
1627,131110-25,DNI faltante,SI
1627,131110-25,Total no coincide con cálculo,SI
1627,131110-25,Subtotal no coincide con cálculo,SI
1628,9186-2025,DNI faltante,SI
1629,LEGACY-1629,DNI faltante,SI
1630,LEGACY-1630,Total no coincide con cálculo,SI
1630,LEGACY-1630,Subtotal no coincide con cálculo,SI
1632,9421-2025,DNI faltante,SI
1632,9421-2025,Total no coincide con cálculo,SI
1632,9421-2025,Subtotal no coincide con cálculo,SI
1633,LEGACY-1633,DNI faltante,SI
1634,LEGACY-1634,DNI faltante,SI
1634,LEGACY-1634,Total no coincide con cálculo,SI
1634,LEGACY-1634,Subtotal no coincide con cálculo,SI
1635,17729-25,Total no coincide con cálculo,SI
1635,17729-25,Subtotal no coincide con cálculo,SI
1638,130361-25,DNI faltante,SI
1639,LEGACY-1639,DNI faltante,SI
1640,18207-25,DNI faltante,SI
1640,18207-25,Total no coincide con cálculo,SI
1640,18207-25,Subtotal no coincide con cálculo,SI
1642,38166-25,Total no coincide con cálculo,SI
1642,38166-25,Subtotal no coincide con cálculo,SI
1643,5587-2025,DNI faltante,SI
1643,5587-2025,Total no coincide con cálculo,SI
1643,5587-2025,Subtotal no coincide con cálculo,SI
1644,LEGACY-1644,DNI faltante,SI
1645,395-2025,DNI faltante,SI
1645,395-2025,Total no coincide con cálculo,SI
1645,395-2025,Subtotal no coincide con cálculo,SI
1649,130008-25,DNI faltante,SI
1650,32878-25,DNI faltante,SI
1650,32878-25,Total no coincide con cálculo,SI
1650,32878-25,Subtotal no coincide con cálculo,SI
1653,E-3991-25,DNI faltante,SI
1654,,ERROR: DIRECCION is empty,NO
1657,8913-2025,DNI faltante,SI
1657,8913-2025,Total no coincide con cálculo,SI
1657,8913-2025,Subtotal no coincide con cálculo,SI
1659,,ERROR: RAZONSOCIAL/NOMBRE is empty,NO
1660,3230-2024,DNI faltante,SI
1660,3230-2024,Total no coincide con cálculo,SI
1660,3230-2024,Subtotal no coincide con cálculo,SI
1661,38392-2025,DNI faltante,SI
1662,LEGACY-1662,Total no coincide con cálculo,SI
1662,LEGACY-1662,Subtotal no coincide con cálculo,SI
1663,43907-25,DNI faltante,SI
1664,24368,DNI faltante,SI
1664,24368,Total no coincide con cálculo,SI
1664,24368,Subtotal no coincide con cálculo,SI
1665,LEGACY-1665,DNI faltante,SI
1666,40293-25,DNI faltante,SI
1667,7031-2024,DNI faltante,SI
1667,7031-2024,Total no coincide con cálculo,SI
1667,7031-2024,Subtotal no coincide con cálculo,SI
1668,37381-25,DNI faltante,SI
1669,1783-2025,DNI faltante,SI
1669,1783-2025,Total no coincide con cálculo,SI
1669,1783-2025,Subtotal no coincide con cálculo,SI
1670,1783-2025,DNI faltante,SI
1670,1783-2025,Total no coincide con cálculo,SI
1670,1783-2025,Subtotal no coincide con cálculo,SI
1671,1783-2025,DNI faltante,SI
1671,1783-2025,Total no coincide con cálculo,SI
1671,1783-2025,Subtotal no coincide con cálculo,SI
1672,25053-25,DNI faltante,SI
1672,25053-25,Total no coincide con cálculo,SI
1672,25053-25,Subtotal no coincide con cálculo,SI
1673,LEGACY-1673,DNI faltante,SI
1674,32310-25,DNI faltante,SI
1674,32310-25,Total no coincide con cálculo,SI
1674,32310-25,Subtotal no coincide con cálculo,SI
1675,3393-2025,DNI faltante,SI
1675,3393-2025,Total no coincide con cálculo,SI
1675,3393-2025,Subtotal no coincide con cálculo,SI
1676,LEGACY-1676,DNI faltante,SI
1678,29922-25,DNI faltante,SI
1679,29903-25,Total no coincide con cálculo,SI
1679,29903-25,Subtotal no coincide con cálculo,SI
1680,37862-25,DNI faltante,SI
1681,8883-2025,DNI faltante,SI
1681,8883-2025,Total no coincide con cálculo,SI
1681,8883-2025,Subtotal no coincide con cálculo,SI
1682,E012516892,DNI faltante,SI
1682,E012516892,Total no coincide con cálculo,SI
1682,E012516892,Subtotal no coincide con cálculo,SI
1683,0360101-25,DNI faltante,SI
1683,0360101-25,Total no coincide con cálculo,SI
1683,0360101-25,Subtotal no coincide con cálculo,SI
1684,17553-25,DNI faltante,SI
1684,17553-25,Total no coincide con cálculo,SI
1684,17553-25,Subtotal no coincide con cálculo,SI
1685,32061-25,DNI faltante,SI
1685,32061-25,Total no coincide con cálculo,SI
1685,32061-25,Subtotal no coincide con cálculo,SI
1686,15371-25,Total no coincide con cálculo,SI
1686,15371-25,Subtotal no coincide con cálculo,SI
1687,15371-25,Total no coincide con cálculo,SI
1687,15371-25,Subtotal no coincide con cálculo,SI
1689,LEGACY-1689,DNI faltante,SI
1690,LEGACY-1690,DNI faltante,SI
1691,240165-25,DNI faltante,SI
1691,240165-25,Total no coincide con cálculo,SI
1691,240165-25,Subtotal no coincide con cálculo,SI
1692,10099-2023,DNI faltante,SI
1692,10099-2023,Total no coincide con cálculo,SI
1692,10099-2023,Subtotal no coincide con cálculo,SI
1693,8900,DNI faltante,SI
1694,LEGACY-1694,DNI faltante,SI
1695,2853-2025,DNI faltante,SI
1695,2853-2025,Total no coincide con cálculo,SI
1695,2853-2025,Subtotal no coincide con cálculo,SI
1696,2853-2025,DNI faltante,SI
1696,2853-2025,Total no coincide con cálculo,SI
1696,2853-2025,Subtotal no coincide con cálculo,SI
1697,2853-2025,DNI faltante,SI
1697,2853-2025,Total no coincide con cálculo,SI
1697,2853-2025,Subtotal no coincide con cálculo,SI
1699,LEGACY-1699,DNI faltante,SI
1700,025499-25,DNI faltante,SI
1700,025499-25,Total no coincide con cálculo,SI
1700,025499-25,Subtotal no coincide con cálculo,SI
1701,LEGACY-1701,DNI faltante,SI
1702,4470-2025,DNI faltante,SI
1703,4711-2025,DNI faltante,SI
1703,4711-2025,Total no coincide con cálculo,SI
1703,4711-2025,Subtotal no coincide con cálculo,SI
1704,,ERROR: RAZONSOCIAL/NOMBRE is empty,NO
1705,,ERROR: RAZONSOCIAL/NOMBRE is empty,NO
1706,,ERROR: RAZONSOCIAL/NOMBRE is empty,NO
1708,23590-2025,Total no coincide con cálculo,SI
1709,8817-2025,DNI faltante,SI
1710,E-13675-25,Total no coincide con cálculo,SI
1710,E-13675-25,Subtotal no coincide con cálculo,SI
1712,26095-25,Total no coincide con cálculo,SI
1712,26095-25,Subtotal no coincide con cálculo,SI
1714,LEGACY-1714,DNI faltante,SI
1714,LEGACY-1714,Total no coincide con cálculo,SI
1714,LEGACY-1714,Subtotal no coincide con cálculo,SI
1718,124124-25,DNI faltante,SI
1718,124124-25,Total no coincide con cálculo,SI
1718,124124-25,Subtotal no coincide con cálculo,SI
1719,019008-25,Total no coincide con cálculo,SI
1719,019008-25,Subtotal no coincide con cálculo,SI
1720,28072-2025,DNI faltante,SI
1721,6090-2025,DNI faltante,SI
1721,6090-2025,Total no coincide con cálculo,SI
1721,6090-2025,Subtotal no coincide con cálculo,SI
1722,9033-2025,DNI faltante,SI
1723,128866-25,DNI faltante,SI
1723,128866-25,Total no coincide con cálculo,SI
1723,128866-25,Subtotal no coincide con cálculo,SI
1724,29903-25,Total no coincide con cálculo,SI
1724,29903-25,Subtotal no coincide con cálculo,SI
1725,6583-24,DNI faltante,SI
1725,6583-24,Total no coincide con cálculo,SI
1725,6583-24,Subtotal no coincide con cálculo,SI
1726,6583-24,DNI faltante,SI
1726,6583-24,Total no coincide con cálculo,SI
1726,6583-24,Subtotal no coincide con cálculo,SI
1727,6583-24,DNI faltante,SI
1727,6583-24,Total no coincide con cálculo,SI
1727,6583-24,Subtotal no coincide con cálculo,SI
1728,E012507760,Total no coincide con cálculo,SI
1728,E012507760,Subtotal no coincide con cálculo,SI
1729,E012507760,Total no coincide con cálculo,SI
1729,E012507760,Subtotal no coincide con cálculo,SI
1730,E012507760,Total no coincide con cálculo,SI
1730,E012507760,Subtotal no coincide con cálculo,SI
1731,8992-2025,DNI faltante,SI
1732,1685-2026,Total no coincide con cálculo,SI
1733,1682-2026,Total no coincide con cálculo,SI
1733,1682-2026,Subtotal no coincide con cálculo,SI
1734,234503-25,DNI faltante,SI
1735,228359-25,DNI faltante,SI
1735,228359-25,Total no coincide con cálculo,SI
1736,LEGACY-1736,DNI faltante,SI
1736,LEGACY-1736,Total no coincide con cálculo,SI
1736,LEGACY-1736,Subtotal no coincide con cálculo,SI
1737,35985-25,DNI faltante,SI
1737,35985-25,Total no coincide con cálculo,SI
1737,35985-25,Subtotal no coincide con cálculo,SI
1738,35985-25,DNI faltante,SI
1738,35985-25,Total no coincide con cálculo,SI
1738,35985-25,Subtotal no coincide con cálculo,SI
1739,8722-25,DNI faltante,SI
1739,8722-25,Total no coincide con cálculo,SI
1739,8722-25,Subtotal no coincide con cálculo,SI
1740,129101-25,DNI faltante,SI
1740,129101-25,Total no coincide con cálculo,SI
1740,129101-25,Subtotal no coincide con cálculo,SI
1741,4968-2025,DNI faltante,SI
1741,4968-2025,Total no coincide con cálculo,SI
1741,4968-2025,Subtotal no coincide con cálculo,SI
1742,4968-2025,DNI faltante,SI
1742,4968-2025,Total no coincide con cálculo,SI
1742,4968-2025,Subtotal no coincide con cálculo,SI
1743,4968-2025,DNI faltante,SI
1743,4968-2025,Total no coincide con cálculo,SI
1743,4968-2025,Subtotal no coincide con cálculo,SI
1745,24157-2025,DNI faltante,SI
1745,24157-2025,Total no coincide con cálculo,SI
1745,24157-2025,Subtotal no coincide con cálculo,SI
1747,111198,Total no coincide con cálculo,SI
1747,111198,Subtotal no coincide con cálculo,SI
1748,79850-25,DNI faltante,SI
1749,LEGACY-1749,DNI faltante,SI
1751,129101-25,DNI faltante,SI
1751,129101-25,Total no coincide con cálculo,SI
1751,129101-25,Subtotal no coincide con cálculo,SI
1752,129101-25,DNI faltante,SI
1752,129101-25,Total no coincide con cálculo,SI
1752,129101-25,Subtotal no coincide con cálculo,SI
1754,2791-2025,DNI faltante,SI
1754,2791-2025,Total no coincide con cálculo,SI
1754,2791-2025,Subtotal no coincide con cálculo,SI
1755,2791-2025,DNI faltante,SI
1755,2791-2025,Total no coincide con cálculo,SI
1755,2791-2025,Subtotal no coincide con cálculo,SI
1756,2791-2025,DNI faltante,SI
1756,2791-2025,Total no coincide con cálculo,SI
1756,2791-2025,Subtotal no coincide con cálculo,SI
1757,LEGACY-1757,DNI faltante,SI
1757,LEGACY-1757,Total no coincide con cálculo,SI
1757,LEGACY-1757,Subtotal no coincide con cálculo,SI
1759,4255-2025,DNI faltante,SI
1759,4255-2025,Total no coincide con cálculo,SI
1759,4255-2025,Subtotal no coincide con cálculo,SI
1760,54333-25,DNI faltante,SI
1760,54333-25,Total no coincide con cálculo,SI
1760,54333-25,Subtotal no coincide con cálculo,SI
1761,1977-2025,DNI faltante,SI
1761,1977-2025,Total no coincide con cálculo,SI
1761,1977-2025,Subtotal no coincide con cálculo,SI
1762,1977-2025,DNI faltante,SI
1762,1977-2025,Total no coincide con cálculo,SI
1762,1977-2025,Subtotal no coincide con cálculo,SI
1763,1977-2025,DNI faltante,SI
1763,1977-2025,Total no coincide con cálculo,SI
1763,1977-2025,Subtotal no coincide con cálculo,SI
1764,43721-25,DNI faltante,SI
1765,34591-25,DNI faltante,SI
1767,24125-2025,DNI faltante,SI
1768,LEGACY-1768,DNI faltante,SI
1769,10357-25,DNI faltante,SI
1769,10357-25,Total no coincide con cálculo,SI
1769,10357-25,Subtotal no coincide con cálculo,SI
1770,4420-2025,Total no coincide con cálculo,SI
1770,4420-2025,Subtotal no coincide con cálculo,SI
1771,4420-2025,Total no coincide con cálculo,SI
1771,4420-2025,Subtotal no coincide con cálculo,SI
1772,4420-2025,Total no coincide con cálculo,SI
1772,4420-2025,Subtotal no coincide con cálculo,SI
1773,LEGACY-1773,Total no coincide con cálculo,SI
1773,LEGACY-1773,Subtotal no coincide con cálculo,SI
1774,4672-24,DNI faltante,SI
1774,4672-24,Total no coincide con cálculo,SI
1774,4672-24,Subtotal no coincide con cálculo,SI
1777,10338-2025,DNI faltante,SI
1778,33090-25,Total no coincide con cálculo,SI
1778,33090-25,Subtotal no coincide con cálculo,SI
1779,LEGACY-1779,DNI faltante,SI
1780,16984-25,DNI faltante,SI
1780,16984-25,Total no coincide con cálculo,SI
1780,16984-25,Subtotal no coincide con cálculo,SI
1781,E-320-2026,Total no coincide con cálculo,SI
1781,E-320-2026,Subtotal no coincide con cálculo,SI
1782,28658-25,DNI faltante,SI
1783,LEGACY-1783,DNI faltante,SI
1783,LEGACY-1783,Total no coincide con cálculo,SI
1783,LEGACY-1783,Subtotal no coincide con cálculo,SI
1785,LEGACY-1785,DNI faltante,SI
1786,17142-25,Total no coincide con cálculo,SI
1786,17142-25,Subtotal no coincide con cálculo,SI
1787,127996-25,DNI faltante,SI
1788,4967-2025,DNI faltante,SI
1788,4967-2025,Total no coincide con cálculo,SI
1788,4967-2025,Subtotal no coincide con cálculo,SI
1789,18215-25,DNI faltante,SI
1789,18215-25,Total no coincide con cálculo,SI
1789,18215-25,Subtotal no coincide con cálculo,SI
1790,LEGACY-1790,DNI faltante,SI
1791,33995-25,DNI faltante,SI
1791,33995-25,Total no coincide con cálculo,SI
1791,33995-25,Subtotal no coincide con cálculo,SI
1793,8528-2025,DNI faltante,SI
1794,LEGACY-1794,DNI faltante,SI
1794,LEGACY-1794,Total no coincide con cálculo,SI
1794,LEGACY-1794,Subtotal no coincide con cálculo,SI
1795,LEGACY-1795,DNI faltante,SI
1795,LEGACY-1795,Total no coincide con cálculo,SI
1795,LEGACY-1795,Subtotal no coincide con cálculo,SI
1796,LEGACY-1796,DNI faltante,SI
1796,LEGACY-1796,Total no coincide con cálculo,SI
1796,LEGACY-1796,Subtotal no coincide con cálculo,SI
1797,7517-25,DNI faltante,SI
1797,7517-25,Total no coincide con cálculo,SI
1797,7517-25,Subtotal no coincide con cálculo,SI
1798,7517-2025,DNI faltante,SI
1798,7517-2025,Total no coincide con cálculo,SI
1798,7517-2025,Subtotal no coincide con cálculo,SI
1799,118095-25,Total no coincide con cálculo,SI
1799,118095-25,Subtotal no coincide con cálculo,SI
1800,LEGACY-1800,DNI faltante,SI
1802,15908-25,DNI faltante,SI
1802,15908-25,Total no coincide con cálculo,SI
1802,15908-25,Subtotal no coincide con cálculo,SI
1803,3029-2025,Total no coincide con cálculo,SI
1803,3029-2025,Subtotal no coincide con cálculo,SI
1804,LEGACY-1804,DNI faltante,SI
1805,2831-2025,DNI faltante,SI
1805,2831-2025,Total no coincide con cálculo,SI
1805,2831-2025,Subtotal no coincide con cálculo,SI
1808,18517-25,DNI faltante,SI
1809,8649-2025,DNI faltante,SI
1810,10176-2021,NROREV anómalo: 7,SI
1810,10176-2021,Total no coincide con cálculo,SI
1810,10176-2021,Subtotal no coincide con cálculo,SI
1811,10176-2021,Total no coincide con cálculo,SI
1811,10176-2021,Subtotal no coincide con cálculo,SI
1812,10176-2021,Total no coincide con cálculo,SI
1812,10176-2021,Subtotal no coincide con cálculo,SI
1813,12456-26,DNI faltante,SI
1814,LEGACY-1814,DNI faltante,SI
1815,LEGACY-1815,DNI faltante,SI
1816,127255-25,DNI faltante,SI
1817,77808-25,DNI faltante,SI
1818,220811-25,DNI faltante,SI
1819,16883-22,DNI faltante,SI
1819,16883-22,Total no coincide con cálculo,SI
1819,16883-22,Subtotal no coincide con cálculo,SI
1820,16883-22,DNI faltante,SI
1820,16883-22,Total no coincide con cálculo,SI
1820,16883-22,Subtotal no coincide con cálculo,SI
1821,LEGACY-1821,Total no coincide con cálculo,SI
1821,LEGACY-1821,Subtotal no coincide con cálculo,SI
1822,127779-25,DNI faltante,SI
1822,127779-25,Total no coincide con cálculo,SI
1822,127779-25,Subtotal no coincide con cálculo,SI
1823,1794-25,DNI faltante,SI
1823,1794-25,Total no coincide con cálculo,SI
1823,1794-25,Subtotal no coincide con cálculo,SI
1824,3396-2025,Total no coincide con cálculo,SI
1824,3396-2025,Subtotal no coincide con cálculo,SI
1825,5519-2025,DNI faltante,SI
1825,5519-2025,Total no coincide con cálculo,SI
1825,5519-2025,Subtotal no coincide con cálculo,SI
1826,45027-25,Total no coincide con cálculo,SI
1826,45027-25,Subtotal no coincide con cálculo,SI
1828,33140-25,DNI faltante,SI
1829,771-2025,DNI faltante,SI
1829,771-2025,Total no coincide con cálculo,SI
1829,771-2025,Subtotal no coincide con cálculo,SI
1830,771-2025,DNI faltante,SI
1830,771-2025,Total no coincide con cálculo,SI
1830,771-2025,Subtotal no coincide con cálculo,SI
1831,771-2025,DNI faltante,SI
1831,771-2025,Total no coincide con cálculo,SI
1831,771-2025,Subtotal no coincide con cálculo,SI
1832,LEGACY-1832,DNI faltante,SI
1833,23447-25,DNI faltante,SI
1834,6949-2025,DNI faltante,SI
1835,4566-25,DNI faltante,SI
1836,7002-2025,DNI faltante,SI
1836,7002-2025,Total no coincide con cálculo,SI
1836,7002-2025,Subtotal no coincide con cálculo,SI
1837,7002-2025,DNI faltante,SI
1837,7002-2025,Total no coincide con cálculo,SI
1837,7002-2025,Subtotal no coincide con cálculo,SI
1838,23373,DNI faltante,SI
1839,43349-25,DNI faltante,SI
1840,,ERROR: RAZONSOCIAL/NOMBRE is empty,NO
1841,306-2024,DNI faltante,SI
1841,306-2024,NROREV anómalo: 7,SI
1841,306-2024,Total no coincide con cálculo,SI
1841,306-2024,Subtotal no coincide con cálculo,SI
1842,306-2024,DNI faltante,SI
1842,306-2024,Total no coincide con cálculo,SI
1842,306-2024,Subtotal no coincide con cálculo,SI
1843,306-2024,DNI faltante,SI
1843,306-2024,Total no coincide con cálculo,SI
1843,306-2024,Subtotal no coincide con cálculo,SI
1845,40979-25,DNI faltante,SI
1846,E12524292,DNI faltante,SI
1847,LEGACY-1847,DNI faltante,SI
1848,LEGACY-1848,DNI faltante,SI
1848,LEGACY-1848,Total no coincide con cálculo,SI
1848,LEGACY-1848,Subtotal no coincide con cálculo,SI
1850,40769-24,DNI faltante,SI
1850,40769-24,Total no coincide con cálculo,SI
1850,40769-24,Subtotal no coincide con cálculo,SI
1853,127623-24,DNI faltante,SI
1856,127493-23,DNI faltante,SI
1856,127493-23,Total no coincide con cálculo,SI
1856,127493-23,Subtotal no coincide con cálculo,SI
1857,127493-23,DNI faltante,SI
1857,127493-23,Total no coincide con cálculo,SI
1857,127493-23,Subtotal no coincide con cálculo,SI
1858,127493-23,DNI faltante,SI
1858,127493-23,Total no coincide con cálculo,SI
1858,127493-23,Subtotal no coincide con cálculo,SI
1861,22852-25,DNI faltante,SI
1862,10127-25,DNI faltante,SI
1863,57-2026,DNI faltante,SI
1864,LEGACY-1864,DNI faltante,SI
1864,LEGACY-1864,Total no coincide con cálculo,SI
1865,1274-2026,DNI faltante,SI
1869,E01252499,DNI faltante,SI
1869,E01252499,Total no coincide con cálculo,SI
1869,E01252499,Subtotal no coincide con cálculo,SI
1870,4919-2025,DNI faltante,SI
1871,6679-2024,DNI faltante,SI
1871,6679-2024,Total no coincide con cálculo,SI
1871,6679-2024,Subtotal no coincide con cálculo,SI
1872,6679-2024,DNI faltante,SI
1872,6679-2024,Total no coincide con cálculo,SI
1872,6679-2024,Subtotal no coincide con cálculo,SI
1873,6679-2024,DNI faltante,SI
1873,6679-2024,Total no coincide con cálculo,SI
1873,6679-2024,Subtotal no coincide con cálculo,SI
1874,29246-24,DNI faltante,SI
1874,29246-24,Total no coincide con cálculo,SI
1874,29246-24,Subtotal no coincide con cálculo,SI
1877,91353-25,DNI faltante,SI
1878,LEGACY-1878,DNI faltante,SI
1880,15219-2025,DNI faltante,SI
1880,15219-2025,Total no coincide con cálculo,SI
1880,15219-2025,Subtotal no coincide con cálculo,SI
1881,19010-2025,DNI faltante,SI
1882,LEGACY-1882,DNI faltante,SI
1883,44319-2025,DNI faltante,SI
1884,LEGACY-1884,DNI faltante,SI
1885,E273-2024,DNI faltante,SI
1885,E273-2024,Total no coincide con cálculo,SI
1885,E273-2024,Subtotal no coincide con cálculo,SI
1886,E273-2024,DNI faltante,SI
1886,E273-2024,Total no coincide con cálculo,SI
1886,E273-2024,Subtotal no coincide con cálculo,SI
1887,E273-2024,DNI faltante,SI
1887,E273-2024,Total no coincide con cálculo,SI
1887,E273-2024,Subtotal no coincide con cálculo,SI
1888,0032133-25,DNI faltante,SI
1888,0032133-25,Total no coincide con cálculo,SI
1888,0032133-25,Subtotal no coincide con cálculo,SI
1889,101928-25,DNI faltante,SI
1890,50396-2025,DNI faltante,SI
1891,LEGACY-1891,DNI faltante,SI
1892,12524-2025,Total no coincide con cálculo,SI
1892,12524-2025,Subtotal no coincide con cálculo,SI
1893,LEGACY-1893,Total no coincide con cálculo,SI
1893,LEGACY-1893,Subtotal no coincide con cálculo,SI
1894,6143-2025,Total no coincide con cálculo,SI
1894,6143-2025,Subtotal no coincide con cálculo,SI
1895,31722-25,DNI faltante,SI
1897,LEGACY-1897,DNI faltante,SI
1898,3029-2025,DNI faltante,SI
1898,3029-2025,Total no coincide con cálculo,SI
1898,3029-2025,Subtotal no coincide con cálculo,SI
1899,9020-2025,DNI faltante,SI
1899,9020-2025,Total no coincide con cálculo,SI
1899,9020-2025,Subtotal no coincide con cálculo,SI
1900,9020-2025,DNI faltante,SI
1900,9020-2025,Total no coincide con cálculo,SI
1900,9020-2025,Subtotal no coincide con cálculo,SI
1901,9020-2025,DNI faltante,SI
1901,9020-2025,Total no coincide con cálculo,SI
1901,9020-2025,Subtotal no coincide con cálculo,SI
1902,22964-2025,DNI faltante,SI
1904,1401-2025,Total no coincide con cálculo,SI
1904,1401-2025,Subtotal no coincide con cálculo,SI
1905,125884-25,DNI faltante,SI
1907,30511-26,DNI faltante,SI
1907,30511-26,Total no coincide con cálculo,SI
1908,18918-25,DNI faltante,SI
1908,18918-25,Total no coincide con cálculo,SI
1908,18918-25,Subtotal no coincide con cálculo,SI
1909,4477-24,Total no coincide con cálculo,SI
1909,4477-24,Subtotal no coincide con cálculo,SI
1910,4477-24,Total no coincide con cálculo,SI
1910,4477-24,Subtotal no coincide con cálculo,SI
1911,4477-24,Total no coincide con cálculo,SI
1911,4477-24,Subtotal no coincide con cálculo,SI
1912,0209647-25,DNI faltante,SI
1913,22011-25,DNI faltante,SI
1914,7439-2025,DNI faltante,SI
1914,7439-2025,Total no coincide con cálculo,SI
1914,7439-2025,Subtotal no coincide con cálculo,SI
1915,25235-2025,DNI faltante,SI
1916,123793-22,DNI faltante,SI
1916,123793-22,Total no coincide con cálculo,SI
1916,123793-22,Subtotal no coincide con cálculo,SI
1917,123793-22,DNI faltante,SI
1917,123793-22,Total no coincide con cálculo,SI
1917,123793-22,Subtotal no coincide con cálculo,SI
1918,123793-22,DNI faltante,SI
1918,123793-22,Total no coincide con cálculo,SI
1918,123793-22,Subtotal no coincide con cálculo,SI
1919,,ERROR: RAZONSOCIAL/NOMBRE is empty,NO
1920,39763-25,DNI faltante,SI
1920,39763-25,Total no coincide con cálculo,SI
1920,39763-25,Subtotal no coincide con cálculo,SI
1921,4275-2025,DNI faltante,SI
1922,LEGACY-1922,DNI faltante,SI
1923,256645-25,DNI faltante,SI
1926,7997-2025,DNI faltante,SI
1927,LEGACY-1927,DNI faltante,SI
1927,LEGACY-1927,Total no coincide con cálculo,SI
1927,LEGACY-1927,Subtotal no coincide con cálculo,SI
1928,3129-2025,DNI faltante,SI
1928,3129-2025,Total no coincide con cálculo,SI
1928,3129-2025,Subtotal no coincide con cálculo,SI
1929,7347-2024,DNI faltante,SI
1929,7347-2024,Total no coincide con cálculo,SI
1929,7347-2024,Subtotal no coincide con cálculo,SI
1930,18833-25,DNI faltante,SI
1930,18833-25,Total no coincide con cálculo,SI
1930,18833-25,Subtotal no coincide con cálculo,SI
1931,18833-25,DNI faltante,SI
1931,18833-25,Total no coincide con cálculo,SI
1931,18833-25,Subtotal no coincide con cálculo,SI
1932,LEGACY-1932,DNI faltante,SI
1932,LEGACY-1932,Total no coincide con cálculo,SI
1932,LEGACY-1932,Subtotal no coincide con cálculo,SI
1933,06206-24,DNI faltante,SI
1933,06206-24,Total no coincide con cálculo,SI
1933,06206-24,Subtotal no coincide con cálculo,SI
1934,E-3512-25,DNI faltante,SI
1935,4754-24,DNI faltante,SI
1935,4754-24,Total no coincide con cálculo,SI
1935,4754-24,Subtotal no coincide con cálculo,SI
1936,LEGACY-1936,DNI faltante,SI
1937,12601251,DNI faltante,SI
1938,34403-2025,DNI faltante,SI
1939,25372-24,DNI faltante,SI
1939,25372-24,Total no coincide con cálculo,SI
1939,25372-24,Subtotal no coincide con cálculo,SI
1940,25372-24,DNI faltante,SI
1940,25372-24,Total no coincide con cálculo,SI
1940,25372-24,Subtotal no coincide con cálculo,SI
1941,4076-2025,DNI faltante,SI
1941,4076-2025,Total no coincide con cálculo,SI
1941,4076-2025,Subtotal no coincide con cálculo,SI
1942,31867-25,DNI faltante,SI
1943,127259-25,DNI faltante,SI
1943,127259-25,Total no coincide con cálculo,SI
1943,127259-25,Subtotal no coincide con cálculo,SI
1944,,ERROR: RAZONSOCIAL/NOMBRE is empty,NO
1945,7167-2024,DNI faltante,SI
1945,7167-2024,Total no coincide con cálculo,SI
1945,7167-2024,Subtotal no coincide con cálculo,SI
1946,7167-2024,DNI faltante,SI
1946,7167-2024,Total no coincide con cálculo,SI
1946,7167-2024,Subtotal no coincide con cálculo,SI
1947,7167-2024,DNI faltante,SI
1947,7167-2024,Total no coincide con cálculo,SI
1947,7167-2024,Subtotal no coincide con cálculo,SI
1950,E012428013,DNI faltante,SI
1950,E012428013,Total no coincide con cálculo,SI
1950,E012428013,Subtotal no coincide con cálculo,SI
1952,E-54544-25,DNI faltante,SI
1952,E-54544-25,Total no coincide con cálculo,SI
1952,E-54544-25,Subtotal no coincide con cálculo,SI
1954,29945-25,DNI faltante,SI
1954,29945-25,Total no coincide con cálculo,SI
1954,29945-25,Subtotal no coincide con cálculo,SI
1955,30524-2025,DNI faltante,SI
1955,30524-2025,Total no coincide con cálculo,SI
1955,30524-2025,Subtotal no coincide con cálculo,SI
1957,6701-2023,DNI faltante,SI
1957,6701-2023,Total no coincide con cálculo,SI
1957,6701-2023,Subtotal no coincide con cálculo,SI
1958,6701-2023,DNI faltante,SI
1958,6701-2023,Total no coincide con cálculo,SI
1958,6701-2023,Subtotal no coincide con cálculo,SI
1959,6701-2023,DNI faltante,SI
1959,6701-2023,Total no coincide con cálculo,SI
1959,6701-2023,Subtotal no coincide con cálculo,SI
1962,126029-25,Total no coincide con cálculo,SI
1962,126029-25,Subtotal no coincide con cálculo,SI
1964,32349-25,DNI faltante,SI
1965,LEGACY-1965,DNI faltante,SI
1967,7458-2024,DNI faltante,SI
1967,7458-2024,Total no coincide con cálculo,SI
1967,7458-2024,Subtotal no coincide con cálculo,SI
1968,7458-2024,DNI faltante,SI
1968,7458-2024,Total no coincide con cálculo,SI
1968,7458-2024,Subtotal no coincide con cálculo,SI
1969,7458-2024,DNI faltante,SI
1969,7458-2024,Total no coincide con cálculo,SI
1969,7458-2024,Subtotal no coincide con cálculo,SI
1970,7865-2025,DNI faltante,SI
1971,LEGACY-1971,DNI faltante,SI
1972,24535,Total no coincide con cálculo,SI
1972,24535,Subtotal no coincide con cálculo,SI
1973,124862-25,DNI faltante,SI
1973,124862-25,Total no coincide con cálculo,SI
1973,124862-25,Subtotal no coincide con cálculo,SI
1974,748420-24,DNI faltante,SI
1974,748420-24,Total no coincide con cálculo,SI
1974,748420-24,Subtotal no coincide con cálculo,SI
1975,LEGACY-1975,DNI faltante,SI
1975,LEGACY-1975,Total no coincide con cálculo,SI
1976,21317-25,DNI faltante,SI
1977,2959-24,DNI faltante,SI
1977,2959-24,Total no coincide con cálculo,SI
1977,2959-24,Subtotal no coincide con cálculo,SI
1978,LEGACY-1978,DNI faltante,SI
1978,LEGACY-1978,Total no coincide con cálculo,SI
1980,LEGACY-1980,DNI faltante,SI
1981,19064-25,DNI faltante,SI
1981,19064-25,Total no coincide con cálculo,SI
1981,19064-25,Subtotal no coincide con cálculo,SI
1982,19064-25,DNI faltante,SI
1982,19064-25,Total no coincide con cálculo,SI
1982,19064-25,Subtotal no coincide con cálculo,SI
1983,19064-25,DNI faltante,SI
1983,19064-25,Total no coincide con cálculo,SI
1983,19064-25,Subtotal no coincide con cálculo,SI
1984,28501-25,DNI faltante,SI
1984,28501-25,Total no coincide con cálculo,SI
1984,28501-25,Subtotal no coincide con cálculo,SI
1985,24378,DNI faltante,SI
1985,24378,Total no coincide con cálculo,SI
1985,24378,Subtotal no coincide con cálculo,SI
1986,E-3306-25,DNI faltante,SI
1986,E-3306-25,Total no coincide con cálculo,SI
1986,E-3306-25,Subtotal no coincide con cálculo,SI
1987,3485-2025,DNI faltante,SI
1987,3485-2025,Total no coincide con cálculo,SI
1987,3485-2025,Subtotal no coincide con cálculo,SI
1988,124596-25,Total no coincide con cálculo,SI
1992,12644-25,DNI faltante,SI
1992,12644-25,Total no coincide con cálculo,SI
1992,12644-25,Subtotal no coincide con cálculo,SI
1993,LEGACY-1993,DNI faltante,SI
1994,LEGACY-1994,Total no coincide con cálculo,SI
1994,LEGACY-1994,Subtotal no coincide con cálculo,SI
1995,16303-25,DNI faltante,SI
1995,16303-25,Total no coincide con cálculo,SI
1995,16303-25,Subtotal no coincide con cálculo,SI
1996,40894-2025,Total no coincide con cálculo,SI
1996,40894-2025,Subtotal no coincide con cálculo,SI
1997,11581-2025,Total no coincide con cálculo,SI
1997,11581-2025,Subtotal no coincide con cálculo,SI
1998,15723-25,DNI faltante,SI
1999,LEGACY-1999,DNI faltante,SI
2000,7530-2025,DNI faltante,SI
2000,7530-2025,Total no coincide con cálculo,SI
2000,7530-2025,Subtotal no coincide con cálculo,SI
2001,7560-2025,DNI faltante,SI
2002,113431-25,DNI faltante,SI
2002,113431-25,Total no coincide con cálculo,SI
2002,113431-25,Subtotal no coincide con cálculo,SI
2003,113431-25,DNI faltante,SI
2003,113431-25,Total no coincide con cálculo,SI
2003,113431-25,Subtotal no coincide con cálculo,SI
2004,113431-25,DNI faltante,SI
2004,113431-25,Total no coincide con cálculo,SI
2004,113431-25,Subtotal no coincide con cálculo,SI
2005,LEGACY-2005,DNI faltante,SI
2005,LEGACY-2005,Total no coincide con cálculo,SI
2005,LEGACY-2005,Subtotal no coincide con cálculo,SI
2006,200757-26,DNI faltante,SI
2007,12336-25,DNI faltante,SI
2008,5072,DNI faltante,SI
2008,5072,Total no coincide con cálculo,SI
2008,5072,Subtotal no coincide con cálculo,SI
2009,5072,DNI faltante,SI
2009,5072,Total no coincide con cálculo,SI
2009,5072,Subtotal no coincide con cálculo,SI
2010,5072,DNI faltante,SI
2010,5072,Total no coincide con cálculo,SI
2010,5072,Subtotal no coincide con cálculo,SI
2011,14921-2025,DNI faltante,SI
2011,14921-2025,Total no coincide con cálculo,SI
2011,14921-2025,Subtotal no coincide con cálculo,SI
2012,4233-25,DNI faltante,SI
2014,24176-25,DNI faltante,SI
2014,24176-25,Total no coincide con cálculo,SI
2014,24176-25,Subtotal no coincide con cálculo,SI
2015,24176-25,DNI faltante,SI
2015,24176-25,Total no coincide con cálculo,SI
2015,24176-25,Subtotal no coincide con cálculo,SI
2016,2863-2025,DNI faltante,SI
2016,2863-2025,Total no coincide con cálculo,SI
2016,2863-2025,Subtotal no coincide con cálculo,SI
2017,10751-25,DNI faltante,SI
2018,LEGACY-2018,Total no coincide con cálculo,SI
2018,LEGACY-2018,Subtotal no coincide con cálculo,SI
2019,37046-25,DNI faltante,SI
2020,17934-25,Total no coincide con cálculo,SI
2020,17934-25,Subtotal no coincide con cálculo,SI
2021,9138-2023,DNI faltante,SI
2021,9138-2023,Total no coincide con cálculo,SI
2021,9138-2023,Subtotal no coincide con cálculo,SI
2022,24260,Total no coincide con cálculo,SI
2022,24260,Subtotal no coincide con cálculo,SI
2024,LEGACY-2024,DNI faltante,SI
2025,LEGACY-2025,DNI faltante,SI
2025,LEGACY-2025,Total no coincide con cálculo,SI
2025,LEGACY-2025,Subtotal no coincide con cálculo,SI
2026,LEGACY-2026,Total no coincide con cálculo,SI
2026,LEGACY-2026,Subtotal no coincide con cálculo,SI
2027,7471-2026,DNI faltante,SI
2027,7471-2026,Total no coincide con cálculo,SI
2027,7471-2026,Subtotal no coincide con cálculo,SI
2028,2910-2025,DNI faltante,SI
2028,2910-2025,Total no coincide con cálculo,SI
2028,2910-2025,Subtotal no coincide con cálculo,SI
2029,105906-22,DNI faltante,SI
2029,105906-22,NROREV anómalo: 7,SI
2029,105906-22,Total no coincide con cálculo,SI
2029,105906-22,Subtotal no coincide con cálculo,SI
2030,105906-22,DNI faltante,SI
2030,105906-22,Total no coincide con cálculo,SI
2030,105906-22,Subtotal no coincide con cálculo,SI
2031,105906-22,DNI faltante,SI
2031,105906-22,Total no coincide con cálculo,SI
2031,105906-22,Subtotal no coincide con cálculo,SI
2032,20590-25,DNI faltante,SI
2034,16948-23,Total no coincide con cálculo,SI
2034,16948-23,Subtotal no coincide con cálculo,SI
2035,0360101-25,DNI faltante,SI
2035,0360101-25,Total no coincide con cálculo,SI
2035,0360101-25,Subtotal no coincide con cálculo,SI
2036,16948-23,Total no coincide con cálculo,SI
2036,16948-23,Subtotal no coincide con cálculo,SI
2037,16948-23,Total no coincide con cálculo,SI
2037,16948-23,Subtotal no coincide con cálculo,SI
2038,2404-2025,DNI faltante,SI
2038,2404-2025,Total no coincide con cálculo,SI
2038,2404-2025,Subtotal no coincide con cálculo,SI
2042,23764-25,Total no coincide con cálculo,SI
2042,23764-25,Subtotal no coincide con cálculo,SI
2043,LEGACY-2043,DNI faltante,SI
2044,LEGACY-2044,DNI faltante,SI
2045,80900-23,Total no coincide con cálculo,SI
2045,80900-23,Subtotal no coincide con cálculo,SI
2046,LEGACY-2046,DNI faltante,SI
2047,26314-25,DNI faltante,SI
2047,26314-25,Total no coincide con cálculo,SI
2047,26314-25,Subtotal no coincide con cálculo,SI
2048,6512-2025,DNI faltante,SI
2048,6512-2025,Total no coincide con cálculo,SI
2048,6512-2025,Subtotal no coincide con cálculo,SI
2049,26656-25,DNI faltante,SI
2049,26656-25,Total no coincide con cálculo,SI
2050,E32434-25,Total no coincide con cálculo,SI
2050,E32434-25,Subtotal no coincide con cálculo,SI
2053,6316-2025,DNI faltante,SI
2054,67055-25,DNI faltante,SI
2054,67055-25,Total no coincide con cálculo,SI
2054,67055-25,Subtotal no coincide con cálculo,SI
2055,67055-25,DNI faltante,SI
2055,67055-25,Total no coincide con cálculo,SI
2055,67055-25,Subtotal no coincide con cálculo,SI
2056,67055-25,DNI faltante,SI
2056,67055-25,Total no coincide con cálculo,SI
2056,67055-25,Subtotal no coincide con cálculo,SI
2057,3594-2024,DNI faltante,SI
2057,3594-2024,Total no coincide con cálculo,SI
2057,3594-2024,Subtotal no coincide con cálculo,SI
2058,123951-25,DNI faltante,SI
2059,695-2025,DNI faltante,SI
2059,695-2025,Total no coincide con cálculo,SI
2059,695-2025,Subtotal no coincide con cálculo,SI
2060,695-2025,DNI faltante,SI
2060,695-2025,Total no coincide con cálculo,SI
2060,695-2025,Subtotal no coincide con cálculo,SI
2061,695-2025,DNI faltante,SI
2061,695-2025,Total no coincide con cálculo,SI
2061,695-2025,Subtotal no coincide con cálculo,SI
2062,22768-25,Total no coincide con cálculo,SI
2062,22768-25,Subtotal no coincide con cálculo,SI
2063,9353-2025,DNI faltante,SI
2063,9353-2025,Total no coincide con cálculo,SI
2064,LEGACY-2064,DNI faltante,SI
2067,7347-2024,DNI faltante,SI
2067,7347-2024,Total no coincide con cálculo,SI
2067,7347-2024,Subtotal no coincide con cálculo,SI
2068,479-2025,DNI faltante,SI
2069,124305-24,DNI faltante,SI
2069,124305-24,Total no coincide con cálculo,SI
2069,124305-24,Subtotal no coincide con cálculo,SI
2070,4118-2024,DNI faltante,SI
2070,4118-2024,Total no coincide con cálculo,SI
2070,4118-2024,Subtotal no coincide con cálculo,SI
2071,4118-2024,DNI faltante,SI
2071,4118-2024,Total no coincide con cálculo,SI
2071,4118-2024,Subtotal no coincide con cálculo,SI
2072,4118-2024,DNI faltante,SI
2072,4118-2024,Total no coincide con cálculo,SI
2072,4118-2024,Subtotal no coincide con cálculo,SI
2073,E012521624,DNI faltante,SI
2074,4064-2024,DNI faltante,SI
2074,4064-2024,Total no coincide con cálculo,SI
2074,4064-2024,Subtotal no coincide con cálculo,SI
2075,2038-2025,Total no coincide con cálculo,SI
2075,2038-2025,Subtotal no coincide con cálculo,SI
2077,4469-2025,Total no coincide con cálculo,SI
2077,4469-2025,Subtotal no coincide con cálculo,SI
2078,801-2025,Total no coincide con cálculo,SI
2078,801-2025,Subtotal no coincide con cálculo,SI
2080,50266-21,DNI faltante,SI
2080,50266-21,Total no coincide con cálculo,SI
2080,50266-21,Subtotal no coincide con cálculo,SI
2081,106635-25,DNI faltante,SI
2081,106635-25,Total no coincide con cálculo,SI
2081,106635-25,Subtotal no coincide con cálculo,SI
2083,LEGACY-2083,DNI faltante,SI
2084,025499-25,DNI faltante,SI
2084,025499-25,Total no coincide con cálculo,SI
2085,14934-25,DNI faltante,SI
2085,14934-25,Total no coincide con cálculo,SI
2085,14934-25,Subtotal no coincide con cálculo,SI
2086,25393-25,DNI faltante,SI
2087,LEGACY-2087,DNI faltante,SI
2089,LEGACY-2089,DNI faltante,SI
2090,10176-2021,Total no coincide con cálculo,SI
2090,10176-2021,Subtotal no coincide con cálculo,SI
2091,E012520368,DNI faltante,SI
2093,34182-25,DNI faltante,SI
2096,2174-2025,DNI faltante,SI
2096,2174-2025,Total no coincide con cálculo,SI
2096,2174-2025,Subtotal no coincide con cálculo,SI
2097,2174-2025,DNI faltante,SI
2097,2174-2025,Total no coincide con cálculo,SI
2097,2174-2025,Subtotal no coincide con cálculo,SI
2098,64241-21,DNI faltante,SI
2098,64241-21,Total no coincide con cálculo,SI
2098,64241-21,Subtotal no coincide con cálculo,SI
2099,9482-2025,Total no coincide con cálculo,SI
2099,9482-2025,Subtotal no coincide con cálculo,SI
2100,26077-25,DNI faltante,SI
2100,26077-25,Total no coincide con cálculo,SI
2101,10554-2025,DNI faltante,SI
2101,10554-2025,Total no coincide con cálculo,SI
2101,10554-2025,Subtotal no coincide con cálculo,SI
2102,12795-25,DNI faltante,SI
2102,12795-25,Total no coincide con cálculo,SI
2102,12795-25,Subtotal no coincide con cálculo,SI
2104,E-1994-21,DNI faltante,SI
2104,E-1994-21,Total no coincide con cálculo,SI
2104,E-1994-21,Subtotal no coincide con cálculo,SI
2105,E-1994-21,DNI faltante,SI
2105,E-1994-21,Total no coincide con cálculo,SI
2105,E-1994-21,Subtotal no coincide con cálculo,SI
2106,E-1994-21,DNI faltante,SI
2106,E-1994-21,Total no coincide con cálculo,SI
2106,E-1994-21,Subtotal no coincide con cálculo,SI
2107,24614-25,DNI faltante,SI
2108,LEGACY-2108,DNI faltante,SI
2109,125758-25,DNI faltante,SI
2110,15371-25,Total no coincide con cálculo,SI
2110,15371-25,Subtotal no coincide con cálculo,SI
2111,7030-2025,DNI faltante,SI
2111,7030-2025,Total no coincide con cálculo,SI
2111,7030-2025,Subtotal no coincide con cálculo,SI
2112,LEGACY-2112,Total no coincide con cálculo,SI
2112,LEGACY-2112,Subtotal no coincide con cálculo,SI
2114,26226-25,Total no coincide con cálculo,SI
2114,26226-25,Subtotal no coincide con cálculo,SI
2117,11339-25,Total no coincide con cálculo,SI
2117,11339-25,Subtotal no coincide con cálculo,SI
2118,LEGACY-2118,DNI faltante,SI
2121,122410-25,DNI faltante,SI
2123,6949-2025,DNI faltante,SI
2125,2278-2025,DNI faltante,SI
2125,2278-2025,Total no coincide con cálculo,SI
2125,2278-2025,Subtotal no coincide con cálculo,SI
2126,24513-25,DNI faltante,SI
2126,24513-25,Total no coincide con cálculo,SI
2126,24513-25,Subtotal no coincide con cálculo,SI
2127,LEGACY-2127,DNI faltante,SI
2128,4992-2023,Total no coincide con cálculo,SI
2128,4992-2023,Subtotal no coincide con cálculo,SI
2129,LEGACY-2129,DNI faltante,SI
2130,260-2024,DNI faltante,SI
2130,260-2024,Total no coincide con cálculo,SI
2130,260-2024,Subtotal no coincide con cálculo,SI
2131,260-2024,DNI faltante,SI
2131,260-2024,Total no coincide con cálculo,SI
2131,260-2024,Subtotal no coincide con cálculo,SI
2132,,ERROR: RAZONSOCIAL/NOMBRE is empty,NO
2133,,ERROR: RAZONSOCIAL/NOMBRE is empty,NO
2134,22079-25,DNI faltante,SI
2134,22079-25,Total no coincide con cálculo,SI
2134,22079-25,Subtotal no coincide con cálculo,SI
2135,28239-25,Total no coincide con cálculo,SI
2135,28239-25,Subtotal no coincide con cálculo,SI
2136,LEGACY-2136,DNI faltante,SI
2138,3393-2025,DNI faltante,SI
2138,3393-2025,Total no coincide con cálculo,SI
2138,3393-2025,Subtotal no coincide con cálculo,SI
2140,24444,DNI faltante,SI
2140,24444,Total no coincide con cálculo,SI
2140,24444,Subtotal no coincide con cálculo,SI
2141,6978-2025,DNI faltante,SI
2142,017846-25,DNI faltante,SI
2142,017846-25,Total no coincide con cálculo,SI
2142,017846-25,Subtotal no coincide con cálculo,SI
2143,LEGACY-2143,DNI faltante,SI
2144,LEGACY-2144,DNI faltante,SI
2144,LEGACY-2144,Total no coincide con cálculo,SI
2144,LEGACY-2144,Subtotal no coincide con cálculo,SI
2145,LEGACY-2145,DNI faltante,SI
2146,,ERROR: RAZONSOCIAL/NOMBRE is empty,NO
2147,25039-25,DNI faltante,SI
2147,25039-25,Total no coincide con cálculo,SI
2147,25039-25,Subtotal no coincide con cálculo,SI
2148,3299-2025,DNI faltante,SI
2148,3299-2025,Total no coincide con cálculo,SI
2148,3299-2025,Subtotal no coincide con cálculo,SI
2149,LEGACY-2149,DNI faltante,SI
2151,1610-2024,DNI faltante,SI
2151,1610-2024,NROREV anómalo: 7,SI
2151,1610-2024,Total no coincide con cálculo,SI
2151,1610-2024,Subtotal no coincide con cálculo,SI
2152,1610-2024,DNI faltante,SI
2152,1610-2024,Total no coincide con cálculo,SI
2152,1610-2024,Subtotal no coincide con cálculo,SI
2153,1610-2024,DNI faltante,SI
2153,1610-2024,Total no coincide con cálculo,SI
2153,1610-2024,Subtotal no coincide con cálculo,SI
2154,121963-25,DNI faltante,SI
2155,LEGACY-2155,DNI faltante,SI
2156,2113-2025,DNI faltante,SI
2156,2113-2025,Total no coincide con cálculo,SI
2156,2113-2025,Subtotal no coincide con cálculo,SI
2157,22689-25,DNI faltante,SI
2158,LEGACY-2158,DNI faltante,SI
2159,121435-25,DNI faltante,SI
2159,121435-25,Total no coincide con cálculo,SI
2159,121435-25,Subtotal no coincide con cálculo,SI
2160,24555,Total no coincide con cálculo,SI
2160,24555,Subtotal no coincide con cálculo,SI
2162,14580-25,Total no coincide con cálculo,SI
2162,14580-25,Subtotal no coincide con cálculo,SI
2163,7517-2025,DNI faltante,SI
2163,7517-2025,Total no coincide con cálculo,SI
2163,7517-2025,Subtotal no coincide con cálculo,SI
2165,6740-2023,Total no coincide con cálculo,SI
2165,6740-2023,Subtotal no coincide con cálculo,SI
2166,LEGACY-2166,Total no coincide con cálculo,SI
2166,LEGACY-2166,Subtotal no coincide con cálculo,SI
2167,22301-2025,DNI faltante,SI
2168,380092,Total no coincide con cálculo,SI
2168,380092,Subtotal no coincide con cálculo,SI
2169,380092,Total no coincide con cálculo,SI
2169,380092,Subtotal no coincide con cálculo,SI
2171,21948-25,DNI faltante,SI
2171,21948-25,Total no coincide con cálculo,SI
2171,21948-25,Subtotal no coincide con cálculo,SI
2172,6009-2022,DNI faltante,SI
2172,6009-2022,Total no coincide con cálculo,SI
2172,6009-2022,Subtotal no coincide con cálculo,SI
2173,6009-2022,DNI faltante,SI
2173,6009-2022,Total no coincide con cálculo,SI
2173,6009-2022,Subtotal no coincide con cálculo,SI
2174,8045-2017,DNI faltante,SI
2174,8045-2017,Total no coincide con cálculo,SI
2174,8045-2017,Subtotal no coincide con cálculo,SI
2175,8045-2017,DNI faltante,SI
2175,8045-2017,Total no coincide con cálculo,SI
2175,8045-2017,Subtotal no coincide con cálculo,SI
2176,8045-2017,DNI faltante,SI
2176,8045-2017,Total no coincide con cálculo,SI
2176,8045-2017,Subtotal no coincide con cálculo,SI
2177,LEGACY-2177,DNI faltante,SI
2178,LEGACY-2178,DNI faltante,SI
2179,24277,Total no coincide con cálculo,SI
2180,24368,DNI faltante,SI
2181,22636-25,DNI faltante,SI
2181,22636-25,Total no coincide con cálculo,SI
2181,22636-25,Subtotal no coincide con cálculo,SI
2182,E012519283,DNI faltante,SI
2185,3339-2024,Total no coincide con cálculo,SI
2185,3339-2024,Subtotal no coincide con cálculo,SI
2186,3339-2024,Total no coincide con cálculo,SI
2186,3339-2024,Subtotal no coincide con cálculo,SI
2187,3339-2024,Total no coincide con cálculo,SI
2187,3339-2024,Subtotal no coincide con cálculo,SI
2188,31600-25,Total no coincide con cálculo,SI
2188,31600-25,Subtotal no coincide con cálculo,SI
2189,LEGACY-2189,Total no coincide con cálculo,SI
2189,LEGACY-2189,Subtotal no coincide con cálculo,SI
2190,31600-26,Total no coincide con cálculo,SI
2190,31600-26,Subtotal no coincide con cálculo,SI
2192,LEGACY-2192,DNI faltante,SI
2192,LEGACY-2192,Total no coincide con cálculo,SI
2192,LEGACY-2192,Subtotal no coincide con cálculo,SI
2195,E012519259,DNI faltante,SI
2196,LEGACY-2196,Total no coincide con cálculo,SI
2196,LEGACY-2196,Subtotal no coincide con cálculo,SI
2197,18274-2025,DNI faltante,SI
2198,126646-25,Total no coincide con cálculo,SI
2198,126646-25,Subtotal no coincide con cálculo,SI
2199,25297-24,DNI faltante,SI
2199,25297-24,Total no coincide con cálculo,SI
2199,25297-24,Subtotal no coincide con cálculo,SI
2200,6391-2024,DNI faltante,SI
2200,6391-2024,Total no coincide con cálculo,SI
2200,6391-2024,Subtotal no coincide con cálculo,SI
2201,-47692,Total no coincide con cálculo,SI
2205,8507-2024,DNI faltante,SI
2205,8507-2024,Total no coincide con cálculo,SI
2205,8507-2024,Subtotal no coincide con cálculo,SI
2206,20385-2025,DNI faltante,SI
2207,18766-24,Total no coincide con cálculo,SI
2207,18766-24,Subtotal no coincide con cálculo,SI
2208,18766-24,Total no coincide con cálculo,SI
2208,18766-24,Subtotal no coincide con cálculo,SI
2209,18766-24,Total no coincide con cálculo,SI
2209,18766-24,Subtotal no coincide con cálculo,SI
2212,LEGACY-2212,DNI faltante,SI
2212,LEGACY-2212,Total no coincide con cálculo,SI
2212,LEGACY-2212,Subtotal no coincide con cálculo,SI
2213,LEGACY-2213,DNI faltante,SI
2214,7002-2025,DNI faltante,SI
2215,LEGACY-2215,DNI faltante,SI
2216,8105-2025,Total no coincide con cálculo,SI
2216,8105-2025,Subtotal no coincide con cálculo,SI
2217,6661-25,DNI faltante,SI
2218,121108-25,DNI faltante,SI
2219,E-32487-24,DNI faltante,SI
2219,E-32487-24,Total no coincide con cálculo,SI
2219,E-32487-24,Subtotal no coincide con cálculo,SI
2221,120271-25,DNI faltante,SI
2221,120271-25,Total no coincide con cálculo,SI
2221,120271-25,Subtotal no coincide con cálculo,SI
2222,6924-2024,DNI faltante,SI
2222,6924-2024,Total no coincide con cálculo,SI
2222,6924-2024,Subtotal no coincide con cálculo,SI
2223,6924-2024,DNI faltante,SI
2223,6924-2024,Total no coincide con cálculo,SI
2223,6924-2024,Subtotal no coincide con cálculo,SI
2224,6924-2024,DNI faltante,SI
2224,6924-2024,Total no coincide con cálculo,SI
2224,6924-2024,Subtotal no coincide con cálculo,SI
2225,6388-2025,DNI faltante,SI
2227,128239-24,Total no coincide con cálculo,SI
2227,128239-24,Subtotal no coincide con cálculo,SI
2228,LEGACY-2228,DNI faltante,SI
2228,LEGACY-2228,Total no coincide con cálculo,SI
2228,LEGACY-2228,Subtotal no coincide con cálculo,SI
2229,LEGACY-2229,DNI faltante,SI
2229,LEGACY-2229,Total no coincide con cálculo,SI
2229,LEGACY-2229,Subtotal no coincide con cálculo,SI
2230,106635-25,DNI faltante,SI
2230,106635-25,Total no coincide con cálculo,SI
2230,106635-25,Subtotal no coincide con cálculo,SI
2232,16984-25,DNI faltante,SI
2232,16984-25,Total no coincide con cálculo,SI
2232,16984-25,Subtotal no coincide con cálculo,SI
2233,LEGACY-2233,Total no coincide con cálculo,SI
2233,LEGACY-2233,Subtotal no coincide con cálculo,SI
2234,10283-2024,DNI faltante,SI
2234,10283-2024,Total no coincide con cálculo,SI
2234,10283-2024,Subtotal no coincide con cálculo,SI
2235,12449-24,DNI faltante,SI
2235,12449-24,Total no coincide con cálculo,SI
2235,12449-24,Subtotal no coincide con cálculo,SI
2236,12449-24,DNI faltante,SI
2236,12449-24,Total no coincide con cálculo,SI
2236,12449-24,Subtotal no coincide con cálculo,SI
2237,12449-24,DNI faltante,SI
2237,12449-24,Total no coincide con cálculo,SI
2237,12449-24,Subtotal no coincide con cálculo,SI
2238,120169-25,DNI faltante,SI
2239,LEGACY-2239,DNI faltante,SI
2240,2065-2025,DNI faltante,SI
2240,2065-2025,Total no coincide con cálculo,SI
2240,2065-2025,Subtotal no coincide con cálculo,SI
2241,3230-2024,DNI faltante,SI
2241,3230-2024,Total no coincide con cálculo,SI
2241,3230-2024,Subtotal no coincide con cálculo,SI
2242,3230-2024,DNI faltante,SI
2242,3230-2024,Total no coincide con cálculo,SI
2242,3230-2024,Subtotal no coincide con cálculo,SI
2243,3230-2024,DNI faltante,SI
2243,3230-2024,Total no coincide con cálculo,SI
2243,3230-2024,Subtotal no coincide con cálculo,SI
2244,6408-2025,DNI faltante,SI
2245,35031-25,DNI faltante,SI
2246,LEGACY-2246,DNI faltante,SI
2247,4148-2025,Total no coincide con cálculo,SI
2247,4148-2025,Subtotal no coincide con cálculo,SI
2248,4148-2025,Total no coincide con cálculo,SI
2248,4148-2025,Subtotal no coincide con cálculo,SI
2249,LEGACY-2249,DNI faltante,SI
2250,LEGACY-2250,DNI faltante,SI
2251,0201655-25,DNI faltante,SI
2253,LEGACY-2253,DNI faltante,SI
2253,LEGACY-2253,Total no coincide con cálculo,SI
2253,LEGACY-2253,Subtotal no coincide con cálculo,SI
2254,25479-25,DNI faltante,SI
2254,25479-25,Total no coincide con cálculo,SI
2254,25479-25,Subtotal no coincide con cálculo,SI
2255,LEGACY-2255,DNI faltante,SI
2255,LEGACY-2255,Total no coincide con cálculo,SI
2255,LEGACY-2255,Subtotal no coincide con cálculo,SI
2256,04050-2025,Total no coincide con cálculo,SI
2256,04050-2025,Subtotal no coincide con cálculo,SI
2257,32629-2025,DNI faltante,SI
2258,8646-2025,DNI faltante,SI
2259,3008-2025,Total no coincide con cálculo,SI
2259,3008-2025,Subtotal no coincide con cálculo,SI
2260,6282-2025,DNI faltante,SI
2260,6282-2025,Total no coincide con cálculo,SI
2260,6282-2025,Subtotal no coincide con cálculo,SI
2261,6282-2025,DNI faltante,SI
2261,6282-2025,Total no coincide con cálculo,SI
2261,6282-2025,Subtotal no coincide con cálculo,SI
2262,6282-2025,DNI faltante,SI
2262,6282-2025,Total no coincide con cálculo,SI
2262,6282-2025,Subtotal no coincide con cálculo,SI
2263,1153-2024,DNI faltante,SI
2263,1153-2024,Total no coincide con cálculo,SI
2263,1153-2024,Subtotal no coincide con cálculo,SI
2264,14842-2025,DNI faltante,SI
2265,120052-25,DNI faltante,SI
2267,LEGACY-2267,Total no coincide con cálculo,SI
2268,113918-25,DNI faltante,SI
2268,113918-25,Total no coincide con cálculo,SI
2268,113918-25,Subtotal no coincide con cálculo,SI
2269,230372-23,DNI faltante,SI
2269,230372-23,NROREV anómalo: 7,SI
2269,230372-23,Total no coincide con cálculo,SI
2269,230372-23,Subtotal no coincide con cálculo,SI
2270,230372-23,DNI faltante,SI
2270,230372-23,Total no coincide con cálculo,SI
2270,230372-23,Subtotal no coincide con cálculo,SI
2271,230372-23,DNI faltante,SI
2271,230372-23,Total no coincide con cálculo,SI
2271,230372-23,Subtotal no coincide con cálculo,SI
2272,40003-25,DNI faltante,SI
2272,40003-25,Total no coincide con cálculo,SI
2272,40003-25,Subtotal no coincide con cálculo,SI
2273,126162-25,DNI faltante,SI
2273,126162-25,Total no coincide con cálculo,SI
2273,126162-25,Subtotal no coincide con cálculo,SI
2274,125927-25,DNI faltante,SI
2276,6249-2025,DNI faltante,SI
2277,111820-25,DNI faltante,SI
2277,111820-25,Total no coincide con cálculo,SI
2277,111820-25,Subtotal no coincide con cálculo,SI
2278,19598-25,DNI faltante,SI
2278,19598-25,Total no coincide con cálculo,SI
2278,19598-25,Subtotal no coincide con cálculo,SI
2279,11555-2025,Total no coincide con cálculo,SI
2279,11555-2025,Subtotal no coincide con cálculo,SI
2280,LEGACY-2280,DNI faltante,SI
2281,3204-2025,Total no coincide con cálculo,SI
2281,3204-2025,Subtotal no coincide con cálculo,SI
2284,18280-2023,Total no coincide con cálculo,SI
2284,18280-2023,Subtotal no coincide con cálculo,SI
2285,LEGACY-2285,DNI faltante,SI
2286,7505-2025,DNI faltante,SI
2288,4978-2024,Total no coincide con cálculo,SI
2288,4978-2024,Subtotal no coincide con cálculo,SI
2289,LEGACY-2289,DNI faltante,SI
2290,92273-25,DNI faltante,SI
2292,LEGACY-2292,DNI faltante,SI
2292,LEGACY-2292,Total no coincide con cálculo,SI
2292,LEGACY-2292,Subtotal no coincide con cálculo,SI
2293,E012517622,DNI faltante,SI
2294,6090-2025,DNI faltante,SI
2294,6090-2025,Total no coincide con cálculo,SI
2294,6090-2025,Subtotal no coincide con cálculo,SI
2295,5372-2024,DNI faltante,SI
2295,5372-2024,Total no coincide con cálculo,SI
2295,5372-2024,Subtotal no coincide con cálculo,SI
2296,LEGACY-2296,DNI faltante,SI
2297,119551-24,DNI faltante,SI
2297,119551-24,Total no coincide con cálculo,SI
2297,119551-24,Subtotal no coincide con cálculo,SI
2298,119551-24,DNI faltante,SI
2298,119551-24,Total no coincide con cálculo,SI
2298,119551-24,Subtotal no coincide con cálculo,SI
2299,119551-24,DNI faltante,SI
2299,119551-24,Total no coincide con cálculo,SI
2299,119551-24,Subtotal no coincide con cálculo,SI
2300,18215-25,DNI faltante,SI
2301,0109805-25,DNI faltante,SI
2301,0109805-25,Total no coincide con cálculo,SI
2301,0109805-25,Subtotal no coincide con cálculo,SI
2302,,ERROR: RAZONSOCIAL/NOMBRE is empty,NO
2303,LEGACY-2303,DNI faltante,SI
2305,33090-25,Total no coincide con cálculo,SI
2305,33090-25,Subtotal no coincide con cálculo,SI
2306,19201-2025,DNI faltante,SI
2307,04458-2021,DNI faltante,SI
2307,04458-2021,Total no coincide con cálculo,SI
2307,04458-2021,Subtotal no coincide con cálculo,SI
2309,9377-2025,DNI faltante,SI
2310,29397-25,DNI faltante,SI
2310,29397-25,Total no coincide con cálculo,SI
2310,29397-25,Subtotal no coincide con cálculo,SI
2311,12928-2025,DNI faltante,SI
2311,12928-2025,Total no coincide con cálculo,SI
2311,12928-2025,Subtotal no coincide con cálculo,SI
2312,11792-2025,Total no coincide con cálculo,SI
2312,11792-2025,Subtotal no coincide con cálculo,SI
2313,31810-25,DNI faltante,SI
2314,1459-2025,DNI faltante,SI
2314,1459-2025,Total no coincide con cálculo,SI
2314,1459-2025,Subtotal no coincide con cálculo,SI
2315,1459-2025,DNI faltante,SI
2315,1459-2025,Total no coincide con cálculo,SI
2315,1459-2025,Subtotal no coincide con cálculo,SI
2316,1459-2025,DNI faltante,SI
2316,1459-2025,Total no coincide con cálculo,SI
2316,1459-2025,Subtotal no coincide con cálculo,SI
2317,LEGACY-2317,DNI faltante,SI
2318,120777-25,DNI faltante,SI
2319,6086-2025,DNI faltante,SI
2319,6086-2025,Total no coincide con cálculo,SI
2321,5945-2025,DNI faltante,SI
2322,1610-2024,DNI faltante,SI
2322,1610-2024,Total no coincide con cálculo,SI
2322,1610-2024,Subtotal no coincide con cálculo,SI
2325,LEGACY-2325,DNI faltante,SI
2326,10071-24,DNI faltante,SI
2326,10071-24,Total no coincide con cálculo,SI
2326,10071-24,Subtotal no coincide con cálculo,SI
2327,LEGACY-2327,Total no coincide con cálculo,SI
2327,LEGACY-2327,Subtotal no coincide con cálculo,SI
2328,26455-25,DNI faltante,SI
2328,26455-25,Total no coincide con cálculo,SI
2328,26455-25,Subtotal no coincide con cálculo,SI
2330,112690-25,Total no coincide con cálculo,SI
2330,112690-25,Subtotal no coincide con cálculo,SI
2331,20574-2025,DNI faltante,SI
2331,20574-2025,Total no coincide con cálculo,SI
2331,20574-2025,Subtotal no coincide con cálculo,SI
2335,,ERROR: RAZONSOCIAL/NOMBRE is empty,NO
2337,5849-2024,DNI faltante,SI
2337,5849-2024,Total no coincide con cálculo,SI
2337,5849-2024,Subtotal no coincide con cálculo,SI
2338,5849-2024,DNI faltante,SI
2338,5849-2024,Total no coincide con cálculo,SI
2338,5849-2024,Subtotal no coincide con cálculo,SI
2339,5849-2024,DNI faltante,SI
2339,5849-2024,Total no coincide con cálculo,SI
2339,5849-2024,Subtotal no coincide con cálculo,SI
2340,12117-2025,Total no coincide con cálculo,SI
2340,12117-2025,Subtotal no coincide con cálculo,SI
2341,LEGACY-2341,DNI faltante,SI
2343,16303-25,DNI faltante,SI
2344,LEGACY-2344,Total no coincide con cálculo,SI
2344,LEGACY-2344,Subtotal no coincide con cálculo,SI
2345,68869-25,DNI faltante,SI
2348,18490-25,DNI faltante,SI
2350,LEGACY-2350,DNI faltante,SI
2351,892-2026,Total no coincide con cálculo,SI
2352,LEGACY-2352,DNI faltante,SI
2353,6701-2023,DNI faltante,SI
2353,6701-2023,Total no coincide con cálculo,SI
2353,6701-2023,Subtotal no coincide con cálculo,SI
2355,LEGACY-2355,DNI faltante,SI
2357,10778-25,DNI faltante,SI
2359,08352-2025,DNI faltante,SI
2359,08352-2025,Total no coincide con cálculo,SI
2359,08352-2025,Subtotal no coincide con cálculo,SI
2360,E29146-25,DNI faltante,SI
2360,E29146-25,Total no coincide con cálculo,SI
2360,E29146-25,Subtotal no coincide con cálculo,SI
2361,11889-25,DNI faltante,SI
2361,11889-25,Total no coincide con cálculo,SI
2361,11889-25,Subtotal no coincide con cálculo,SI
2362,9133-2024,DNI faltante,SI
2362,9133-2024,Total no coincide con cálculo,SI
2362,9133-2024,Subtotal no coincide con cálculo,SI
2365,1674-2026,DNI faltante,SI
2366,5886-2025,DNI faltante,SI
2366,5886-2025,Total no coincide con cálculo,SI
2366,5886-2025,Subtotal no coincide con cálculo,SI
2367,5826-2025,DNI faltante,SI
2367,5826-2025,Total no coincide con cálculo,SI
2367,5826-2025,Subtotal no coincide con cálculo,SI
2368,5826-2025,DNI faltante,SI
2368,5826-2025,Total no coincide con cálculo,SI
2368,5826-2025,Subtotal no coincide con cálculo,SI
2369,5759-2024,Total no coincide con cálculo,SI
2369,5759-2024,Subtotal no coincide con cálculo,SI
2370,801-2025,Total no coincide con cálculo,SI
2370,801-2025,Subtotal no coincide con cálculo,SI
2371,LEGACY-2371,DNI faltante,SI
2372,LEGACY-2372,DNI faltante,SI
2373,E-2421-25,DNI faltante,SI
2375,114101-24,DNI faltante,SI
2375,114101-24,Total no coincide con cálculo,SI
2375,114101-24,Subtotal no coincide con cálculo,SI
2376,114101-24,DNI faltante,SI
2376,114101-24,Total no coincide con cálculo,SI
2376,114101-24,Subtotal no coincide con cálculo,SI
2377,114101-24,DNI faltante,SI
2377,114101-24,Total no coincide con cálculo,SI
2377,114101-24,Subtotal no coincide con cálculo,SI
2378,E012516892,DNI faltante,SI
2379,2470-2025,Total no coincide con cálculo,SI
2379,2470-2025,Subtotal no coincide con cálculo,SI
2380,2853-2025,DNI faltante,SI
2380,2853-2025,Total no coincide con cálculo,SI
2380,2853-2025,Subtotal no coincide con cálculo,SI
2381,2853-2025,DNI faltante,SI
2381,2853-2025,Total no coincide con cálculo,SI
2381,2853-2025,Subtotal no coincide con cálculo,SI
2382,LEGACY-2382,DNI faltante,SI
2385,5871-2025,DNI faltante,SI
2386,66746-25,DNI faltante,SI
2387,11686-25,Total no coincide con cálculo,SI
2387,11686-25,Subtotal no coincide con cálculo,SI
2388,11686-25,Total no coincide con cálculo,SI
2388,11686-25,Subtotal no coincide con cálculo,SI
2389,009227-25,DNI faltante,SI
2390,15908-25,DNI faltante,SI
2390,15908-25,Total no coincide con cálculo,SI
2390,15908-25,Subtotal no coincide con cálculo,SI
2391,15908,DNI faltante,SI
2391,15908,Total no coincide con cálculo,SI
2391,15908,Subtotal no coincide con cálculo,SI
2392,15908-25,DNI faltante,SI
2392,15908-25,Total no coincide con cálculo,SI
2392,15908-25,Subtotal no coincide con cálculo,SI
2393,2959-24,DNI faltante,SI
2393,2959-24,Total no coincide con cálculo,SI
2393,2959-24,Subtotal no coincide con cálculo,SI
2394,2959-24,DNI faltante,SI
2394,2959-24,Total no coincide con cálculo,SI
2394,2959-24,Subtotal no coincide con cálculo,SI
2395,30550-25,DNI faltante,SI
2396,25011-2024,DNI faltante,SI
2396,25011-2024,Total no coincide con cálculo,SI
2396,25011-2024,Subtotal no coincide con cálculo,SI
2399,LEGACY-2399,DNI faltante,SI
2399,LEGACY-2399,Total no coincide con cálculo,SI
2399,LEGACY-2399,Subtotal no coincide con cálculo,SI
2400,14849-24,DNI faltante,SI
2400,14849-24,Total no coincide con cálculo,SI
2400,14849-24,Subtotal no coincide con cálculo,SI
2401,14849-24,DNI faltante,SI
2401,14849-24,Total no coincide con cálculo,SI
2401,14849-24,Subtotal no coincide con cálculo,SI
2402,14849-24,DNI faltante,SI
2402,14849-24,Total no coincide con cálculo,SI
2402,14849-24,Subtotal no coincide con cálculo,SI
2403,LEGACY-2403,DNI faltante,SI
2404,5567-2025,DNI faltante,SI
2405,24378,DNI faltante,SI
2406,14350-2025,DNI faltante,SI
2407,13855-20,DNI faltante,SI
2407,13855-20,Total no coincide con cálculo,SI
2407,13855-20,Subtotal no coincide con cálculo,SI
2408,13855-20,DNI faltante,SI
2408,13855-20,Total no coincide con cálculo,SI
2408,13855-20,Subtotal no coincide con cálculo,SI
2409,13855-20,DNI faltante,SI
2409,13855-20,Total no coincide con cálculo,SI
2409,13855-20,Subtotal no coincide con cálculo,SI
2410,17729-25,Total no coincide con cálculo,SI
2410,17729-25,Subtotal no coincide con cálculo,SI
2412,6283-2025,DNI faltante,SI
2413,5995-2024,DNI faltante,SI
2413,5995-2024,Total no coincide con cálculo,SI
2413,5995-2024,Subtotal no coincide con cálculo,SI
2414,14921-2025,DNI faltante,SI
2414,14921-2025,Total no coincide con cálculo,SI
2414,14921-2025,Subtotal no coincide con cálculo,SI
2415,07679-25,DNI faltante,SI
2415,07679-25,Total no coincide con cálculo,SI
2415,07679-25,Subtotal no coincide con cálculo,SI
2417,2309-2025,DNI faltante,SI
2417,2309-2025,Total no coincide con cálculo,SI
2417,2309-2025,Subtotal no coincide con cálculo,SI
2418,04712-25,DNI faltante,SI
2418,04712-25,Total no coincide con cálculo,SI
2418,04712-25,Subtotal no coincide con cálculo,SI
2419,06206-24,DNI faltante,SI
2419,06206-24,Total no coincide con cálculo,SI
2419,06206-24,Subtotal no coincide con cálculo,SI
2420,06206-24,DNI faltante,SI
2420,06206-24,Total no coincide con cálculo,SI
2420,06206-24,Subtotal no coincide con cálculo,SI
2421,06206-24,DNI faltante,SI
2421,06206-24,Total no coincide con cálculo,SI
2421,06206-24,Subtotal no coincide con cálculo,SI
2422,14844-25,DNI faltante,SI
2422,14844-25,Total no coincide con cálculo,SI
2422,14844-25,Subtotal no coincide con cálculo,SI
2423,5516-2025,DNI faltante,SI
2425,LEGACY-2425,DNI faltante,SI
2426,2113-2025,DNI faltante,SI
2426,2113-2025,Total no coincide con cálculo,SI
2426,2113-2025,Subtotal no coincide con cálculo,SI
2427,5856-2025,DNI faltante,SI
2427,5856-2025,Total no coincide con cálculo,SI
2427,5856-2025,Subtotal no coincide con cálculo,SI
2428,5856-2025,DNI faltante,SI
2428,5856-2025,Total no coincide con cálculo,SI
2428,5856-2025,Subtotal no coincide con cálculo,SI
2429,117454-25,DNI faltante,SI
2429,117454-25,Total no coincide con cálculo,SI
2429,117454-25,Subtotal no coincide con cálculo,SI
2430,117454-25,DNI faltante,SI
2430,117454-25,Total no coincide con cálculo,SI
2430,117454-25,Subtotal no coincide con cálculo,SI
2431,7003-2020,DNI faltante,SI
2431,7003-2020,Total no coincide con cálculo,SI
2431,7003-2020,Subtotal no coincide con cálculo,SI
2432,24466,Total no coincide con cálculo,SI
2432,24466,Subtotal no coincide con cálculo,SI
2433,24466,Total no coincide con cálculo,SI
2433,24466,Subtotal no coincide con cálculo,SI
2434,117454-25,DNI faltante,SI
2434,117454-25,Total no coincide con cálculo,SI
2434,117454-25,Subtotal no coincide con cálculo,SI
2435,117661-25,DNI faltante,SI
2436,15308-25,DNI faltante,SI
2437,117387-25,DNI faltante,SI
2438,5856-2025,DNI faltante,SI
2438,5856-2025,Total no coincide con cálculo,SI
2438,5856-2025,Subtotal no coincide con cálculo,SI
2441,LEGACY-2441,DNI faltante,SI
2442,LEGACY-2442,DNI faltante,SI
2442,LEGACY-2442,Total no coincide con cálculo,SI
2442,LEGACY-2442,Subtotal no coincide con cálculo,SI
2443,LEGACY-2443,DNI faltante,SI
2443,LEGACY-2443,Total no coincide con cálculo,SI
2443,LEGACY-2443,Subtotal no coincide con cálculo,SI
2444,LEGACY-2444,DNI faltante,SI
2444,LEGACY-2444,Total no coincide con cálculo,SI
2444,LEGACY-2444,Subtotal no coincide con cálculo,SI
2445,37109-24,DNI faltante,SI
2445,37109-24,Total no coincide con cálculo,SI
2445,37109-24,Subtotal no coincide con cálculo,SI
2446,24697-24,DNI faltante,SI
2446,24697-24,Total no coincide con cálculo,SI
2446,24697-24,Subtotal no coincide con cálculo,SI
2449,13563-22,DNI faltante,SI
2449,13563-22,Total no coincide con cálculo,SI
2449,13563-22,Subtotal no coincide con cálculo,SI
2450,13563-22,DNI faltante,SI
2450,13563-22,Total no coincide con cálculo,SI
2450,13563-22,Subtotal no coincide con cálculo,SI
2451,13563-22,DNI faltante,SI
2451,13563-22,Total no coincide con cálculo,SI
2451,13563-22,Subtotal no coincide con cálculo,SI
2452,E012507760,Total no coincide con cálculo,SI
2452,E012507760,Subtotal no coincide con cálculo,SI
2453,118095-25,Total no coincide con cálculo,SI
2453,118095-25,Subtotal no coincide con cálculo,SI
2454,5444-2025,DNI faltante,SI
2454,5444-2025,Total no coincide con cálculo,SI
2454,5444-2025,Subtotal no coincide con cálculo,SI
2455,5444-2025,DNI faltante,SI
2455,5444-2025,Total no coincide con cálculo,SI
2455,5444-2025,Subtotal no coincide con cálculo,SI
2456,5444-2025,DNI faltante,SI
2456,5444-2025,Total no coincide con cálculo,SI
2456,5444-2025,Subtotal no coincide con cálculo,SI
2457,6968-2026,DNI faltante,SI
2457,6968-2026,Total no coincide con cálculo,SI
2457,6968-2026,Subtotal no coincide con cálculo,SI
2458,14695-25,DNI faltante,SI
2459,LEGACY-2459,DNI faltante,SI
2459,LEGACY-2459,Total no coincide con cálculo,SI
2459,LEGACY-2459,Subtotal no coincide con cálculo,SI
2460,LEGACY-2460,DNI faltante,SI
2461,LEGACY-2461,DNI faltante,SI
2461,LEGACY-2461,Total no coincide con cálculo,SI
2461,LEGACY-2461,Subtotal no coincide con cálculo,SI
2462,14757-25,DNI faltante,SI
2464,13103-25,DNI faltante,SI
2470,21466-2024,Total no coincide con cálculo,SI
2470,21466-2024,Subtotal no coincide con cálculo,SI
2472,19559-25,DNI faltante,SI
2473,5392-2025,DNI faltante,SI
2474,25651-2025,DNI faltante,SI
2476,LEGACY-2476,DNI faltante,SI
2476,LEGACY-2476,Total no coincide con cálculo,SI
2476,LEGACY-2476,Subtotal no coincide con cálculo,SI
2477,3594-2024,DNI faltante,SI
2477,3594-2024,Total no coincide con cálculo,SI
2477,3594-2024,Subtotal no coincide con cálculo,SI
2478,3594-2024,DNI faltante,SI
2478,3594-2024,Total no coincide con cálculo,SI
2478,3594-2024,Subtotal no coincide con cálculo,SI
2479,3594-2024,DNI faltante,SI
2479,3594-2024,Total no coincide con cálculo,SI
2479,3594-2024,Subtotal no coincide con cálculo,SI
2480,1911-2025,Total no coincide con cálculo,SI
2480,1911-2025,Subtotal no coincide con cálculo,SI
2483,22263-25,DNI faltante,SI
2483,22263-25,Total no coincide con cálculo,SI
2483,22263-25,Subtotal no coincide con cálculo,SI
2484,014145-25,DNI faltante,SI
2485,2581-2025,DNI faltante,SI
2488,63671-25,DNI faltante,SI
2489,LEGACY-2489,DNI faltante,SI
2489,LEGACY-2489,Total no coincide con cálculo,SI
2489,LEGACY-2489,Subtotal no coincide con cálculo,SI
2490,LEGACY-2490,DNI faltante,SI
2490,LEGACY-2490,Total no coincide con cálculo,SI
2490,LEGACY-2490,Subtotal no coincide con cálculo,SI
2491,LEGACY-2491,DNI faltante,SI
2491,LEGACY-2491,Total no coincide con cálculo,SI
2491,LEGACY-2491,Subtotal no coincide con cálculo,SI
2494,22606-24,DNI faltante,SI
2494,22606-24,Total no coincide con cálculo,SI
2494,22606-24,Subtotal no coincide con cálculo,SI
2495,22606-24,DNI faltante,SI
2495,22606-24,Total no coincide con cálculo,SI
2495,22606-24,Subtotal no coincide con cálculo,SI
2496,22606-24,DNI faltante,SI
2496,22606-24,Total no coincide con cálculo,SI
2496,22606-24,Subtotal no coincide con cálculo,SI
2497,,ERROR: RAZONSOCIAL/NOMBRE is empty,NO
2498,975-2025,DNI faltante,SI
2498,975-2025,Total no coincide con cálculo,SI
2498,975-2025,Subtotal no coincide con cálculo,SI
2499,80209-24,DNI faltante,SI
2499,80209-24,Total no coincide con cálculo,SI
2499,80209-24,Subtotal no coincide con cálculo,SI
2500,LEGACY-2500,DNI faltante,SI
2501,LEGACY-2501,DNI faltante,SI
2502,3885-2025,DNI faltante,SI
2502,3885-2025,Total no coincide con cálculo,SI
2502,3885-2025,Subtotal no coincide con cálculo,SI
2503,3865-2025,DNI faltante,SI
2503,3865-2025,Total no coincide con cálculo,SI
2503,3865-2025,Subtotal no coincide con cálculo,SI
2504,11469-25,DNI faltante,SI
2504,11469-25,Total no coincide con cálculo,SI
2504,11469-25,Subtotal no coincide con cálculo,SI
2506,5288-2025,DNI faltante,SI
2507,4754-24,DNI faltante,SI
2507,4754-24,Total no coincide con cálculo,SI
2507,4754-24,Subtotal no coincide con cálculo,SI
2509,4754-24,DNI faltante,SI
2509,4754-24,Total no coincide con cálculo,SI
2509,4754-24,Subtotal no coincide con cálculo,SI
2510,4754-24,DNI faltante,SI
2510,4754-24,Total no coincide con cálculo,SI
2510,4754-24,Subtotal no coincide con cálculo,SI
2513,151709-25,DNI faltante,SI
2513,151709-25,Total no coincide con cálculo,SI
2513,151709-25,Subtotal no coincide con cálculo,SI
2514,151709-25,DNI faltante,SI
2514,151709-25,Total no coincide con cálculo,SI
2514,151709-25,Subtotal no coincide con cálculo,SI
2515,5361-2025,DNI faltante,SI
2515,5361-2025,Total no coincide con cálculo,SI
2515,5361-2025,Subtotal no coincide con cálculo,SI
2516,5361-25,DNI faltante,SI
2516,5361-25,Total no coincide con cálculo,SI
2516,5361-25,Subtotal no coincide con cálculo,SI
2518,5361-2025,DNI faltante,SI
2518,5361-2025,Total no coincide con cálculo,SI
2518,5361-2025,Subtotal no coincide con cálculo,SI
2519,23079-2025,DNI faltante,SI
2519,23079-2025,Total no coincide con cálculo,SI
2519,23079-2025,Subtotal no coincide con cálculo,SI
2521,151709-25,DNI faltante,SI
2521,151709-25,Total no coincide con cálculo,SI
2521,151709-25,Subtotal no coincide con cálculo,SI
2522,LEGACY-2522,DNI faltante,SI
2523,3383-2025,DNI faltante,SI
2523,3383-2025,Total no coincide con cálculo,SI
2523,3383-2025,Subtotal no coincide con cálculo,SI
2524,24380,Total no coincide con cálculo,SI
2524,24380,Subtotal no coincide con cálculo,SI
2526,E-0038,DNI faltante,SI
2528,24415-25,Total no coincide con cálculo,SI
2528,24415-25,Subtotal no coincide con cálculo,SI
2529,LEGACY-2529,DNI faltante,SI
2530,17821-25,Total no coincide con cálculo,SI
2530,17821-25,Subtotal no coincide con cálculo,SI
2531,16026-25,DNI faltante,SI
2532,07984-24,DNI faltante,SI
2532,07984-24,Total no coincide con cálculo,SI
2532,07984-24,Subtotal no coincide con cálculo,SI
2533,24511,Total no coincide con cálculo,SI
2533,24511,Subtotal no coincide con cálculo,SI
2534,LEGACY-2534,DNI faltante,SI
2535,014145-25,DNI faltante,SI
2537,37109-24,DNI faltante,SI
2537,37109-24,Total no coincide con cálculo,SI
2537,37109-24,Subtotal no coincide con cálculo,SI
2539,6583-24,DNI faltante,SI
2539,6583-24,Total no coincide con cálculo,SI
2539,6583-24,Subtotal no coincide con cálculo,SI
2540,6583-24,DNI faltante,SI
2540,6583-24,Total no coincide con cálculo,SI
2540,6583-24,Subtotal no coincide con cálculo,SI
2541,6583-24,DNI faltante,SI
2541,6583-24,Total no coincide con cálculo,SI
2541,6583-24,Subtotal no coincide con cálculo,SI
2543,7979-2024,DNI faltante,SI
2543,7979-2024,Total no coincide con cálculo,SI
2543,7979-2024,Subtotal no coincide con cálculo,SI
2544,7979-2024,DNI faltante,SI
2544,7979-2024,Total no coincide con cálculo,SI
2544,7979-2024,Subtotal no coincide con cálculo,SI
2545,7979-2024,DNI faltante,SI
2545,7979-2024,Total no coincide con cálculo,SI
2545,7979-2024,Subtotal no coincide con cálculo,SI
2546,5444-2025,DNI faltante,SI
2547,5798-2021,DNI faltante,SI
2547,5798-2021,Total no coincide con cálculo,SI
2547,5798-2021,Subtotal no coincide con cálculo,SI
2548,5798-2021,DNI faltante,SI
2548,5798-2021,Total no coincide con cálculo,SI
2548,5798-2021,Subtotal no coincide con cálculo,SI
2549,5798-2021,DNI faltante,SI
2549,5798-2021,Total no coincide con cálculo,SI
2549,5798-2021,Subtotal no coincide con cálculo,SI
2550,E-4766-24,Total no coincide con cálculo,SI
2550,E-4766-24,Subtotal no coincide con cálculo,SI
2551,9204-2024,DNI faltante,SI
2551,9204-2024,Total no coincide con cálculo,SI
2551,9204-2024,Subtotal no coincide con cálculo,SI
2552,9204-2024,DNI faltante,SI
2552,9204-2024,Total no coincide con cálculo,SI
2552,9204-2024,Subtotal no coincide con cálculo,SI
2553,LEGACY-2553,DNI faltante,SI
2554,5178-2025,DNI faltante,SI
2554,5178-2025,Total no coincide con cálculo,SI
2554,5178-2025,Subtotal no coincide con cálculo,SI
2555,20335-25,DNI faltante,SI
2556,140022-25,DNI faltante,SI
2557,,ERROR: RAZONSOCIAL/NOMBRE is empty,NO
2559,25297-24,DNI faltante,SI
2559,25297-24,Total no coincide con cálculo,SI
2559,25297-24,Subtotal no coincide con cálculo,SI
2561,116627-25,DNI faltante,SI
2562,9290-2023,DNI faltante,SI
2562,9290-2023,Total no coincide con cálculo,SI
2562,9290-2023,Subtotal no coincide con cálculo,SI
2563,11145-2025,DNI faltante,SI
2563,11145-2025,Total no coincide con cálculo,SI
2563,11145-2025,Subtotal no coincide con cálculo,SI
2564,5254-2025,DNI faltante,SI
2564,5254-2025,Total no coincide con cálculo,SI
2564,5254-2025,Subtotal no coincide con cálculo,SI
2567,33729-25,DNI faltante,SI
2567,33729-25,Total no coincide con cálculo,SI
2567,33729-25,Subtotal no coincide con cálculo,SI
2568,24535,Total no coincide con cálculo,SI
2568,24535,Subtotal no coincide con cálculo,SI
2569,LEGACY-2569,DNI faltante,SI
2569,LEGACY-2569,Total no coincide con cálculo,SI
2569,LEGACY-2569,Subtotal no coincide con cálculo,SI
2570,16984-25,DNI faltante,SI
2571,10686-25,Total no coincide con cálculo,SI
2571,10686-25,Subtotal no coincide con cálculo,SI
2572,LEGACY-2572,DNI faltante,SI
2573,4968-2025,DNI faltante,SI
2573,4968-2025,Total no coincide con cálculo,SI
2573,4968-2025,Subtotal no coincide con cálculo,SI
2574,4968-2025,DNI faltante,SI
2574,4968-2025,Total no coincide con cálculo,SI
2574,4968-2025,Subtotal no coincide con cálculo,SI
2575,4968-2025,DNI faltante,SI
2575,4968-2025,Total no coincide con cálculo,SI
2575,4968-2025,Subtotal no coincide con cálculo,SI
2576,23040-25,DNI faltante,SI
2577,LEGACY-2577,DNI faltante,SI
2579,4125-2024,DNI faltante,SI
2579,4125-2024,Total no coincide con cálculo,SI
2579,4125-2024,Subtotal no coincide con cálculo,SI
2580,4125-2024,DNI faltante,SI
2580,4125-2024,Total no coincide con cálculo,SI
2580,4125-2024,Subtotal no coincide con cálculo,SI
2581,4125-2024,DNI faltante,SI
2581,4125-2024,Total no coincide con cálculo,SI
2581,4125-2024,Subtotal no coincide con cálculo,SI
2582,116544-25,DNI faltante,SI
2584,10663,DNI faltante,SI
2585,9876-2025,DNI faltante,SI
2586,LEGACY-2586,DNI faltante,SI
2587,32061-25,DNI faltante,SI
2588,4835-2025,DNI faltante,SI
2589,14005-25,DNI faltante,SI
2592,571-2025,DNI faltante,SI
2593,116527-24,DNI faltante,SI
2594,22068-2024,DNI faltante,SI
2594,22068-2024,Total no coincide con cálculo,SI
2594,22068-2024,Subtotal no coincide con cálculo,SI
2595,110971-25,DNI faltante,SI
2596,5599-25,DNI faltante,SI
2597,5403-2025,DNI faltante,SI
2598,E012428013,DNI faltante,SI
2598,E012428013,Total no coincide con cálculo,SI
2598,E012428013,Subtotal no coincide con cálculo,SI
2599,4188-25,DNI faltante,SI
2599,4188-25,Total no coincide con cálculo,SI
2599,4188-25,Subtotal no coincide con cálculo,SI
2600,44414-25,DNI faltante,SI
2601,LEGACY-2601,DNI faltante,SI
2602,53171-2025,DNI faltante,SI
2603,3980-2024,DNI faltante,SI
2603,3980-2024,Total no coincide con cálculo,SI
2603,3980-2024,Subtotal no coincide con cálculo,SI
2605,24316-2025,Total no coincide con cálculo,SI
2605,24316-2025,Subtotal no coincide con cálculo,SI
2606,30494-25,DNI faltante,SI
2608,LEGACY-2608,DNI faltante,SI
2609,6701-2023,DNI faltante,SI
2609,6701-2023,Total no coincide con cálculo,SI
2609,6701-2023,Subtotal no coincide con cálculo,SI
2610,E012519201,Total no coincide con cálculo,SI
2610,E012519201,Subtotal no coincide con cálculo,SI
2611,LEGACY-2611,DNI faltante,SI
2613,128495,DNI faltante,SI
2613,128495,Total no coincide con cálculo,SI
2613,128495,Subtotal no coincide con cálculo,SI
2614,LEGACY-2614,DNI faltante,SI
2615,13161-25,DNI faltante,SI
2616,LEGACY-2616,DNI faltante,SI
2621,115202-25,DNI faltante,SI
2621,115202-25,Total no coincide con cálculo,SI
2621,115202-25,Subtotal no coincide con cálculo,SI
2622,30524-2025,DNI faltante,SI
2622,30524-2025,Total no coincide con cálculo,SI
2622,30524-2025,Subtotal no coincide con cálculo,SI
2623,19064-25,DNI faltante,SI
2625,801-2025,Total no coincide con cálculo,SI
2625,801-2025,Subtotal no coincide con cálculo,SI
2626,17553-25,DNI faltante,SI
2627,LEGACY-2627,DNI faltante,SI
2628,100619-24,DNI faltante,SI
2628,100619-24,Total no coincide con cálculo,SI
2628,100619-24,Subtotal no coincide con cálculo,SI
2629,24410,Total no coincide con cálculo,SI
2629,24410,Subtotal no coincide con cálculo,SI
2630,14842-25,DNI faltante,SI
2632,8709-2025,DNI faltante,SI
2632,8709-2025,Total no coincide con cálculo,SI
2632,8709-2025,Subtotal no coincide con cálculo,SI
2634,9929-2025,DNI faltante,SI
2634,9929-2025,Total no coincide con cálculo,SI
2634,9929-2025,Subtotal no coincide con cálculo,SI
2635,LEGACY-2635,DNI faltante,SI
2636,4963-2025,DNI faltante,SI
2637,LEGACY-2637,DNI faltante,SI
2637,LEGACY-2637,Total no coincide con cálculo,SI
2637,LEGACY-2637,Subtotal no coincide con cálculo,SI
2638,LEGACY-2638,DNI faltante,SI
2638,LEGACY-2638,Total no coincide con cálculo,SI
2638,LEGACY-2638,Subtotal no coincide con cálculo,SI
2639,LEGACY-2639,DNI faltante,SI
2639,LEGACY-2639,Total no coincide con cálculo,SI
2639,LEGACY-2639,Subtotal no coincide con cálculo,SI
2641,12863-2025,DNI faltante,SI
2641,12863-2025,Total no coincide con cálculo,SI
2641,12863-2025,Subtotal no coincide con cálculo,SI
2642,14662-25,DNI faltante,SI
2643,E-2340-25,DNI faltante,SI
2645,10672-24,DNI faltante,SI
2645,10672-24,Total no coincide con cálculo,SI
2645,10672-24,Subtotal no coincide con cálculo,SI
2646,10672-24,DNI faltante,SI
2646,10672-24,Total no coincide con cálculo,SI
2646,10672-24,Subtotal no coincide con cálculo,SI
2647,10672-24,DNI faltante,SI
2647,10672-24,Total no coincide con cálculo,SI
2647,10672-24,Subtotal no coincide con cálculo,SI
2648,5156-2023,DNI faltante,SI
2648,5156-2023,Total no coincide con cálculo,SI
2648,5156-2023,Subtotal no coincide con cálculo,SI
2650,116777-,Total no coincide con cálculo,SI
2650,116777-,Subtotal no coincide con cálculo,SI
2651,8366-2024,DNI faltante,SI
2651,8366-2024,Total no coincide con cálculo,SI
2651,8366-2024,Subtotal no coincide con cálculo,SI
2652,6564-2025,DNI faltante,SI
2653,14376-25,DNI faltante,SI
2653,14376-25,Total no coincide con cálculo,SI
2653,14376-25,Subtotal no coincide con cálculo,SI
2654,12213-25,DNI faltante,SI
2658,132016-24,Total no coincide con cálculo,SI
2658,132016-24,Subtotal no coincide con cálculo,SI
2659,3865-2025,DNI faltante,SI
2659,3865-2025,Total no coincide con cálculo,SI
2659,3865-2025,Subtotal no coincide con cálculo,SI
2660,4711-2025,DNI faltante,SI
2661,LEGACY-2661,DNI faltante,SI
2663,12644-25,DNI faltante,SI
2664,,ERROR: RAZONSOCIAL/NOMBRE is empty,NO
2666,18833-25,DNI faltante,SI
2666,18833-25,Total no coincide con cálculo,SI
2667,114654-25,DNI faltante,SI
2671,18918-25,DNI faltante,SI
2672,E-32271-25,DNI faltante,SI
2672,E-32271-25,Total no coincide con cálculo,SI
2672,E-32271-25,Subtotal no coincide con cálculo,SI
2673,5819-2024,DNI faltante,SI
2673,5819-2024,Total no coincide con cálculo,SI
2673,5819-2024,Subtotal no coincide con cálculo,SI
2675,10071-24,DNI faltante,SI
2675,10071-24,Total no coincide con cálculo,SI
2675,10071-24,Subtotal no coincide con cálculo,SI
2676,793527-25,DNI faltante,SI
2677,008557-25,DNI faltante,SI
2677,008557-25,Total no coincide con cálculo,SI
2677,008557-25,Subtotal no coincide con cálculo,SI
2678,20982-25,DNI faltante,SI
2680,003566-25,DNI faltante,SI
2680,003566-25,Total no coincide con cálculo,SI
2680,003566-25,Subtotal no coincide con cálculo,SI
2681,5424-2025,Total no coincide con cálculo,SI
2681,5424-2025,Subtotal no coincide con cálculo,SI
2682,4376-2025,DNI faltante,SI
2683,4064-2024,DNI faltante,SI
2683,4064-2024,Total no coincide con cálculo,SI
2683,4064-2024,Subtotal no coincide con cálculo,SI
2684,4064-2024,DNI faltante,SI
2684,4064-2024,Total no coincide con cálculo,SI
2684,4064-2024,Subtotal no coincide con cálculo,SI
2685,4064-2024,DNI faltante,SI
2685,4064-2024,Total no coincide con cálculo,SI
2685,4064-2024,Subtotal no coincide con cálculo,SI
2686,4404-2025,DNI faltante,SI
2687,1783-2025,DNI faltante,SI
2687,1783-2025,Total no coincide con cálculo,SI
2687,1783-2025,Subtotal no coincide con cálculo,SI
2688,LEGACY-2688,Total no coincide con cálculo,SI
2688,LEGACY-2688,Subtotal no coincide con cálculo,SI
2690,12336-25,DNI faltante,SI
2691,1503-2025,DNI faltante,SI
2692,,ERROR: RAZONSOCIAL/NOMBRE is empty,NO
2693,,ERROR: RAZONSOCIAL/NOMBRE is empty,NO
2694,9019-25,DNI faltante,SI
2695,20937-25,DNI faltante,SI
2696,,ERROR: RAZONSOCIAL/NOMBRE is empty,NO
2698,116313-25,DNI faltante,SI
2698,116313-25,Total no coincide con cálculo,SI
2698,116313-25,Subtotal no coincide con cálculo,SI
2699,12682-25,DNI faltante,SI
2699,12682-25,Total no coincide con cálculo,SI
2699,12682-25,Subtotal no coincide con cálculo,SI
2700,479-2025,DNI faltante,SI
2700,479-2025,Total no coincide con cálculo,SI
2700,479-2025,Subtotal no coincide con cálculo,SI
2701,19238-2025,Total no coincide con cálculo,SI
2701,19238-2025,Subtotal no coincide con cálculo,SI
2702,5519-2025,DNI faltante,SI
2702,5519-2025,Total no coincide con cálculo,SI
2702,5519-2025,Subtotal no coincide con cálculo,SI
2703,7458-2024,DNI faltante,SI
2703,7458-2024,Total no coincide con cálculo,SI
2703,7458-2024,Subtotal no coincide con cálculo,SI
2704,16722-25,DNI faltante,SI
2705,2139-2025,DNI faltante,SI
2705,2139-2025,Total no coincide con cálculo,SI
2705,2139-2025,Subtotal no coincide con cálculo,SI
2706,LEGACY-2706,DNI faltante,SI
2706,LEGACY-2706,Total no coincide con cálculo,SI
2706,LEGACY-2706,Subtotal no coincide con cálculo,SI
2709,121221-24,Total no coincide con cálculo,SI
2709,121221-24,Subtotal no coincide con cálculo,SI
2710,23649,DNI faltante,SI
2711,10157-23,Total no coincide con cálculo,SI
2711,10157-23,Subtotal no coincide con cálculo,SI
2712,9101-2023,DNI faltante,SI
2712,9101-2023,Total no coincide con cálculo,SI
2712,9101-2023,Subtotal no coincide con cálculo,SI
2713,9101-2023,DNI faltante,SI
2713,9101-2023,Total no coincide con cálculo,SI
2713,9101-2023,Subtotal no coincide con cálculo,SI
2714,9101-2023,DNI faltante,SI
2714,9101-2023,Total no coincide con cálculo,SI
2714,9101-2023,Subtotal no coincide con cálculo,SI
2715,2065-2025,DNI faltante,SI
2716,02337-25,Total no coincide con cálculo,SI
2716,02337-25,Subtotal no coincide con cálculo,SI
2717,06865-19,Total no coincide con cálculo,SI
2717,06865-19,Subtotal no coincide con cálculo,SI
2718,124804-23,Total no coincide con cálculo,SI
2718,124804-23,Subtotal no coincide con cálculo,SI
2719,124804-23,Total no coincide con cálculo,SI
2719,124804-23,Subtotal no coincide con cálculo,SI
2720,124804-23,Total no coincide con cálculo,SI
2720,124804-23,Subtotal no coincide con cálculo,SI
2721,101825-25,Total no coincide con cálculo,SI
2721,101825-25,Subtotal no coincide con cálculo,SI
2722,4378-2025,DNI faltante,SI
2723,10085-24,DNI faltante,SI
2723,10085-24,Total no coincide con cálculo,SI
2723,10085-24,Subtotal no coincide con cálculo,SI
2724,LEGACY-2724,DNI faltante,SI
2725,4440-2025,DNI faltante,SI
2725,4440-2025,Total no coincide con cálculo,SI
2726,2404-2025,DNI faltante,SI
2726,2404-2025,Total no coincide con cálculo,SI
2727,LEGACY-2727,DNI faltante,SI
2728,005825-25,DNI faltante,SI
2728,005825-25,Total no coincide con cálculo,SI
2728,005825-25,Subtotal no coincide con cálculo,SI
2729,5852-2025,DNI faltante,SI
2729,5852-2025,Total no coincide con cálculo,SI
2729,5852-2025,Subtotal no coincide con cálculo,SI
2730,5825-2025,DNI faltante,SI
2730,5825-2025,Total no coincide con cálculo,SI
2730,5825-2025,Subtotal no coincide con cálculo,SI
2731,113627-25,DNI faltante,SI
2732,4967-2025,DNI faltante,SI
2733,14934-25,DNI faltante,SI
2734,LEGACY-2734,DNI faltante,SI
2734,LEGACY-2734,Total no coincide con cálculo,SI
2734,LEGACY-2734,Subtotal no coincide con cálculo,SI
2736,LEGACY-2736,DNI faltante,SI
2737,LEGACY-2737,DNI faltante,SI
2737,LEGACY-2737,Total no coincide con cálculo,SI
2737,LEGACY-2737,Subtotal no coincide con cálculo,SI
2738,14545-25,DNI faltante,SI
2740,2736,Total no coincide con cálculo,SI
2740,2736,Subtotal no coincide con cálculo,SI
2741,LEGACY-2741,DNI faltante,SI
2742,13563-22,DNI faltante,SI
2742,13563-22,Total no coincide con cálculo,SI
2742,13563-22,Subtotal no coincide con cálculo,SI
2743,13563-22,DNI faltante,SI
2743,13563-22,Total no coincide con cálculo,SI
2743,13563-22,Subtotal no coincide con cálculo,SI
2744,19926-25,Total no coincide con cálculo,SI
2744,19926-25,Subtotal no coincide con cálculo,SI
2745,LEGACY-2745,DNI faltante,SI
2746,113696-25,DNI faltante,SI
2746,113696-25,Total no coincide con cálculo,SI
2746,113696-25,Subtotal no coincide con cálculo,SI
2747,113918-25,DNI faltante,SI
2749,6859-2024,DNI faltante,SI
2749,6859-2024,Total no coincide con cálculo,SI
2749,6859-2024,Subtotal no coincide con cálculo,SI
2750,6859-2024,DNI faltante,SI
2750,6859-2024,Total no coincide con cálculo,SI
2750,6859-2024,Subtotal no coincide con cálculo,SI
2751,2060-2025,DNI faltante,SI
2752,LEGACY-2752,DNI faltante,SI
2752,LEGACY-2752,Total no coincide con cálculo,SI
2752,LEGACY-2752,Subtotal no coincide con cálculo,SI
2753,1153-2024,DNI faltante,SI
2753,1153-2024,Total no coincide con cálculo,SI
2753,1153-2024,Subtotal no coincide con cálculo,SI
2754,4183-2025,DNI faltante,SI
2754,4183-2025,Total no coincide con cálculo,SI
2754,4183-2025,Subtotal no coincide con cálculo,SI
2755,113431-25,DNI faltante,SI
2756,78636-24,Total no coincide con cálculo,SI
2756,78636-24,Subtotal no coincide con cálculo,SI
2757,4113-2025,DNI faltante,SI
2757,4113-2025,Total no coincide con cálculo,SI
2759,26455-25,DNI faltante,SI
2760,4047-2025,DNI faltante,SI
2761,113886-25,DNI faltante,SI
2762,1610-2024,DNI faltante,SI
2762,1610-2024,Total no coincide con cálculo,SI
2762,1610-2024,Subtotal no coincide con cálculo,SI
2763,1610-2024,DNI faltante,SI
2763,1610-2024,NROREV anómalo: 7,SI
2763,1610-2024,Total no coincide con cálculo,SI
2763,1610-2024,Subtotal no coincide con cálculo,SI
2764,1610-2024,DNI faltante,SI
2764,1610-2024,Total no coincide con cálculo,SI
2764,1610-2024,Subtotal no coincide con cálculo,SI
2765,36102-25,DNI faltante,SI
2766,7109-2024,Total no coincide con cálculo,SI
2766,7109-2024,Subtotal no coincide con cálculo,SI
2767,7109-2024,Total no coincide con cálculo,SI
2767,7109-2024,Subtotal no coincide con cálculo,SI
2768,7109-2024,Total no coincide con cálculo,SI
2768,7109-2024,Subtotal no coincide con cálculo,SI
2770,112911-25,DNI faltante,SI
2771,24459,Total no coincide con cálculo,SI
2771,24459,Subtotal no coincide con cálculo,SI
2772,4978-2024,Total no coincide con cálculo,SI
2772,4978-2024,Subtotal no coincide con cálculo,SI
2773,12795-25,DNI faltante,SI
2774,25711-25,DNI faltante,SI
2775,LEGACY-2775,Total no coincide con cálculo,SI
2776,LEGACY-2776,DNI faltante,SI
2777,22273-24,DNI faltante,SI
2777,22273-24,Total no coincide con cálculo,SI
2777,22273-24,Subtotal no coincide con cálculo,SI
2778,114477-25,DNI faltante,SI
2779,4255-2025,DNI faltante,SI
2779,4255-2025,Total no coincide con cálculo,SI
2782,9311-2024,DNI faltante,SI
2782,9311-2024,Total no coincide con cálculo,SI
2782,9311-2024,Subtotal no coincide con cálculo,SI
2783,9311-2024,DNI faltante,SI
2783,9311-2024,Total no coincide con cálculo,SI
2783,9311-2024,Subtotal no coincide con cálculo,SI
2784,9311-2024,DNI faltante,SI
2784,9311-2024,Total no coincide con cálculo,SI
2784,9311-2024,Subtotal no coincide con cálculo,SI
2785,83395-25,DNI faltante,SI
2787,4241-2025,DNI faltante,SI
2788,112375-25,DNI faltante,SI
2789,2145-2025,DNI faltante,SI
2789,2145-2025,Total no coincide con cálculo,SI
2789,2145-2025,Subtotal no coincide con cálculo,SI
2790,109983-24,DNI faltante,SI
2791,LEGACY-2791,DNI faltante,SI
2792,687-2025,DNI faltante,SI
2792,687-2025,Total no coincide con cálculo,SI
2792,687-2025,Subtotal no coincide con cálculo,SI
2793,3105-2025,Total no coincide con cálculo,SI
2793,3105-2025,Subtotal no coincide con cálculo,SI
2794,LEGACY-2794,Total no coincide con cálculo,SI
2794,LEGACY-2794,Subtotal no coincide con cálculo,SI
2795,24465,Total no coincide con cálculo,SI
2795,24465,Subtotal no coincide con cálculo,SI
2796,3713-2025,Total no coincide con cálculo,SI
2796,3713-2025,Subtotal no coincide con cálculo,SI
2797,13412-25,Total no coincide con cálculo,SI
2797,13412-25,Subtotal no coincide con cálculo,SI
2798,LEGACY-2798,DNI faltante,SI
2799,LEGACY-2799,DNI faltante,SI
2800,LEGACY-2800,DNI faltante,SI
2802,18771-2024,DNI faltante,SI
2802,18771-2024,Total no coincide con cálculo,SI
2802,18771-2024,Subtotal no coincide con cálculo,SI
2803,18207-25,DNI faltante,SI
2804,213947-24,NROREV anómalo: 9,SI
2804,213947-24,Total no coincide con cálculo,SI
2804,213947-24,Subtotal no coincide con cálculo,SI
2805,213947-24,NROREV anómalo: 7,SI
2805,213947-24,Total no coincide con cálculo,SI
2805,213947-24,Subtotal no coincide con cálculo,SI
2806,213947-24,Total no coincide con cálculo,SI
2806,213947-24,Subtotal no coincide con cálculo,SI
2810,6710-23,DNI faltante,SI
2810,6710-23,Total no coincide con cálculo,SI
2810,6710-23,Subtotal no coincide con cálculo,SI
2811,6710-23,DNI faltante,SI
2811,6710-23,Total no coincide con cálculo,SI
2811,6710-23,Subtotal no coincide con cálculo,SI
2812,3260-2025,DNI faltante,SI
2812,3260-2025,Total no coincide con cálculo,SI
2812,3260-2025,Subtotal no coincide con cálculo,SI
2814,7225-2023,DNI faltante,SI
2814,7225-2023,Total no coincide con cálculo,SI
2814,7225-2023,Subtotal no coincide con cálculo,SI
2815,LEGACY-2815,DNI faltante,SI
2815,LEGACY-2815,Total no coincide con cálculo,SI
2816,5287-2025,Total no coincide con cálculo,SI
2816,5287-2025,Subtotal no coincide con cálculo,SI
2817,8523-2025,DNI faltante,SI
2817,8523-2025,Total no coincide con cálculo,SI
2817,8523-2025,Subtotal no coincide con cálculo,SI
2818,1854-2025,DNI faltante,SI
2821,3928-2025,DNI faltante,SI
2823,LEGACY-2823,DNI faltante,SI
2826,111787-25,DNI faltante,SI
2827,3611-2023,DNI faltante,SI
2827,3611-2023,Total no coincide con cálculo,SI
2827,3611-2023,Subtotal no coincide con cálculo,SI
2828,975-2025,DNI faltante,SI
2828,975-2025,Total no coincide con cálculo,SI
2828,975-2025,Subtotal no coincide con cálculo,SI
2830,10329-25,DNI faltante,SI
2831,4992-2023,Total no coincide con cálculo,SI
2831,4992-2023,Subtotal no coincide con cálculo,SI
2832,4992-2023,Total no coincide con cálculo,SI
2832,4992-2023,Subtotal no coincide con cálculo,SI
2833,4992-2023,Total no coincide con cálculo,SI
2833,4992-2023,Subtotal no coincide con cálculo,SI
2835,10554-2025,DNI faltante,SI
2836,10360-2025,DNI faltante,SI
2836,10360-2025,Total no coincide con cálculo,SI
2836,10360-2025,Subtotal no coincide con cálculo,SI
2837,0456-2024,DNI faltante,SI
2837,0456-2024,Total no coincide con cálculo,SI
2837,0456-2024,Subtotal no coincide con cálculo,SI
2838,3683-2025,Total no coincide con cálculo,SI
2838,3683-2025,Subtotal no coincide con cálculo,SI
2839,111820-25,DNI faltante,SI
2839,111820-25,Total no coincide con cálculo,SI
2840,7517-2022,DNI faltante,SI
2840,7517-2022,Total no coincide con cálculo,SI
2840,7517-2022,Subtotal no coincide con cálculo,SI
2841,7517-2022,DNI faltante,SI
2841,7517-2022,Total no coincide con cálculo,SI
2841,7517-2022,Subtotal no coincide con cálculo,SI
2842,618-2025,DNI faltante,SI
2842,618-2025,Total no coincide con cálculo,SI
2842,618-2025,Subtotal no coincide con cálculo,SI
2843,618-2025,DNI faltante,SI
2843,618-2025,Total no coincide con cálculo,SI
2843,618-2025,Subtotal no coincide con cálculo,SI
2844,618-2025,DNI faltante,SI
2844,618-2025,Total no coincide con cálculo,SI
2844,618-2025,Subtotal no coincide con cálculo,SI
2845,321-2025,Total no coincide con cálculo,SI
2845,321-2025,Subtotal no coincide con cálculo,SI
2846,8994-2024,DNI faltante,SI
2846,8994-2024,Total no coincide con cálculo,SI
2846,8994-2024,Subtotal no coincide con cálculo,SI
2847,3885-2025,DNI faltante,SI
2848,18936-25,DNI faltante,SI
2848,18936-25,Total no coincide con cálculo,SI
2849,LEGACY-2849,Total no coincide con cálculo,SI
2849,LEGACY-2849,Subtotal no coincide con cálculo,SI
2850,2142-2025,DNI faltante,SI
2850,2142-2025,Total no coincide con cálculo,SI
2850,2142-2025,Subtotal no coincide con cálculo,SI
2851,25011-2024,DNI faltante,SI
2851,25011-2024,Total no coincide con cálculo,SI
2851,25011-2024,Subtotal no coincide con cálculo,SI
2853,1224-2025,DNI faltante,SI
2855,3112-2025,DNI faltante,SI
2855,3112-2025,Total no coincide con cálculo,SI
2855,3112-2025,Subtotal no coincide con cálculo,SI
2856,127635.24,DNI faltante,SI
2856,127635.24,Total no coincide con cálculo,SI
2856,127635.24,Subtotal no coincide con cálculo,SI
2857,LEGACY-2857,DNI faltante,SI
2857,LEGACY-2857,Total no coincide con cálculo,SI
2857,LEGACY-2857,Subtotal no coincide con cálculo,SI
2858,C3735-2022,DNI faltante,SI
2858,C3735-2022,Total no coincide con cálculo,SI
2858,C3735-2022,Subtotal no coincide con cálculo,SI
2859,C3735-2022,DNI faltante,SI
2859,C3735-2022,Total no coincide con cálculo,SI
2859,C3735-2022,Subtotal no coincide con cálculo,SI
2860,C3735-2022,DNI faltante,SI
2860,C3735-2022,Total no coincide con cálculo,SI
2860,C3735-2022,Subtotal no coincide con cálculo,SI
2862,10879-25,DNI faltante,SI
2862,10879-25,Total no coincide con cálculo,SI
2862,10879-25,Subtotal no coincide con cálculo,SI
2863,12928-2025,DNI faltante,SI
2865,LEGACY-2865,DNI faltante,SI
2867,13723-24,DNI faltante,SI
2867,13723-24,Total no coincide con cálculo,SI
2867,13723-24,Subtotal no coincide con cálculo,SI
2868,13723-24,DNI faltante,SI
2868,13723-24,Total no coincide con cálculo,SI
2868,13723-24,Subtotal no coincide con cálculo,SI
2869,3682-2025,DNI faltante,SI
2870,129111-24,Total no coincide con cálculo,SI
2870,129111-24,Subtotal no coincide con cálculo,SI
2871,LEGACY-2871,DNI faltante,SI
2872,LEGACY-2872,DNI faltante,SI
2873,24027,Total no coincide con cálculo,SI
2873,24027,Subtotal no coincide con cálculo,SI
2875,LEGACY-2875,DNI faltante,SI
2876,13855-20,DNI faltante,SI
2876,13855-20,Total no coincide con cálculo,SI
2876,13855-20,Subtotal no coincide con cálculo,SI
2877,13855-20,DNI faltante,SI
2877,13855-20,Total no coincide con cálculo,SI
2877,13855-20,Subtotal no coincide con cálculo,SI
2879,0120-2025,DNI faltante,SI
2879,0120-2025,Total no coincide con cálculo,SI
2879,0120-2025,Subtotal no coincide con cálculo,SI
2880,E027170-25,Total no coincide con cálculo,SI
2880,E027170-25,Subtotal no coincide con cálculo,SI
2882,211119-25,DNI faltante,SI
2883,105906-22,DNI faltante,SI
2883,105906-22,Total no coincide con cálculo,SI
2883,105906-22,Subtotal no coincide con cálculo,SI
2884,105906-22,DNI faltante,SI
2884,105906-22,Total no coincide con cálculo,SI
2884,105906-22,Subtotal no coincide con cálculo,SI
2885,105906-22,DNI faltante,SI
2885,105906-22,Total no coincide con cálculo,SI
2885,105906-22,Subtotal no coincide con cálculo,SI
2886,19189-24,Total no coincide con cálculo,SI
2886,19189-24,Subtotal no coincide con cálculo,SI
2890,3008-2025,Total no coincide con cálculo,SI
2890,3008-2025,Subtotal no coincide con cálculo,SI
2891,09887-25,DNI faltante,SI
2892,LEGACY-2892,DNI faltante,SI
2893,LEGACY-2893,DNI faltante,SI
2894,LEGACY-2894,DNI faltante,SI
2895,1573-2025,DNI faltante,SI
2895,1573-2025,Total no coincide con cálculo,SI
2895,1573-2025,Subtotal no coincide con cálculo,SI
2896,3339-2024,Total no coincide con cálculo,SI
2896,3339-2024,Subtotal no coincide con cálculo,SI
2897,3339-2024,Total no coincide con cálculo,SI
2897,3339-2024,Subtotal no coincide con cálculo,SI
2898,LEGACY-2898,DNI faltante,SI
2899,64241-21,DNI faltante,SI
2899,64241-21,Total no coincide con cálculo,SI
2899,64241-21,Subtotal no coincide con cálculo,SI
2900,64241-21,DNI faltante,SI
2900,64241-21,Total no coincide con cálculo,SI
2900,64241-21,Subtotal no coincide con cálculo,SI
2902,8042-2024,Total no coincide con cálculo,SI
2902,8042-2024,Subtotal no coincide con cálculo,SI
2903,09631-2025,DNI faltante,SI
2904,46408-24,Total no coincide con cálculo,SI
2904,46408-24,Subtotal no coincide con cálculo,SI
2905,116729-25,DNI faltante,SI
2906,40769-24,DNI faltante,SI
2907,685-2025,Total no coincide con cálculo,SI
2907,685-2025,Subtotal no coincide con cálculo,SI
2909,30419-25,DNI faltante,SI
2910,6391-2024,DNI faltante,SI
2910,6391-2024,Total no coincide con cálculo,SI
2910,6391-2024,Subtotal no coincide con cálculo,SI
2911,LEGACY-2911,DNI faltante,SI
2911,LEGACY-2911,Total no coincide con cálculo,SI
2911,LEGACY-2911,Subtotal no coincide con cálculo,SI
2912,395-2025,DNI faltante,SI
2912,395-2025,Total no coincide con cálculo,SI
2912,395-2025,Subtotal no coincide con cálculo,SI
2913,4754-24,DNI faltante,SI
2913,4754-24,NROREV anómalo: 7,SI
2913,4754-24,Total no coincide con cálculo,SI
2913,4754-24,Subtotal no coincide con cálculo,SI
2914,4754-24,DNI faltante,SI
2914,4754-24,Total no coincide con cálculo,SI
2914,4754-24,Subtotal no coincide con cálculo,SI
2915,4754-24,DNI faltante,SI
2915,4754-24,Total no coincide con cálculo,SI
2915,4754-24,Subtotal no coincide con cálculo,SI
2916,6009-2022,DNI faltante,SI
2916,6009-2022,Total no coincide con cálculo,SI
2916,6009-2022,Subtotal no coincide con cálculo,SI
2917,3485-2025,DNI faltante,SI
2918,LEGACY-2918,Total no coincide con cálculo,SI
2920,3299-2025,DNI faltante,SI
2920,3299-2025,Total no coincide con cálculo,SI
2920,3299-2025,Subtotal no coincide con cálculo,SI
2921,09544-2025,DNI faltante,SI
2923,5759-2024,Total no coincide con cálculo,SI
2923,5759-2024,Subtotal no coincide con cálculo,SI
2924,4477-24,Total no coincide con cálculo,SI
2924,4477-24,Subtotal no coincide con cálculo,SI
2925,4477-24,Total no coincide con cálculo,SI
2925,4477-24,Subtotal no coincide con cálculo,SI
2926,4477-24,Total no coincide con cálculo,SI
2926,4477-24,Subtotal no coincide con cálculo,SI
2927,236199-23,DNI faltante,SI
2927,236199-23,Total no coincide con cálculo,SI
2927,236199-23,Subtotal no coincide con cálculo,SI
2928,236199-23,DNI faltante,SI
2928,236199-23,Total no coincide con cálculo,SI
2928,236199-23,Subtotal no coincide con cálculo,SI
2929,236199-23,DNI faltante,SI
2929,236199-23,Total no coincide con cálculo,SI
2929,236199-23,Subtotal no coincide con cálculo,SI
2930,26156-24,Total no coincide con cálculo,SI
2930,26156-24,Subtotal no coincide con cálculo,SI
2932,00067-2025,DNI faltante,SI
2932,00067-2025,Total no coincide con cálculo,SI
2932,00067-2025,Subtotal no coincide con cálculo,SI
2933,00067-2025,DNI faltante,SI
2933,00067-2025,Total no coincide con cálculo,SI
2933,00067-2025,Subtotal no coincide con cálculo,SI
2934,00067-2025,DNI faltante,SI
2934,00067-2025,Total no coincide con cálculo,SI
2934,00067-2025,Subtotal no coincide con cálculo,SI
2935,E012511811,DNI faltante,SI
2937,3383-2025,DNI faltante,SI
2938,3204-2025,Total no coincide con cálculo,SI
2938,3204-2025,Subtotal no coincide con cálculo,SI
2939,260-2024,DNI faltante,SI
2939,260-2024,Total no coincide con cálculo,SI
2939,260-2024,Subtotal no coincide con cálculo,SI
2940,14272-17,DNI faltante,SI
2940,14272-17,Total no coincide con cálculo,SI
2940,14272-17,Subtotal no coincide con cálculo,SI
2942,5158-2024,DNI faltante,SI
2942,5158-2024,Total no coincide con cálculo,SI
2942,5158-2024,Subtotal no coincide con cálculo,SI
2943,5158-2024,DNI faltante,SI
2943,5158-2024,Total no coincide con cálculo,SI
2943,5158-2024,Subtotal no coincide con cálculo,SI
2944,5158-2024,DNI faltante,SI
2944,5158-2024,Total no coincide con cálculo,SI
2944,5158-2024,Subtotal no coincide con cálculo,SI
2945,16026-2025,DNI faltante,SI
2946,695-2025,DNI faltante,SI
2946,695-2025,Total no coincide con cálculo,SI
2946,695-2025,Subtotal no coincide con cálculo,SI
2947,10389-2025,DNI faltante,SI
2947,10389-2025,Total no coincide con cálculo,SI
2947,10389-2025,Subtotal no coincide con cálculo,SI
2948,7979-2024,DNI faltante,SI
2948,7979-2024,Total no coincide con cálculo,SI
2948,7979-2024,Subtotal no coincide con cálculo,SI
2949,LEGACY-2949,DNI faltante,SI
2950,E18893-24,Total no coincide con cálculo,SI
2950,E18893-24,Subtotal no coincide con cálculo,SI
2953,8337-2025,DNI faltante,SI
2953,8337-2025,Total no coincide con cálculo,SI
2953,8337-2025,Subtotal no coincide con cálculo,SI
2954,6009-2022,DNI faltante,SI
2954,6009-2022,Total no coincide con cálculo,SI
2954,6009-2022,Subtotal no coincide con cálculo,SI
2955,6009-2022,DNI faltante,SI
2955,6009-2022,Total no coincide con cálculo,SI
2955,6009-2022,Subtotal no coincide con cálculo,SI
2956,11889-25,DNI faltante,SI
2956,11889-25,Total no coincide con cálculo,SI
2956,11889-25,Subtotal no coincide con cálculo,SI
2957,8901-2024,DNI faltante,SI
2959,7003-2025,DNI faltante,SI
2960,LEGACY-2960,DNI faltante,SI
2961,92195-25,DNI faltante,SI
2961,92195-25,Total no coincide con cálculo,SI
2961,92195-25,Subtotal no coincide con cálculo,SI
2962,27704-25,DNI faltante,SI
2963,8126-2024,DNI faltante,SI
2963,8126-2024,Total no coincide con cálculo,SI
2963,8126-2024,Subtotal no coincide con cálculo,SI
2964,1031-2025,DNI faltante,SI
2964,1031-2025,Total no coincide con cálculo,SI
2964,1031-2025,Subtotal no coincide con cálculo,SI
2966,019008-25,Total no coincide con cálculo,SI
2966,019008-25,Subtotal no coincide con cálculo,SI
2967,117309-24,DNI faltante,SI
2967,117309-24,Total no coincide con cálculo,SI
2967,117309-24,Subtotal no coincide con cálculo,SI
2968,LEGACY-2968,DNI faltante,SI
2969,LEGACY-2969,DNI faltante,SI
2970,220811-25,DNI faltante,SI
2971,2271-2023,DNI faltante,SI
2971,2271-2023,Total no coincide con cálculo,SI
2971,2271-2023,Subtotal no coincide con cálculo,SI
2972,2271-2023,DNI faltante,SI
2972,2271-2023,Total no coincide con cálculo,SI
2972,2271-2023,Subtotal no coincide con cálculo,SI
2973,2271-2023,DNI faltante,SI
2973,2271-2023,Total no coincide con cálculo,SI
2973,2271-2023,Subtotal no coincide con cálculo,SI
2974,LEGACY-2974,DNI faltante,SI
2976,9816-2024,DNI faltante,SI
2976,9816-2024,Total no coincide con cálculo,SI
2976,9816-2024,Subtotal no coincide con cálculo,SI
2978,8603-2020,DNI faltante,SI
2978,8603-2020,Total no coincide con cálculo,SI
2978,8603-2020,Subtotal no coincide con cálculo,SI
2980,9888-2025,DNI faltante,SI
2981,LEGACY-2981,DNI faltante,SI
2983,LEGACY-2983,DNI faltante,SI
2983,LEGACY-2983,Total no coincide con cálculo,SI
2983,LEGACY-2983,Subtotal no coincide con cálculo,SI
2984,110026-24,DNI faltante,SI
2986,LEGACY-2986,DNI faltante,SI
2987,2874-2024,DNI faltante,SI
2987,2874-2024,Total no coincide con cálculo,SI
2987,2874-2024,Subtotal no coincide con cálculo,SI
2988,2874-2024,DNI faltante,SI
2988,2874-2024,Total no coincide con cálculo,SI
2988,2874-2024,Subtotal no coincide con cálculo,SI
2989,2874-2024,DNI faltante,SI
2989,2874-2024,Total no coincide con cálculo,SI
2989,2874-2024,Subtotal no coincide con cálculo,SI
2990,24380,Total no coincide con cálculo,SI
2991,3055-2025,DNI faltante,SI
2992,7818-2024,DNI faltante,SI
2992,7818-2024,Total no coincide con cálculo,SI
2992,7818-2024,Subtotal no coincide con cálculo,SI
2993,7818-2024,DNI faltante,SI
2993,7818-2024,Total no coincide con cálculo,SI
2993,7818-2024,Subtotal no coincide con cálculo,SI
2995,8523-2025,DNI faltante,SI
2997,6512-2025,DNI faltante,SI
2999,03502-25,DNI faltante,SI
2999,03502-25,Total no coincide con cálculo,SI
2999,03502-25,Subtotal no coincide con cálculo,SI
3000,4514-2023,DNI faltante,SI
3000,4514-2023,Total no coincide con cálculo,SI
3000,4514-2023,Subtotal no coincide con cálculo,SI
3001,14376-25,DNI faltante,SI
3001,14376-25,Total no coincide con cálculo,SI
3001,14376-25,Subtotal no coincide con cálculo,SI
3002,LEGACY-3002,DNI faltante,SI
3002,LEGACY-3002,Total no coincide con cálculo,SI
3002,LEGACY-3002,Subtotal no coincide con cálculo,SI
3003,LEGACY-3003,DNI faltante,SI
3004,LEGACY-3004,DNI faltante,SI
3004,LEGACY-3004,Total no coincide con cálculo,SI
3004,LEGACY-3004,Subtotal no coincide con cálculo,SI
3006,260-2024,DNI faltante,SI
3006,260-2024,Total no coincide con cálculo,SI
3006,260-2024,Subtotal no coincide con cálculo,SI
3007,89582-24,DNI faltante,SI
3007,89582-24,NROREV faltante — se asigna 1,SI
3007,89582-24,Total no coincide con cálculo,SI
3007,89582-24,Subtotal no coincide con cálculo,SI
3008,89582-24,DNI faltante,SI
3008,89582-24,Total no coincide con cálculo,SI
3008,89582-24,Subtotal no coincide con cálculo,SI
3009,E-40237-24,DNI faltante,SI
3010,5140-2024,DNI faltante,SI
3010,5140-2024,Total no coincide con cálculo,SI
3010,5140-2024,Subtotal no coincide con cálculo,SI
3011,7787-2024,Total no coincide con cálculo,SI
3011,7787-2024,Subtotal no coincide con cálculo,SI
3012,LEGACY-3012,DNI faltante,SI
3013,29199-24,DNI faltante,SI
3013,29199-24,Total no coincide con cálculo,SI
3013,29199-24,Subtotal no coincide con cálculo,SI
3014,22606-24,DNI faltante,SI
3014,22606-24,NROREV anómalo: 7,SI
3014,22606-24,Total no coincide con cálculo,SI
3014,22606-24,Subtotal no coincide con cálculo,SI
3015,22606-24,DNI faltante,SI
3015,22606-24,Total no coincide con cálculo,SI
3015,22606-24,Subtotal no coincide con cálculo,SI
3016,22606-24,DNI faltante,SI
3016,22606-24,Total no coincide con cálculo,SI
3016,22606-24,Subtotal no coincide con cálculo,SI
3017,E273-2024,DNI faltante,SI
3017,E273-2024,Total no coincide con cálculo,SI
3017,E273-2024,Subtotal no coincide con cálculo,SI
3018,20219-25,DNI faltante,SI
3019,140022-25,DNI faltante,SI
3020,12336-25,DNI faltante,SI
3020,12336-25,Total no coincide con cálculo,SI
3020,12336-25,Subtotal no coincide con cálculo,SI
3021,12336-25,DNI faltante,SI
3021,12336-25,Total no coincide con cálculo,SI
3021,12336-25,Subtotal no coincide con cálculo,SI
3022,12336-25,DNI faltante,SI
3022,12336-25,Total no coincide con cálculo,SI
3022,12336-25,Subtotal no coincide con cálculo,SI
3023,3029-2025,DNI faltante,SI
3023,3029-2025,Total no coincide con cálculo,SI
3023,3029-2025,Subtotal no coincide con cálculo,SI
3025,2537-2024,DNI faltante,SI
3025,2537-2024,Total no coincide con cálculo,SI
3025,2537-2024,Subtotal no coincide con cálculo,SI
3026,2537-2024,DNI faltante,SI
3026,2537-2024,Total no coincide con cálculo,SI
3026,2537-2024,Subtotal no coincide con cálculo,SI
3027,04205-2024,DNI faltante,SI
3027,04205-2024,Total no coincide con cálculo,SI
3027,04205-2024,Subtotal no coincide con cálculo,SI
3028,33008-2024,DNI faltante,SI
3028,33008-2024,Total no coincide con cálculo,SI
3028,33008-2024,Subtotal no coincide con cálculo,SI
3031,5372-2024,DNI faltante,SI
3031,5372-2024,Total no coincide con cálculo,SI
3031,5372-2024,Subtotal no coincide con cálculo,SI
3032,5372-2024,DNI faltante,SI
3032,5372-2024,Total no coincide con cálculo,SI
3032,5372-2024,Subtotal no coincide con cálculo,SI
3033,5372-2024,DNI faltante,SI
3033,5372-2024,Total no coincide con cálculo,SI
3033,5372-2024,Subtotal no coincide con cálculo,SI
3036,LEGACY-3036,Total no coincide con cálculo,SI
3037,2877-2025,DNI faltante,SI
3038,4844-2024,DNI faltante,SI
3038,4844-2024,Total no coincide con cálculo,SI
3038,4844-2024,Subtotal no coincide con cálculo,SI
3039,4844-2024,DNI faltante,SI
3039,4844-2024,Total no coincide con cálculo,SI
3039,4844-2024,Subtotal no coincide con cálculo,SI
3040,5979-2024,DNI faltante,SI
3040,5979-2024,Total no coincide con cálculo,SI
3040,5979-2024,Subtotal no coincide con cálculo,SI
3041,E012500635,Total no coincide con cálculo,SI
3041,E012500635,Subtotal no coincide con cálculo,SI
3042,E012500635,Total no coincide con cálculo,SI
3042,E012500635,Subtotal no coincide con cálculo,SI
3045,11835-2025,DNI faltante,SI
3046,2858-2025,DNI faltante,SI
3047,LEGACY-3047,DNI faltante,SI
3048,9020-2025,DNI faltante,SI
3049,108812-25,DNI faltante,SI
3049,108812-25,Total no coincide con cálculo,SI
3049,108812-25,Subtotal no coincide con cálculo,SI
3050,2853-2025,DNI faltante,SI
3051,3045-2025,DNI faltante,SI
3052,9290-2023,DNI faltante,SI
3052,9290-2023,Total no coincide con cálculo,SI
3052,9290-2023,Subtotal no coincide con cálculo,SI
3053,8042-2024,Total no coincide con cálculo,SI
3053,8042-2024,Subtotal no coincide con cálculo,SI
3054,05797-25,DNI faltante,SI
3055,6583-24,DNI faltante,SI
3055,6583-24,Total no coincide con cálculo,SI
3055,6583-24,Subtotal no coincide con cálculo,SI
3056,6583-24,DNI faltante,SI
3056,6583-24,Total no coincide con cálculo,SI
3056,6583-24,Subtotal no coincide con cálculo,SI
3057,2791-2025,DNI faltante,SI
3057,2791-2025,Total no coincide con cálculo,SI
3058,6583-24,DNI faltante,SI
3058,6583-24,Total no coincide con cálculo,SI
3058,6583-24,Subtotal no coincide con cálculo,SI
3059,144488-24,Total no coincide con cálculo,SI
3059,144488-24,Subtotal no coincide con cálculo,SI
3060,1094-2024,DNI faltante,SI
3060,1094-2024,Total no coincide con cálculo,SI
3060,1094-2024,Subtotal no coincide con cálculo,SI
3061,LEGACY-3061,DNI faltante,SI
3063,23401-24,DNI faltante,SI
3064,2994-2025,DNI faltante,SI
3065,1589-2025,DNI faltante,SI
3065,1589-2025,Total no coincide con cálculo,SI
3066,122094-24,Total no coincide con cálculo,SI
3066,122094-24,Subtotal no coincide con cálculo,SI
3067,00067-2025,DNI faltante,SI
3067,00067-2025,Total no coincide con cálculo,SI
3067,00067-2025,Subtotal no coincide con cálculo,SI
3069,2786-2025,DNI faltante,SI
3070,LEGACY-3070,DNI faltante,SI
3071,109203-25,DNI faltante,SI
3072,109205-25,DNI faltante,SI
3073,2831-2025,DNI faltante,SI
3074,5587-2025,DNI faltante,SI
3075,6991-2020,Total no coincide con cálculo,SI
3075,6991-2020,Subtotal no coincide con cálculo,SI
3076,230372-23,DNI faltante,SI
3076,230372-23,Total no coincide con cálculo,SI
3076,230372-23,Subtotal no coincide con cálculo,SI
3077,230372-23,DNI faltante,SI
3077,230372-23,Total no coincide con cálculo,SI
3077,230372-23,Subtotal no coincide con cálculo,SI
3078,230372-23,DNI faltante,SI
3078,230372-23,Total no coincide con cálculo,SI
3078,230372-23,Subtotal no coincide con cálculo,SI
3079,5203-25,DNI faltante,SI
3079,5203-25,Total no coincide con cálculo,SI
3079,5203-25,Subtotal no coincide con cálculo,SI
3081,LEGACY-3081,DNI faltante,SI
3082,0408-24,DNI faltante,SI
3082,0408-24,Total no coincide con cálculo,SI
3082,0408-24,Subtotal no coincide con cálculo,SI
3083,7594-2025,DNI faltante,SI
3084,08352-2025,DNI faltante,SI
3084,08352-2025,Total no coincide con cálculo,SI
3084,08352-2025,Subtotal no coincide con cálculo,SI
3086,5473-2025,DNI faltante,SI
3086,5473-2025,Total no coincide con cálculo,SI
3086,5473-2025,Subtotal no coincide con cálculo,SI
3087,LEGACY-3087,DNI faltante,SI
3088,LEGACY-3088,DNI faltante,SI
3088,LEGACY-3088,Total no coincide con cálculo,SI
3088,LEGACY-3088,Subtotal no coincide con cálculo,SI
3089,11033-25,Total no coincide con cálculo,SI
3089,11033-25,Subtotal no coincide con cálculo,SI
3090,E012507760,Total no coincide con cálculo,SI
3090,E012507760,Subtotal no coincide con cálculo,SI
3091,3129-2025,DNI faltante,SI
3092,8045-2017,DNI faltante,SI
3092,8045-2017,Total no coincide con cálculo,SI
3092,8045-2017,Subtotal no coincide con cálculo,SI
3094,LEGACY-3094,Total no coincide con cálculo,SI
3095,6780-2025,DNI faltante,SI
3098,9626-2025,DNI faltante,SI
3099,LEGACY-3099,DNI faltante,SI
3099,LEGACY-3099,Total no coincide con cálculo,SI
3101,2910-2025,DNI faltante,SI
3103,3990-2024,DNI faltante,SI
3103,3990-2024,Total no coincide con cálculo,SI
3103,3990-2024,Subtotal no coincide con cálculo,SI
3104,3990-2024,DNI faltante,SI
3104,3990-2024,Total no coincide con cálculo,SI
3104,3990-2024,Subtotal no coincide con cálculo,SI
3106,LEGACY-3106,DNI faltante,SI
3106,LEGACY-3106,Total no coincide con cálculo,SI
3106,LEGACY-3106,Subtotal no coincide con cálculo,SI
3107,108202-25,DNI faltante,SI
3107,108202-25,Total no coincide con cálculo,SI
3107,108202-25,Subtotal no coincide con cálculo,SI
3108,5050-2025,Total no coincide con cálculo,SI
3108,5050-2025,Subtotal no coincide con cálculo,SI
3109,23079-2025,DNI faltante,SI
3109,23079-2025,Total no coincide con cálculo,SI
3110,108239-25,DNI faltante,SI
3110,108239-25,Total no coincide con cálculo,SI
3110,108239-25,Subtotal no coincide con cálculo,SI
3111,LEGACY-3111,DNI faltante,SI
3112,07679-25,DNI faltante,SI
3113,108436-25,DNI faltante,SI
3113,108436-25,Total no coincide con cálculo,SI
3113,108436-25,Subtotal no coincide con cálculo,SI
3114,1153-2024,DNI faltante,SI
3114,1153-2024,Total no coincide con cálculo,SI
3114,1153-2024,Subtotal no coincide con cálculo,SI
3115,1153-2024,DNI faltante,SI
3115,1153-2024,Total no coincide con cálculo,SI
3115,1153-2024,Subtotal no coincide con cálculo,SI
3116,LEGACY-3116,DNI faltante,SI
3116,LEGACY-3116,Total no coincide con cálculo,SI
3116,LEGACY-3116,Subtotal no coincide con cálculo,SI
3117,80120,DNI faltante,SI
3118,E0015325,DNI faltante,SI
3119,2932-2025,DNI faltante,SI
3120,E-12282-25,DNI faltante,SI
3121,1285668,DNI faltante,SI
3121,1285668,Total no coincide con cálculo,SI
3121,1285668,Subtotal no coincide con cálculo,SI
3123,123471-24,DNI faltante,SI
3123,123471-24,Total no coincide con cálculo,SI
3123,123471-24,Subtotal no coincide con cálculo,SI
3124,230372-23,DNI faltante,SI
3124,230372-23,Total no coincide con cálculo,SI
3124,230372-23,Subtotal no coincide con cálculo,SI
3125,230372-23,DNI faltante,SI
3125,230372-23,Total no coincide con cálculo,SI
3125,230372-23,Subtotal no coincide con cálculo,SI
3126,230372-23,DNI faltante,SI
3126,230372-23,Total no coincide con cálculo,SI
3126,230372-23,Subtotal no coincide con cálculo,SI
3127,LEGACY-3127,DNI faltante,SI
3127,LEGACY-3127,Total no coincide con cálculo,SI
3127,LEGACY-3127,Subtotal no coincide con cálculo,SI
3128,LEGACY-3128,DNI faltante,SI
3129,7347-2024,DNI faltante,SI
3129,7347-2024,Total no coincide con cálculo,SI
3129,7347-2024,Subtotal no coincide con cálculo,SI
3130,24244,Total no coincide con cálculo,SI
3130,24244,Subtotal no coincide con cálculo,SI
3133,08747-23,DNI faltante,SI
3133,08747-23,Total no coincide con cálculo,SI
3133,08747-23,Subtotal no coincide con cálculo,SI
3134,8105-2025,DNI faltante,SI
3136,6917-2025,DNI faltante,SI
3137,6701-2023,DNI faltante,SI
3137,6701-2023,Total no coincide con cálculo,SI
3137,6701-2023,Subtotal no coincide con cálculo,SI
3138,11797-2025,DNI faltante,SI
3139,0166-2025,DNI faltante,SI
3139,0166-2025,Total no coincide con cálculo,SI
3139,0166-2025,Subtotal no coincide con cálculo,SI
3140,6367-2024,Total no coincide con cálculo,SI
3140,6367-2024,Subtotal no coincide con cálculo,SI
3142,124179-24,Total no coincide con cálculo,SI
3142,124179-24,Subtotal no coincide con cálculo,SI
3145,15371-25,Total no coincide con cálculo,SI
3145,15371-25,Subtotal no coincide con cálculo,SI
3146,9929-2025,DNI faltante,SI
3146,9929-2025,Total no coincide con cálculo,SI
3146,9929-2025,Subtotal no coincide con cálculo,SI
3147,05852-25,DNI faltante,SI
3147,05852-25,Total no coincide con cálculo,SI
3147,05852-25,Subtotal no coincide con cálculo,SI
3148,6701-2023,DNI faltante,SI
3148,6701-2023,Total no coincide con cálculo,SI
3148,6701-2023,Subtotal no coincide con cálculo,SI
3149,6701-2023,DNI faltante,SI
3149,6701-2023,Total no coincide con cálculo,SI
3149,6701-2023,Subtotal no coincide con cálculo,SI
3150,LEGACY-3150,DNI faltante,SI
3151,1094-2020,DNI faltante,SI
3151,1094-2020,Total no coincide con cálculo,SI
3151,1094-2020,Subtotal no coincide con cálculo,SI
3152,1094-2020,DNI faltante,SI
3152,1094-2020,Total no coincide con cálculo,SI
3152,1094-2020,Subtotal no coincide con cálculo,SI
3153,4420-2025,Total no coincide con cálculo,SI
3153,4420-2025,Subtotal no coincide con cálculo,SI
3155,2358-2025,DNI faltante,SI
3156,679-2025,DNI faltante,SI
3157,LEGACY-3157,DNI faltante,SI
3158,4754-2025,DNI faltante,SI
3158,4754-2025,Total no coincide con cálculo,SI
3158,4754-2025,Subtotal no coincide con cálculo,SI
3159,10076-24,Total no coincide con cálculo,SI
3159,10076-24,Subtotal no coincide con cálculo,SI
3161,LEGACY-3161,DNI faltante,SI
3164,2278-2025,DNI faltante,SI
3165,754446-24,DNI faltante,SI
3166,2318-25,DNI faltante,SI
3167,6203-2024,DNI faltante,SI
3167,6203-2024,Total no coincide con cálculo,SI
3167,6203-2024,Subtotal no coincide con cálculo,SI
3168,2831-2025,DNI faltante,SI
3168,2831-2025,Total no coincide con cálculo,SI
3168,2831-2025,Subtotal no coincide con cálculo,SI
3169,E5490-2023,DNI faltante,SI
3169,E5490-2023,Total no coincide con cálculo,SI
3169,E5490-2023,Subtotal no coincide con cálculo,SI
3170,03598-24,DNI faltante,SI
3170,03598-24,Total no coincide con cálculo,SI
3170,03598-24,Subtotal no coincide con cálculo,SI
3171,7876-2025,DNI faltante,SI
3171,7876-2025,Total no coincide con cálculo,SI
3172,760339-25,DNI faltante,SI
3172,760339-25,Total no coincide con cálculo,SI
3172,760339-25,Subtotal no coincide con cálculo,SI
3173,,ERROR: RAZONSOCIAL/NOMBRE is empty,NO
3174,00186-2025,DNI faltante,SI
3174,00186-2025,Total no coincide con cálculo,SI
3174,00186-2025,Subtotal no coincide con cálculo,SI
3175,LEGACY-3175,DNI faltante,SI
3176,LEGACY-3176,DNI faltante,SI
3177,12682-25,DNI faltante,SI
3178,12004-2024,DNI faltante,SI
3178,12004-2024,Total no coincide con cálculo,SI
3178,12004-2024,Subtotal no coincide con cálculo,SI
3179,,ERROR: RAZONSOCIAL/NOMBRE is empty,NO
3180,12842-23,DNI faltante,SI
3180,12842-23,Total no coincide con cálculo,SI
3180,12842-23,Subtotal no coincide con cálculo,SI
3181,LEGACY-3181,DNI faltante,SI
3181,LEGACY-3181,Total no coincide con cálculo,SI
3181,LEGACY-3181,Subtotal no coincide con cálculo,SI
3182,LEGACY-3182,DNI faltante,SI
3183,,ERROR: RAZONSOCIAL/NOMBRE is empty,NO
3184,2174-2025,DNI faltante,SI
3184,2174-2025,Total no coincide con cálculo,SI
3184,2174-2025,Subtotal no coincide con cálculo,SI
3185,142909-25,DNI faltante,SI
3185,142909-25,Total no coincide con cálculo,SI
3185,142909-25,Subtotal no coincide con cálculo,SI
3186,11555-2025,Total no coincide con cálculo,SI
3186,11555-2025,Subtotal no coincide con cálculo,SI
3187,119097-18,DNI faltante,SI
3187,119097-18,Total no coincide con cálculo,SI
3187,119097-18,Subtotal no coincide con cálculo,SI
3188,119097-18,DNI faltante,SI
3188,119097-18,Total no coincide con cálculo,SI
3188,119097-18,Subtotal no coincide con cálculo,SI
3189,119097-18,DNI faltante,SI
3189,119097-18,Total no coincide con cálculo,SI
3189,119097-18,Subtotal no coincide con cálculo,SI
3190,18444-2024,DNI faltante,SI
3190,18444-2024,Total no coincide con cálculo,SI
3190,18444-2024,Subtotal no coincide con cálculo,SI
3192,,ERROR: RAZONSOCIAL/NOMBRE is empty,NO
3193,7003-2020,DNI faltante,SI
3193,7003-2020,Total no coincide con cálculo,SI
3193,7003-2020,Subtotal no coincide con cálculo,SI
3194,41074-2023,DNI faltante,SI
3194,41074-2023,Total no coincide con cálculo,SI
3194,41074-2023,Subtotal no coincide con cálculo,SI
3195,41074-2023,DNI faltante,SI
3195,41074-2023,Total no coincide con cálculo,SI
3195,41074-2023,Subtotal no coincide con cálculo,SI
3196,41074-2023,DNI faltante,SI
3196,41074-2023,Total no coincide con cálculo,SI
3196,41074-2023,Subtotal no coincide con cálculo,SI
3197,2113-2025,DNI faltante,SI
3198,LEGACY-3198,Total no coincide con cálculo,SI
3198,LEGACY-3198,Subtotal no coincide con cálculo,SI
3199,LEGACY-3199,DNI faltante,SI
3200,LEGACY-3200,Total no coincide con cálculo,SI
3200,LEGACY-3200,Subtotal no coincide con cálculo,SI
3202,64792-24,DNI faltante,SI
3202,64792-24,Total no coincide con cálculo,SI
3202,64792-24,Subtotal no coincide con cálculo,SI
3204,24410,Total no coincide con cálculo,SI
3204,24410,Subtotal no coincide con cálculo,SI
3205,144185-24,DNI faltante,SI
3206,106635-25,DNI faltante,SI
3207,AA,NROREV anómalo: 7,SI
3207,AA,Total no coincide con cálculo,SI
3207,AA,Subtotal no coincide con cálculo,SI
3208,AA,Total no coincide con cálculo,SI
3208,AA,Subtotal no coincide con cálculo,SI
3209,AA,Total no coincide con cálculo,SI
3209,AA,Subtotal no coincide con cálculo,SI
3210,534-2023,DNI faltante,SI
3210,534-2023,Total no coincide con cálculo,SI
3210,534-2023,Subtotal no coincide con cálculo,SI
3211,A,Total no coincide con cálculo,SI
3211,A,Subtotal no coincide con cálculo,SI
3212,1379-2024,DNI faltante,SI
3212,1379-2024,Total no coincide con cálculo,SI
3212,1379-2024,Subtotal no coincide con cálculo,SI
3213,1379-2024,DNI faltante,SI
3213,1379-2024,Total no coincide con cálculo,SI
3213,1379-2024,Subtotal no coincide con cálculo,SI
3214,10072-2025,DNI faltante,SI
3215,106579-25,DNI faltante,SI
3216,E-3965-24,DNI faltante,SI
3216,E-3965-24,Total no coincide con cálculo,SI
3216,E-3965-24,Subtotal no coincide con cálculo,SI
3217,106909-20,DNI faltante,SI
3217,106909-20,Total no coincide con cálculo,SI
3217,106909-20,Subtotal no coincide con cálculo,SI
3218,106909-20,DNI faltante,SI
3218,106909-20,Total no coincide con cálculo,SI
3218,106909-20,Subtotal no coincide con cálculo,SI
3219,106909-20,DNI faltante,SI
3219,106909-20,Total no coincide con cálculo,SI
3219,106909-20,Subtotal no coincide con cálculo,SI
3220,LEGACY-3220,DNI faltante,SI
3220,LEGACY-3220,Total no coincide con cálculo,SI
3220,LEGACY-3220,Subtotal no coincide con cálculo,SI
3221,07436-2025,DNI faltante,SI
3221,07436-2025,Total no coincide con cálculo,SI
3221,07436-2025,Subtotal no coincide con cálculo,SI
3222,2731-2025,DNI faltante,SI
3223,LEGACY-3223,DNI faltante,SI
3223,LEGACY-3223,Total no coincide con cálculo,SI
3223,LEGACY-3223,Subtotal no coincide con cálculo,SI
3224,16722-25,DNI faltante,SI
3224,16722-25,Total no coincide con cálculo,SI
3224,16722-25,Subtotal no coincide con cálculo,SI
3229,7921-2025,Total no coincide con cálculo,SI
3229,7921-2025,Subtotal no coincide con cálculo,SI
3230,05627-25,DNI faltante,SI
3231,14842-2025,DNI faltante,SI
3235,3742-2025,DNI faltante,SI
3236,7458-2024,DNI faltante,SI
3236,7458-2024,Total no coincide con cálculo,SI
3236,7458-2024,Subtotal no coincide con cálculo,SI
3237,3584-2025,DNI faltante,SI
3238,3873-2025,DNI faltante,SI
3239,4983-2023,Total no coincide con cálculo,SI
3239,4983-2023,Subtotal no coincide con cálculo,SI
3240,3611-2023,DNI faltante,SI
3240,3611-2023,Total no coincide con cálculo,SI
3240,3611-2023,Subtotal no coincide con cálculo,SI
3241,0125055-23,DNI faltante,SI
3242,01993-2025,DNI faltante,SI
3242,01993-2025,Total no coincide con cálculo,SI
3242,01993-2025,Subtotal no coincide con cálculo,SI
3243,106141-25,DNI faltante,SI
3244,975-2025,DNI faltante,SI
3245,17573-24,DNI faltante,SI
3246,17573-24,DNI faltante,SI
3247,2102-2025,DNI faltante,SI
3248,2139-2025,DNI faltante,SI
3249,43532-24,DNI faltante,SI
3249,43532-24,Total no coincide con cálculo,SI
3249,43532-24,Subtotal no coincide con cálculo,SI
3251,119885-24,DNI faltante,SI
3251,119885-24,Total no coincide con cálculo,SI
3251,119885-24,Subtotal no coincide con cálculo,SI
3253,E-372-2025,DNI faltante,SI
3253,E-372-2025,Total no coincide con cálculo,SI
3253,E-372-2025,Subtotal no coincide con cálculo,SI
3255,,ERROR: RAZONSOCIAL/NOMBRE is empty,NO
3256,,ERROR: RAZONSOCIAL/NOMBRE is empty,NO
3257,066-2023,Total no coincide con cálculo,SI
3257,066-2023,Subtotal no coincide con cálculo,SI
3258,066-2023,Total no coincide con cálculo,SI
3258,066-2023,Subtotal no coincide con cálculo,SI
3259,E012505334,DNI faltante,SI
3259,E012505334,Total no coincide con cálculo,SI
3259,E012505334,Subtotal no coincide con cálculo,SI
3262,LEGACY-3262,DNI faltante,SI
3263,5850-2025,DNI faltante,SI
3263,5850-2025,Total no coincide con cálculo,SI
3263,5850-2025,Subtotal no coincide con cálculo,SI
3264,47347-2024,DNI faltante,SI
3264,47347-2024,Total no coincide con cálculo,SI
3264,47347-2024,Subtotal no coincide con cálculo,SI
3265,LEGACY-3265,DNI faltante,SI
3266,16103-25,DNI faltante,SI
3267,3687-2025,DNI faltante,SI
3267,3687-2025,Total no coincide con cálculo,SI
3268,LEGACY-3268,DNI faltante,SI
3269,124536-24,Total no coincide con cálculo,SI
3269,124536-24,Subtotal no coincide con cálculo,SI
3270,124536-24,Total no coincide con cálculo,SI
3270,124536-24,Subtotal no coincide con cálculo,SI
3271,8216-2024,DNI faltante,SI
3271,8216-2024,Total no coincide con cálculo,SI
3271,8216-2024,Subtotal no coincide con cálculo,SI
3272,A,DNI faltante,SI
3274,43532-24,DNI faltante,SI
3274,43532-24,Total no coincide con cálculo,SI
3274,43532-24,Subtotal no coincide con cálculo,SI
3275,2991-2024,DNI faltante,SI
3275,2991-2024,Total no coincide con cálculo,SI
3275,2991-2024,Subtotal no coincide con cálculo,SI
3276,15218-24,DNI faltante,SI
3276,15218-24,Total no coincide con cálculo,SI
3276,15218-24,Subtotal no coincide con cálculo,SI
3277,11469-25,DNI faltante,SI
3277,11469-25,Total no coincide con cálculo,SI
3277,11469-25,Subtotal no coincide con cálculo,SI
3278,1554-2024,DNI faltante,SI
3278,1554-2024,Total no coincide con cálculo,SI
3278,1554-2024,Subtotal no coincide con cálculo,SI
3279,LEGACY-3279,Total no coincide con cálculo,SI
3279,LEGACY-3279,Subtotal no coincide con cálculo,SI
3280,LEGACY-3280,DNI faltante,SI
3280,LEGACY-3280,Total no coincide con cálculo,SI
3280,LEGACY-3280,Subtotal no coincide con cálculo,SI
3281,LEGACY-3281,DNI faltante,SI
3281,LEGACY-3281,Total no coincide con cálculo,SI
3281,LEGACY-3281,Subtotal no coincide con cálculo,SI
3282,LEGACY-3282,DNI faltante,SI
3282,LEGACY-3282,Total no coincide con cálculo,SI
3282,LEGACY-3282,Subtotal no coincide con cálculo,SI
3284,LEGACY-3284,DNI faltante,SI
3285,LEGACY-3285,DNI faltante,SI
3286,LEGACY-3286,DNI faltante,SI
3289,1740-2024,DNI faltante,SI
3289,1740-2024,Total no coincide con cálculo,SI
3289,1740-2024,Subtotal no coincide con cálculo,SI
3290,105269-25,Total no coincide con cálculo,SI
3290,105269-25,Subtotal no coincide con cálculo,SI
3291,LEGACY-3291,DNI faltante,SI
3291,LEGACY-3291,Total no coincide con cálculo,SI
3291,LEGACY-3291,Subtotal no coincide con cálculo,SI
3293,3210-2025,DNI faltante,SI
3293,3210-2025,Total no coincide con cálculo,SI
3294,LEGACY-3294,DNI faltante,SI
3295,3234-2023,DNI faltante,SI
3295,3234-2023,Total no coincide con cálculo,SI
3295,3234-2023,Subtotal no coincide con cálculo,SI
3296,1427-2024,DNI faltante,SI
3296,1427-2024,Total no coincide con cálculo,SI
3296,1427-2024,Subtotal no coincide con cálculo,SI
3297,07984-24,DNI faltante,SI
3298,LEGACY-3298,DNI faltante,SI
3299,3134-25,DNI faltante,SI
3299,3134-25,Total no coincide con cálculo,SI
3299,3134-25,Subtotal no coincide con cálculo,SI
3300,3134-2025,DNI faltante,SI
3300,3134-2025,Total no coincide con cálculo,SI
3300,3134-2025,Subtotal no coincide con cálculo,SI
3301,3134-2025,DNI faltante,SI
3301,3134-2025,Total no coincide con cálculo,SI
3301,3134-2025,Subtotal no coincide con cálculo,SI
3303,260-2024,DNI faltante,SI
3303,260-2024,Total no coincide con cálculo,SI
3303,260-2024,Subtotal no coincide con cálculo,SI
3304,260-2024,DNI faltante,SI
3304,260-2024,Total no coincide con cálculo,SI
3304,260-2024,Subtotal no coincide con cálculo,SI
3305,260-2024,DNI faltante,SI
3305,260-2024,Total no coincide con cálculo,SI
3305,260-2024,Subtotal no coincide con cálculo,SI
3306,105102-25,DNI faltante,SI
3306,105102-25,Total no coincide con cálculo,SI
3306,105102-25,Subtotal no coincide con cálculo,SI
3307,3105-2025,Total no coincide con cálculo,SI
3307,3105-2025,Subtotal no coincide con cálculo,SI
3309,55123-24,Total no coincide con cálculo,SI
3309,55123-24,Subtotal no coincide con cálculo,SI
3310,16146-24,DNI faltante,SI
3310,16146-24,Total no coincide con cálculo,SI
3310,16146-24,Subtotal no coincide con cálculo,SI
3311,LEGACY-3311,DNI faltante,SI
3312,7225-2023,DNI faltante,SI
3312,7225-2023,Total no coincide con cálculo,SI
3312,7225-2023,Subtotal no coincide con cálculo,SI
3313,7225-2023,DNI faltante,SI
3313,7225-2023,Total no coincide con cálculo,SI
3313,7225-2023,Subtotal no coincide con cálculo,SI
3314,7225-2023,DNI faltante,SI
3314,7225-2023,Total no coincide con cálculo,SI
3314,7225-2023,Subtotal no coincide con cálculo,SI
3315,LEGACY-3315,DNI faltante,SI
3315,LEGACY-3315,Total no coincide con cálculo,SI
3315,LEGACY-3315,Subtotal no coincide con cálculo,SI
3316,1783-2025,DNI faltante,SI
3317,769827-26,DNI faltante,SI
3318,17916-24,Total no coincide con cálculo,SI
3318,17916-24,Subtotal no coincide con cálculo,SI
3319,17916-24,Total no coincide con cálculo,SI
3319,17916-24,Subtotal no coincide con cálculo,SI
3321,773769-25,DNI faltante,SI
3321,773769-25,Total no coincide con cálculo,SI
3322,11145-2025,DNI faltante,SI
3323,126510-24,Total no coincide con cálculo,SI
3323,126510-24,Subtotal no coincide con cálculo,SI
3324,17399-25,DNI faltante,SI
3324,17399-25,Total no coincide con cálculo,SI
3324,17399-25,Subtotal no coincide con cálculo,SI
3325,1379-2024,DNI faltante,SI
3325,1379-2024,Total no coincide con cálculo,SI
3325,1379-2024,Subtotal no coincide con cálculo,SI
3326,18491-22,Total no coincide con cálculo,SI
3326,18491-22,Subtotal no coincide con cálculo,SI
3327,24207,Total no coincide con cálculo,SI
3327,24207,Subtotal no coincide con cálculo,SI
3328,0408-24,DNI faltante,SI
3328,0408-24,Total no coincide con cálculo,SI
3328,0408-24,Subtotal no coincide con cálculo,SI
3329,0408-24,DNI faltante,SI
3329,0408-24,Total no coincide con cálculo,SI
3329,0408-24,Subtotal no coincide con cálculo,SI
3330,7439-2025,DNI faltante,SI
3331,663315-22,DNI faltante,SI
3331,663315-22,Total no coincide con cálculo,SI
3331,663315-22,Subtotal no coincide con cálculo,SI
3332,663315-22,DNI faltante,SI
3332,663315-22,Total no coincide con cálculo,SI
3332,663315-22,Subtotal no coincide con cálculo,SI
3333,663315-22,DNI faltante,SI
3333,663315-22,Total no coincide con cálculo,SI
3333,663315-22,Subtotal no coincide con cálculo,SI
3334,LEGACY-3334,DNI faltante,SI
3336,LEGACY-3336,Total no coincide con cálculo,SI
3336,LEGACY-3336,Subtotal no coincide con cálculo,SI
3337,008557-25,DNI faltante,SI
3337,008557-25,Total no coincide con cálculo,SI
3338,64671-24,DNI faltante,SI
3339,LEGACY-3339,DNI faltante,SI
3340,22068-2024,DNI faltante,SI
3340,22068-2024,Total no coincide con cálculo,SI
3340,22068-2024,Subtotal no coincide con cálculo,SI
3341,24895-24,Total no coincide con cálculo,SI
3341,24895-24,Subtotal no coincide con cálculo,SI
3345,LEGACY-3345,DNI faltante,SI
3345,LEGACY-3345,Total no coincide con cálculo,SI
3345,LEGACY-3345,Subtotal no coincide con cálculo,SI
3346,LEGACY-3346,DNI faltante,SI
3347,748420-24,DNI faltante,SI
3347,748420-24,Total no coincide con cálculo,SI
3347,748420-24,Subtotal no coincide con cálculo,SI
3349,4451-2025,DNI faltante,SI
3349,4451-2025,Total no coincide con cálculo,SI
3350,LEGACY-3350,DNI faltante,SI
3351,003566-25,DNI faltante,SI
3351,003566-25,Total no coincide con cálculo,SI
3351,003566-25,Subtotal no coincide con cálculo,SI
3352,4514-2023,DNI faltante,SI
3352,4514-2023,Total no coincide con cálculo,SI
3352,4514-2023,Subtotal no coincide con cálculo,SI
3353,6771-25,Total no coincide con cálculo,SI
3353,6771-25,Subtotal no coincide con cálculo,SI
3355,13361-25,DNI faltante,SI
3355,13361-25,Total no coincide con cálculo,SI
3355,13361-25,Subtotal no coincide con cálculo,SI
3357,23758,DNI faltante,SI
3358,4344-2024,DNI faltante,SI
3359,7726-24,Total no coincide con cálculo,SI
3359,7726-24,Subtotal no coincide con cálculo,SI
3362,5072,DNI faltante,SI
3362,5072,Total no coincide con cálculo,SI
3362,5072,Subtotal no coincide con cálculo,SI
3363,E012503499,DNI faltante,SI
3363,E012503499,Total no coincide con cálculo,SI
3363,E012503499,Subtotal no coincide con cálculo,SI
3365,18810-24,DNI faltante,SI
3365,18810-24,Total no coincide con cálculo,SI
3365,18810-24,Subtotal no coincide con cálculo,SI
3366,3705-2024,DNI faltante,SI
3366,3705-2024,Total no coincide con cálculo,SI
3366,3705-2024,Subtotal no coincide con cálculo,SI
3367,104721-25,DNI faltante,SI
3368,E012424935,DNI faltante,SI
3368,E012424935,Total no coincide con cálculo,SI
3368,E012424935,Subtotal no coincide con cálculo,SI
3369,8126-2024,DNI faltante,SI
3369,8126-2024,Total no coincide con cálculo,SI
3369,8126-2024,Subtotal no coincide con cálculo,SI
3370,LEGACY-3370,DNI faltante,SI
3372,10637-2025,DNI faltante,SI
3373,05852-25,DNI faltante,SI
3374,8366-2024,DNI faltante,SI
3374,8366-2024,Total no coincide con cálculo,SI
3374,8366-2024,Subtotal no coincide con cálculo,SI
3375,8366-2024,DNI faltante,SI
3375,8366-2024,Total no coincide con cálculo,SI
3375,8366-2024,Subtotal no coincide con cálculo,SI
3376,8366-2024,DNI faltante,SI
3376,8366-2024,Total no coincide con cálculo,SI
3376,8366-2024,Subtotal no coincide con cálculo,SI
3377,13563-22,DNI faltante,SI
3377,13563-22,NROREV anómalo: 11,SI
3377,13563-22,Total no coincide con cálculo,SI
3377,13563-22,Subtotal no coincide con cálculo,SI
3378,13563-22,DNI faltante,SI
3378,13563-22,Total no coincide con cálculo,SI
3378,13563-22,Subtotal no coincide con cálculo,SI
3379,13563-22,DNI faltante,SI
3379,13563-22,Total no coincide con cálculo,SI
3379,13563-22,Subtotal no coincide con cálculo,SI
3380,16569-2023,Total no coincide con cálculo,SI
3380,16569-2023,Subtotal no coincide con cálculo,SI
3381,16569-2023,Total no coincide con cálculo,SI
3381,16569-2023,Subtotal no coincide con cálculo,SI
3382,16569-2023,Total no coincide con cálculo,SI
3382,16569-2023,Subtotal no coincide con cálculo,SI
3383,687-2025,DNI faltante,SI
3383,687-2025,Total no coincide con cálculo,SI
3383,687-2025,Subtotal no coincide con cálculo,SI
3384,4188-25,DNI faltante,SI
3385,21618-24,DNI faltante,SI
3385,21618-24,Total no coincide con cálculo,SI
3385,21618-24,Subtotal no coincide con cálculo,SI
3386,18455-24,Total no coincide con cálculo,SI
3386,18455-24,Subtotal no coincide con cálculo,SI
3387,18455-24,Total no coincide con cálculo,SI
3387,18455-24,Subtotal no coincide con cálculo,SI
3388,18455-24,Total no coincide con cálculo,SI
3388,18455-24,Subtotal no coincide con cálculo,SI
3389,28233-25,DNI faltante,SI
3390,34048-25,DNI faltante,SI
3393,E-508-2025,DNI faltante,SI
3393,E-508-2025,Total no coincide con cálculo,SI
3393,E-508-2025,Subtotal no coincide con cálculo,SI
3394,2679-2025,DNI faltante,SI
3396,24065-24,Total no coincide con cálculo,SI
3396,24065-24,Subtotal no coincide con cálculo,SI
3397,0043122-25,DNI faltante,SI
3397,0043122-25,Total no coincide con cálculo,SI
3397,0043122-25,Subtotal no coincide con cálculo,SI
3398,2145-2025,DNI faltante,SI
3399,1074-2025,DNI faltante,SI
3400,E-489-2025,DNI faltante,SI
3400,E-489-2025,Total no coincide con cálculo,SI
3400,E-489-2025,Subtotal no coincide con cálculo,SI
3401,E-489-25,DNI faltante,SI
3401,E-489-25,Total no coincide con cálculo,SI
3401,E-489-25,Subtotal no coincide con cálculo,SI
3402,E-489-2025,DNI faltante,SI
3402,E-489-2025,Total no coincide con cálculo,SI
3402,E-489-2025,Subtotal no coincide con cálculo,SI
3403,124804-23,Total no coincide con cálculo,SI
3403,124804-23,Subtotal no coincide con cálculo,SI
3404,103431-25,Total no coincide con cálculo,SI
3404,103431-25,Subtotal no coincide con cálculo,SI
3405,7347-2024,DNI faltante,SI
3405,7347-2024,Total no coincide con cálculo,SI
3405,7347-2024,Subtotal no coincide con cálculo,SI
3406,1977-2025,DNI faltante,SI
3406,1977-2025,Total no coincide con cálculo,SI
3406,1977-2025,Subtotal no coincide con cálculo,SI
3407,9120-2025,DNI faltante,SI
3408,124305-24,DNI faltante,SI
3408,124305-24,Total no coincide con cálculo,SI
3408,124305-24,Subtotal no coincide con cálculo,SI
3413,2537-2024,DNI faltante,SI
3413,2537-2024,Total no coincide con cálculo,SI
3413,2537-2024,Subtotal no coincide con cálculo,SI
3414,534-2023,DNI faltante,SI
3414,534-2023,Total no coincide con cálculo,SI
3414,534-2023,Subtotal no coincide con cálculo,SI
3415,2326-2025,DNI faltante,SI
3417,18628-25,Total no coincide con cálculo,SI
3417,18628-25,Subtotal no coincide con cálculo,SI
3421,E3322-24,DNI faltante,SI
3422,1536-2024,DNI faltante,SI
3422,1536-2024,Total no coincide con cálculo,SI
3422,1536-2024,Subtotal no coincide con cálculo,SI
3423,24184,DNI faltante,SI
3423,24184,Total no coincide con cálculo,SI
3423,24184,Subtotal no coincide con cálculo,SI
3425,1794-2025,DNI faltante,SI
3426,1108-2025,DNI faltante,SI
3428,04712-2025,DNI faltante,SI
3429,6302-2024,Total no coincide con cálculo,SI
3429,6302-2024,Subtotal no coincide con cálculo,SI
3431,034836-24,Total no coincide con cálculo,SI
3431,034836-24,Subtotal no coincide con cálculo,SI
3432,1139-2025,DNI faltante,SI
3434,E03995-25,DNI faltante,SI
3435,04050-2025,Total no coincide con cálculo,SI
3435,04050-2025,Subtotal no coincide con cálculo,SI
3436,LEGACY-3436,DNI faltante,SI
3437,119551-24,Total no coincide con cálculo,SI
3437,119551-24,Subtotal no coincide con cálculo,SI
3438,LEGACY-3438,DNI faltante,SI
3439,119551-24,DNI faltante,SI
3439,119551-24,Total no coincide con cálculo,SI
3439,119551-24,Subtotal no coincide con cálculo,SI
3440,03824-2025,DNI faltante,SI
3440,03824-2025,Total no coincide con cálculo,SI
3443,,ERROR: RAZONSOCIAL/NOMBRE is empty,NO
3444,LEGACY-3444,DNI faltante,SI
3446,LEGACY-3446,DNI faltante,SI
3447,2503-2025,DNI faltante,SI
3447,2503-2025,Total no coincide con cálculo,SI
3448,04436-25,DNI faltante,SI
3448,04436-25,Total no coincide con cálculo,SI
3448,04436-25,Subtotal no coincide con cálculo,SI
3449,5140-2024,DNI faltante,SI
3449,5140-2024,Total no coincide con cálculo,SI
3449,5140-2024,Subtotal no coincide con cálculo,SI
3450,5140-2024,DNI faltante,SI
3450,5140-2024,Total no coincide con cálculo,SI
3450,5140-2024,Subtotal no coincide con cálculo,SI
3451,5140-2024,DNI faltante,SI
3451,5140-2024,Total no coincide con cálculo,SI
3451,5140-2024,Subtotal no coincide con cálculo,SI
3452,20815-2024,DNI faltante,SI
3452,20815-2024,Total no coincide con cálculo,SI
3452,20815-2024,Subtotal no coincide con cálculo,SI
3453,3453-2023,DNI faltante,SI
3453,3453-2023,Total no coincide con cálculo,SI
3453,3453-2023,Subtotal no coincide con cálculo,SI
3454,LEGACY-3454,DNI faltante,SI
3455,1483-2025,Total no coincide con cálculo,SI
3455,1483-2025,Subtotal no coincide con cálculo,SI
3457,24374,DNI faltante,SI
3458,1573-2025,DNI faltante,SI
3458,1573-2025,Total no coincide con cálculo,SI
3458,1573-2025,Subtotal no coincide con cálculo,SI
3460,LEGACY-3460,DNI faltante,SI
3461,LEGACY-3461,Total no coincide con cálculo,SI
3461,LEGACY-3461,Subtotal no coincide con cálculo,SI
3466,06865-19,Total no coincide con cálculo,SI
3466,06865-19,Subtotal no coincide con cálculo,SI
3467,LEGACY-3467,DNI faltante,SI
3467,LEGACY-3467,Total no coincide con cálculo,SI
3467,LEGACY-3467,Subtotal no coincide con cálculo,SI
3468,5409-2025,Total no coincide con cálculo,SI
3468,5409-2025,Subtotal no coincide con cálculo,SI
3469,3108-2024,Total no coincide con cálculo,SI
3469,3108-2024,Subtotal no coincide con cálculo,SI
3470,143214-24,DNI faltante,SI
3470,143214-24,Total no coincide con cálculo,SI
3470,143214-24,Subtotal no coincide con cálculo,SI
3471,143214-24,DNI faltante,SI
3471,143214-24,Total no coincide con cálculo,SI
3471,143214-24,Subtotal no coincide con cálculo,SI
3472,143214-24,DNI faltante,SI
3472,143214-24,Total no coincide con cálculo,SI
3472,143214-24,Subtotal no coincide con cálculo,SI
3473,2592-2025,DNI faltante,SI
3473,2592-2025,Total no coincide con cálculo,SI
3475,10879-2025,DNI faltante,SI
3477,695-2025,DNI faltante,SI
3478,127635.24,DNI faltante,SI
3478,127635.24,Total no coincide con cálculo,SI
3478,127635.24,Subtotal no coincide con cálculo,SI
3479,44407-24,Total no coincide con cálculo,SI
3479,44407-24,Subtotal no coincide con cálculo,SI
3480,129529-24,Total no coincide con cálculo,SI
3481,1459-2025,DNI faltante,SI
3482,102125-25,DNI faltante,SI
3482,102125-25,Total no coincide con cálculo,SI
3482,102125-25,Subtotal no coincide con cálculo,SI
3483,LEGACY-3483,DNI faltante,SI
3485,6740-2023,Total no coincide con cálculo,SI
3485,6740-2023,Subtotal no coincide con cálculo,SI
3486,6740-2023,Total no coincide con cálculo,SI
3486,6740-2023,Subtotal no coincide con cálculo,SI
3487,6740-2023,Total no coincide con cálculo,SI
3487,6740-2023,Subtotal no coincide con cálculo,SI
3488,LEGACY-3488,DNI faltante,SI
3489,LEGACY-3489,DNI faltante,SI
3490,454-2025,Total no coincide con cálculo,SI
3490,454-2025,Subtotal no coincide con cálculo,SI
3491,26292-24,DNI faltante,SI
3491,26292-24,Total no coincide con cálculo,SI
3491,26292-24,Subtotal no coincide con cálculo,SI
3492,E-2452252,DNI faltante,SI
3492,E-2452252,Total no coincide con cálculo,SI
3492,E-2452252,Subtotal no coincide con cálculo,SI
3493,E-2452252,DNI faltante,SI
3493,E-2452252,Total no coincide con cálculo,SI
3493,E-2452252,Subtotal no coincide con cálculo,SI
3494,E-2452252,DNI faltante,SI
3494,E-2452252,Total no coincide con cálculo,SI
3494,E-2452252,Subtotal no coincide con cálculo,SI
3495,22606-2024,DNI faltante,SI
3495,22606-2024,Total no coincide con cálculo,SI
3495,22606-2024,Subtotal no coincide con cálculo,SI
3496,01993-2025,DNI faltante,SI
3497,LEGACY-3497,Total no coincide con cálculo,SI
3497,LEGACY-3497,Subtotal no coincide con cálculo,SI
3498,1440-2023,DNI faltante,SI
3498,1440-2023,Total no coincide con cálculo,SI
3498,1440-2023,Subtotal no coincide con cálculo,SI
3499,1440-2023,DNI faltante,SI
3499,1440-2023,Total no coincide con cálculo,SI
3499,1440-2023,Subtotal no coincide con cálculo,SI
3500,3136-2025,DNI faltante,SI
3502,126785-20,DNI faltante,SI
3502,126785-20,Total no coincide con cálculo,SI
3502,126785-20,Subtotal no coincide con cálculo,SI
3504,101825-25,Total no coincide con cálculo,SI
3504,101825-25,Subtotal no coincide con cálculo,SI
3505,LEGACY-3505,DNI faltante,SI
3506,6679-2024,DNI faltante,SI
3506,6679-2024,Total no coincide con cálculo,SI
3506,6679-2024,Subtotal no coincide con cálculo,SI
3507,5979-2024,DNI faltante,SI
3507,5979-2024,Total no coincide con cálculo,SI
3507,5979-2024,Subtotal no coincide con cálculo,SI
3508,6122-2023,DNI faltante,SI
3508,6122-2023,Total no coincide con cálculo,SI
3508,6122-2023,Subtotal no coincide con cálculo,SI
3509,6122-2023,DNI faltante,SI
3509,6122-2023,Total no coincide con cálculo,SI
3509,6122-2023,Subtotal no coincide con cálculo,SI
3510,6122-2023,DNI faltante,SI
3510,6122-2023,Total no coincide con cálculo,SI
3510,6122-2023,Subtotal no coincide con cálculo,SI
3511,213947-24,Total no coincide con cálculo,SI
3511,213947-24,Subtotal no coincide con cálculo,SI
3513,6859-2024,DNI faltante,SI
3513,6859-2024,Total no coincide con cálculo,SI
3513,6859-2024,Subtotal no coincide con cálculo,SI
3516,4485-2024,Total no coincide con cálculo,SI
3516,4485-2024,Subtotal no coincide con cálculo,SI
3517,47347-2024,DNI faltante,SI
3517,47347-2024,Total no coincide con cálculo,SI
3517,47347-2024,Subtotal no coincide con cálculo,SI
3518,LEGACY-3518,DNI faltante,SI
3519,LEGACY-3519,DNI faltante,SI
3520,04368-25,DNI faltante,SI
3521,101651-25,DNI faltante,SI
3522,0015805-24,DNI faltante,SI
3523,03502-25,DNI faltante,SI
3524,517-2025,DNI faltante,SI
3525,00300T-16,DNI faltante,SI
3525,00300T-16,Total no coincide con cálculo,SI
3525,00300T-16,Subtotal no coincide con cálculo,SI
3526,5812-2024,DNI faltante,SI
3527,19181-24,Total no coincide con cálculo,SI
3527,19181-24,Subtotal no coincide con cálculo,SI
3528,19189-24,Total no coincide con cálculo,SI
3528,19189-24,Subtotal no coincide con cálculo,SI
3529,19189-24,Total no coincide con cálculo,SI
3529,19189-24,Subtotal no coincide con cálculo,SI
3530,8061-2023,DNI faltante,SI
3530,8061-2023,Total no coincide con cálculo,SI
3530,8061-2023,Subtotal no coincide con cálculo,SI
3531,4260-2024,DNI faltante,SI
3531,4260-2024,Total no coincide con cálculo,SI
3531,4260-2024,Subtotal no coincide con cálculo,SI
3532,4260-2024,DNI faltante,SI
3532,4260-2024,Total no coincide con cálculo,SI
3532,4260-2024,Subtotal no coincide con cálculo,SI
3533,4260-2024,DNI faltante,SI
3533,4260-2024,Total no coincide con cálculo,SI
3533,4260-2024,Subtotal no coincide con cálculo,SI
3534,01208-2025,DNI faltante,SI
3535,102014-25,DNI faltante,SI
3537,8507-2024,DNI faltante,SI
3537,8507-2024,Total no coincide con cálculo,SI
3537,8507-2024,Subtotal no coincide con cálculo,SI
3538,7458-2024,DNI faltante,SI
3538,7458-2024,Total no coincide con cálculo,SI
3538,7458-2024,Subtotal no coincide con cálculo,SI
3539,479-2025,DNI faltante,SI
3540,118646-24,DNI faltante,SI
3540,118646-24,Total no coincide con cálculo,SI
3540,118646-24,Subtotal no coincide con cálculo,SI
3541,758629-24,DNI faltante,SI
3542,LEGACY-3542,DNI faltante,SI
3542,LEGACY-3542,Total no coincide con cálculo,SI
3542,LEGACY-3542,Subtotal no coincide con cálculo,SI
3543,LEGACY-3543,DNI faltante,SI
3544,E321-2024,Total no coincide con cálculo,SI
3544,E321-2024,Subtotal no coincide con cálculo,SI
3545,395-2025,DNI faltante,SI
3546,15567-24,DNI faltante,SI
3546,15567-24,Total no coincide con cálculo,SI
3546,15567-24,Subtotal no coincide con cálculo,SI
3547,E012414719,DNI faltante,SI
3547,E012414719,Total no coincide con cálculo,SI
3547,E012414719,Subtotal no coincide con cálculo,SI
3548,E012414719,DNI faltante,SI
3548,E012414719,Total no coincide con cálculo,SI
3548,E012414719,Subtotal no coincide con cálculo,SI
3549,E012414719,DNI faltante,SI
3549,E012414719,Total no coincide con cálculo,SI
3549,E012414719,Subtotal no coincide con cálculo,SI
3550,33655-24,DNI faltante,SI
3550,33655-24,Total no coincide con cálculo,SI
3550,33655-24,Subtotal no coincide con cálculo,SI
3551,5083-2025,DNI faltante,SI
3553,LEGACY-3553,DNI faltante,SI
3554,009227-25,DNI faltante,SI
3555,15567-24,DNI faltante,SI
3555,15567-24,Total no coincide con cálculo,SI
3555,15567-24,Subtotal no coincide con cálculo,SI
3556,4719-2023,DNI faltante,SI
3556,4719-2023,Total no coincide con cálculo,SI
3556,4719-2023,Subtotal no coincide con cálculo,SI
3557,00961-2025,DNI faltante,SI
3558,4515-2024,DNI faltante,SI
3558,4515-2024,Total no coincide con cálculo,SI
3558,4515-2024,Subtotal no coincide con cálculo,SI
3559,305-2025,DNI faltante,SI
3560,18361-2024,Total no coincide con cálculo,SI
3560,18361-2024,Subtotal no coincide con cálculo,SI
3561,20075-24,DNI faltante,SI
3561,20075-24,Total no coincide con cálculo,SI
3561,20075-24,Subtotal no coincide con cálculo,SI
3562,20075-24,DNI faltante,SI
3562,20075-24,Total no coincide con cálculo,SI
3562,20075-24,Subtotal no coincide con cálculo,SI
3563,20075-24,DNI faltante,SI
3563,20075-24,Total no coincide con cálculo,SI
3563,20075-24,Subtotal no coincide con cálculo,SI
3564,56786-24,Total no coincide con cálculo,SI
3564,56786-24,Subtotal no coincide con cálculo,SI
3565,2959-24,DNI faltante,SI
3565,2959-24,Total no coincide con cálculo,SI
3565,2959-24,Subtotal no coincide con cálculo,SI
3566,2959-24,DNI faltante,SI
3566,2959-24,Total no coincide con cálculo,SI
3566,2959-24,Subtotal no coincide con cálculo,SI
3567,2959-24,DNI faltante,SI
3567,2959-24,Total no coincide con cálculo,SI
3567,2959-24,Subtotal no coincide con cálculo,SI
3569,LEGACY-3569,DNI faltante,SI
3570,LEGACY-3570,Total no coincide con cálculo,SI
3571,122183-24,DNI faltante,SI
3571,122183-24,Total no coincide con cálculo,SI
3571,122183-24,Subtotal no coincide con cálculo,SI
3573,1400-2024,DNI faltante,SI
3573,1400-2024,Total no coincide con cálculo,SI
3573,1400-2024,Subtotal no coincide con cálculo,SI
3574,092195-25,DNI faltante,SI
3575,LEGACY-3575,DNI faltante,SI
3577,LEGACY-3577,DNI faltante,SI
3579,4754-24,DNI faltante,SI
3579,4754-24,Total no coincide con cálculo,SI
3579,4754-24,Subtotal no coincide con cálculo,SI
3580,LEGACY-3580,DNI faltante,SI
3580,LEGACY-3580,Total no coincide con cálculo,SI
3580,LEGACY-3580,Subtotal no coincide con cálculo,SI
3581,,ERROR: RAZONSOCIAL/NOMBRE is empty,NO
3582,25043-24,DNI faltante,SI
3582,25043-24,Total no coincide con cálculo,SI
3582,25043-24,Subtotal no coincide con cálculo,SI
3583,LEGACY-3583,DNI faltante,SI
3583,LEGACY-3583,Total no coincide con cálculo,SI
3584,618-2025,DNI faltante,SI
3585,22878-24,DNI faltante,SI
3585,22878-24,Total no coincide con cálculo,SI
3585,22878-24,Subtotal no coincide con cálculo,SI
3586,048230-24,DNI faltante,SI
3586,048230-24,Total no coincide con cálculo,SI
3586,048230-24,Subtotal no coincide con cálculo,SI
3588,LEGACY-3588,DNI faltante,SI
3589,101070-25,Total no coincide con cálculo,SI
3589,101070-25,Subtotal no coincide con cálculo,SI
3590,48923-24,DNI faltante,SI
3590,48923-24,Total no coincide con cálculo,SI
3590,48923-24,Subtotal no coincide con cálculo,SI
3591,100489-24,DNI faltante,SI
3592,E012500635,Total no coincide con cálculo,SI
3592,E012500635,Subtotal no coincide con cálculo,SI
3593,LEGACY-3593,DNI faltante,SI
3594,LEGACY-3594,DNI faltante,SI
3595,LEGACY-3595,DNI faltante,SI
3596,1904-2025,DNI faltante,SI
3596,1904-2025,Total no coincide con cálculo,SI
3596,1904-2025,Subtotal no coincide con cálculo,SI
3597,625-2025,DNI faltante,SI
3597,625-2025,Total no coincide con cálculo,SI
3597,625-2025,Subtotal no coincide con cálculo,SI
3598,LEGACY-3598,DNI faltante,SI
3599,0120-2025,DNI faltante,SI
3599,0120-2025,Total no coincide con cálculo,SI
3599,0120-2025,Subtotal no coincide con cálculo,SI
3600,04936-25,DNI faltante,SI
3600,04936-25,Total no coincide con cálculo,SI
3600,04936-25,Subtotal no coincide con cálculo,SI
3601,05542-2019,DNI faltante,SI
3601,05542-2019,Total no coincide con cálculo,SI
3601,05542-2019,Subtotal no coincide con cálculo,SI
3602,LEGACY-3602,DNI faltante,SI
3604,LEGACY-3604,DNI faltante,SI
3605,E273-2024,DNI faltante,SI
3605,E273-2024,Total no coincide con cálculo,SI
3605,E273-2024,Subtotal no coincide con cálculo,SI
3606,E273-2024,DNI faltante,SI
3606,E273-2024,Total no coincide con cálculo,SI
3606,E273-2024,Subtotal no coincide con cálculo,SI
3607,32753-24,DNI faltante,SI
3607,32753-24,Total no coincide con cálculo,SI
3607,32753-24,Subtotal no coincide con cálculo,SI
3608,LEGACY-3608,Total no coincide con cálculo,SI
3608,LEGACY-3608,Subtotal no coincide con cálculo,SI
3609,24488,Total no coincide con cálculo,SI
3609,24488,Subtotal no coincide con cálculo,SI
3610,4125-2024,DNI faltante,SI
3610,4125-2024,Total no coincide con cálculo,SI
3610,4125-2024,Subtotal no coincide con cálculo,SI
3611,10099-2023,DNI faltante,SI
3611,10099-2023,Total no coincide con cálculo,SI
3611,10099-2023,Subtotal no coincide con cálculo,SI
3612,2309-25,DNI faltante,SI
3615,144185,DNI faltante,SI
3615,144185,Total no coincide con cálculo,SI
3615,144185,Subtotal no coincide con cálculo,SI
3617,0166-2025,DNI faltante,SI
3621,28222-24,DNI faltante,SI
3621,28222-24,Total no coincide con cálculo,SI
3621,28222-24,Subtotal no coincide con cálculo,SI
3623,E11258-25,DNI faltante,SI
3624,10176-2021,Total no coincide con cálculo,SI
3624,10176-2021,Subtotal no coincide con cálculo,SI
3625,10176-2021,Total no coincide con cálculo,SI
3625,10176-2021,Subtotal no coincide con cálculo,SI
3626,10176-2021,Total no coincide con cálculo,SI
3626,10176-2021,Subtotal no coincide con cálculo,SI
3628,10292-24,DNI faltante,SI
3629,7920-2024,DNI faltante,SI
3629,7920-2024,Total no coincide con cálculo,SI
3629,7920-2024,Subtotal no coincide con cálculo,SI
3630,5041-2024,DNI faltante,SI
3630,5041-2024,Total no coincide con cálculo,SI
3630,5041-2024,Subtotal no coincide con cálculo,SI
3631,LEGACY-3631,DNI faltante,SI
3632,111409-24,Total no coincide con cálculo,SI
3632,111409-24,Subtotal no coincide con cálculo,SI
3633,111409-24,Total no coincide con cálculo,SI
3633,111409-24,Subtotal no coincide con cálculo,SI
3634,111409-24,Total no coincide con cálculo,SI
3634,111409-24,Subtotal no coincide con cálculo,SI
3635,29397-2024,DNI faltante,SI
3635,29397-2024,Total no coincide con cálculo,SI
3635,29397-2024,Subtotal no coincide con cálculo,SI
3636,E012500089,DNI faltante,SI
3637,771-2025,DNI faltante,SI
3640,56919-2024,Total no coincide con cálculo,SI
3640,56919-2024,Subtotal no coincide con cálculo,SI
3641,00067-2025,DNI faltante,SI
3641,00067-2025,Total no coincide con cálculo,SI
3642,4409-2024,DNI faltante,SI
3642,4409-2024,Total no coincide con cálculo,SI
3642,4409-2024,Subtotal no coincide con cálculo,SI
3643,100916-25,DNI faltante,SI
3643,100916-25,Total no coincide con cálculo,SI
3643,100916-25,Subtotal no coincide con cálculo,SI
3644,,ERROR: RAZONSOCIAL/NOMBRE is empty,NO
3645,128645-24,DNI faltante,SI
3645,128645-24,Total no coincide con cálculo,SI
3645,128645-24,Subtotal no coincide con cálculo,SI
3646,25298-24,DNI faltante,SI
3646,25298-24,Total no coincide con cálculo,SI
3646,25298-24,Subtotal no coincide con cálculo,SI
3647,130643-24,DNI faltante,SI
3648,130815-25,DNI faltante,SI
3648,130815-25,Total no coincide con cálculo,SI
3648,130815-25,Subtotal no coincide con cálculo,SI
3649,E012428013,DNI faltante,SI
3650,23596-24,DNI faltante,SI
3651,24244,Total no coincide con cálculo,SI
3652,24184,DNI faltante,SI
3652,24184,Total no coincide con cálculo,SI
3652,24184,Subtotal no coincide con cálculo,SI
3653,17655-24,Total no coincide con cálculo,SI
3653,17655-24,Subtotal no coincide con cálculo,SI
3654,43532-24,DNI faltante,SI
3654,43532-24,Total no coincide con cálculo,SI
3654,43532-24,Subtotal no coincide con cálculo,SI
3655,12319958,DNI faltante,SI
3655,12319958,Total no coincide con cálculo,SI
3655,12319958,Subtotal no coincide con cálculo,SI
3656,12319958,DNI faltante,SI
3656,12319958,Total no coincide con cálculo,SI
3656,12319958,Subtotal no coincide con cálculo,SI
3657,12319958,DNI faltante,SI
3657,12319958,Total no coincide con cálculo,SI
3657,12319958,Subtotal no coincide con cálculo,SI
3658,,ERROR: RAZONSOCIAL/NOMBRE is empty,NO
3659,E-372-2025,DNI faltante,SI
3660,124419-24,DNI faltante,SI
3660,124419-24,Total no coincide con cálculo,SI
3660,124419-24,Subtotal no coincide con cálculo,SI
3661,10700,DNI faltante,SI
3662,39763-25,DNI faltante,SI
3662,39763-25,Total no coincide con cálculo,SI
3662,39763-25,Subtotal no coincide con cálculo,SI
3663,51691-24,Total no coincide con cálculo,SI
3663,51691-24,Subtotal no coincide con cálculo,SI
3664,24895-24,Total no coincide con cálculo,SI
3664,24895-24,Subtotal no coincide con cálculo,SI
3665,40576-2024,DNI faltante,SI
3665,40576-2024,Total no coincide con cálculo,SI
3665,40576-2024,Subtotal no coincide con cálculo,SI
3666,40576-2024,DNI faltante,SI
3667,40576-2024,DNI faltante,SI
3667,40576-2024,Total no coincide con cálculo,SI
3667,40576-2024,Subtotal no coincide con cálculo,SI
3668,26411-24,DNI faltante,SI
3668,26411-24,Total no coincide con cálculo,SI
3668,26411-24,Subtotal no coincide con cálculo,SI
3669,6701-2023,DNI faltante,SI
3669,6701-2023,Total no coincide con cálculo,SI
3669,6701-2023,Subtotal no coincide con cálculo,SI
3670,6701-2023,DNI faltante,SI
3670,6701-2023,Total no coincide con cálculo,SI
3670,6701-2023,Subtotal no coincide con cálculo,SI
3671,6701-2023,DNI faltante,SI
3671,6701-2023,Total no coincide con cálculo,SI
3671,6701-2023,Subtotal no coincide con cálculo,SI
3672,14249-24,DNI faltante,SI
3672,14249-24,Total no coincide con cálculo,SI
3672,14249-24,Subtotal no coincide con cálculo,SI
3673,14249-24,DNI faltante,SI
3673,14249-24,NROREV faltante — se asigna 1,SI
3673,14249-24,Total no coincide con cálculo,SI
3673,14249-24,Subtotal no coincide con cálculo,SI
3674,17849-23,DNI faltante,SI
3674,17849-23,Total no coincide con cálculo,SI
3674,17849-23,Subtotal no coincide con cálculo,SI
3675,14249-24,DNI faltante,SI
3675,14249-24,Total no coincide con cálculo,SI
3675,14249-24,Subtotal no coincide con cálculo,SI
3676,71822-24,DNI faltante,SI
3677,98354-24,Total no coincide con cálculo,SI
3677,98354-24,Subtotal no coincide con cálculo,SI
3678,,ERROR: RAZONSOCIAL/NOMBRE is empty,NO
3679,00300T-16,DNI faltante,SI
3679,00300T-16,Total no coincide con cálculo,SI
3679,00300T-16,Subtotal no coincide con cálculo,SI
3680,10071-24,DNI faltante,SI
3681,045-2025,DNI faltante,SI
3682,066-2023,Total no coincide con cálculo,SI
3682,066-2023,Subtotal no coincide con cálculo,SI
3683,5995-2024,DNI faltante,SI
3683,5995-2024,Total no coincide con cálculo,SI
3683,5995-2024,Subtotal no coincide con cálculo,SI
3684,29246-24,DNI faltante,SI
3687,18766-24,Total no coincide con cálculo,SI
3687,18766-24,Subtotal no coincide con cálculo,SI
3688,10283-2024,DNI faltante,SI
3689,2142-2025,DNI faltante,SI
3689,2142-2025,Total no coincide con cálculo,SI
3689,2142-2025,Subtotal no coincide con cálculo,SI
3690,E-03859-24,DNI faltante,SI
3690,E-03859-24,Total no coincide con cálculo,SI
3690,E-03859-24,Subtotal no coincide con cálculo,SI
3692,LEGACY-3692,DNI faltante,SI
3693,24229,DNI faltante,SI
3693,24229,Total no coincide con cálculo,SI
3693,24229,Subtotal no coincide con cálculo,SI
3694,2139-2025,DNI faltante,SI
3695,259225-24,DNI faltante,SI
3696,9177-2023,DNI faltante,SI
3696,9177-2023,Total no coincide con cálculo,SI
3696,9177-2023,Subtotal no coincide con cálculo,SI
3697,9958-2024,DNI faltante,SI
3698,130048-24,DNI faltante,SI
3699,LEGACY-3699,DNI faltante,SI
3700,00186-2025,DNI faltante,SI
3700,00186-2025,Total no coincide con cálculo,SI
3700,00186-2025,Subtotal no coincide con cálculo,SI
3701,15517-23,DNI faltante,SI
3701,15517-23,Total no coincide con cálculo,SI
3701,15517-23,Subtotal no coincide con cálculo,SI
3702,15517-23,DNI faltante,SI
3702,15517-23,Total no coincide con cálculo,SI
3702,15517-23,Subtotal no coincide con cálculo,SI
3703,LEGACY-3703,DNI faltante,SI
3704,LEGACY-3704,DNI faltante,SI
3705,5372-2024,DNI faltante,SI
3705,5372-2024,Total no coincide con cálculo,SI
3705,5372-2024,Subtotal no coincide con cálculo,SI
3706,144488-24,Total no coincide con cálculo,SI
3706,144488-24,Subtotal no coincide con cálculo,SI
3707,6246-2023,DNI faltante,SI
3707,6246-2023,Total no coincide con cálculo,SI
3707,6246-2023,Subtotal no coincide con cálculo,SI
3708,6246-2023,DNI faltante,SI
3708,6246-2023,Total no coincide con cálculo,SI
3708,6246-2023,Subtotal no coincide con cálculo,SI
3709,6246-2023,DNI faltante,SI
3709,6246-2023,Total no coincide con cálculo,SI
3709,6246-2023,Subtotal no coincide con cálculo,SI
3711,05055-25,DNI faltante,SI
3712,10085-24,DNI faltante,SI
3713,26246-24,DNI faltante,SI
3713,26246-24,Total no coincide con cálculo,SI
3713,26246-24,Subtotal no coincide con cálculo,SI
3714,26246-24,DNI faltante,SI
3714,26246-24,Total no coincide con cálculo,SI
3714,26246-24,Subtotal no coincide con cálculo,SI
3715,24027,Total no coincide con cálculo,SI
3715,24027,Subtotal no coincide con cálculo,SI
3716,LEGACY-3716,DNI faltante,SI
3717,9311-2024,DNI faltante,SI
3717,9311-2024,Total no coincide con cálculo,SI
3717,9311-2024,Subtotal no coincide con cálculo,SI
3718,18810-24,DNI faltante,SI
3718,18810-24,Total no coincide con cálculo,SI
3718,18810-24,Subtotal no coincide con cálculo,SI
3719,13807-24,DNI faltante,SI
3719,13807-24,Total no coincide con cálculo,SI
3719,13807-24,Subtotal no coincide con cálculo,SI
3721,28741-24,DNI faltante,SI
3721,28741-24,Total no coincide con cálculo,SI
3721,28741-24,Subtotal no coincide con cálculo,SI
3724,1554-2024,DNI faltante,SI
3724,1554-2024,Total no coincide con cálculo,SI
3724,1554-2024,Subtotal no coincide con cálculo,SI
3725,1554-2024,DNI faltante,SI
3725,1554-2024,Total no coincide con cálculo,SI
3725,1554-2024,Subtotal no coincide con cálculo,SI
3726,1554-2024,DNI faltante,SI
3726,1554-2024,Total no coincide con cálculo,SI
3726,1554-2024,Subtotal no coincide con cálculo,SI
3727,25043-24,DNI faltante,SI
3728,12004-2024,DNI faltante,SI
3728,12004-2024,Total no coincide con cálculo,SI
3728,12004-2024,Subtotal no coincide con cálculo,SI
3729,12004-2024,DNI faltante,SI
3729,12004-2024,Total no coincide con cálculo,SI
3729,12004-2024,Subtotal no coincide con cálculo,SI
3730,12004-2024,DNI faltante,SI
3730,12004-2024,Total no coincide con cálculo,SI
3730,12004-2024,Subtotal no coincide con cálculo,SI
3731,A,DNI faltante,SI
3732,12449-24,DNI faltante,SI
3732,12449-24,Total no coincide con cálculo,SI
3732,12449-24,Subtotal no coincide con cálculo,SI
3733,10293-2024,DNI faltante,SI
3734,68172-23,DNI faltante,SI
3734,68172-23,Total no coincide con cálculo,SI
3734,68172-23,Subtotal no coincide con cálculo,SI
3735,126510-24,Total no coincide con cálculo,SI
3735,126510-24,Subtotal no coincide con cálculo,SI
3736,12590-24,Total no coincide con cálculo,SI
3736,12590-24,Subtotal no coincide con cálculo,SI
3737,22363-24,Total no coincide con cálculo,SI
3737,22363-24,Subtotal no coincide con cálculo,SI
3738,22606-2024,DNI faltante,SI
3738,22606-2024,Total no coincide con cálculo,SI
3738,22606-2024,Subtotal no coincide con cálculo,SI
3739,8853-2024,Total no coincide con cálculo,SI
3739,8853-2024,Subtotal no coincide con cálculo,SI
3740,129602-24,DNI faltante,SI
3741,4844-2024,DNI faltante,SI
3741,4844-2024,Total no coincide con cálculo,SI
3741,4844-2024,Subtotal no coincide con cálculo,SI
3742,4844-2024,DNI faltante,SI
3742,4844-2024,Total no coincide con cálculo,SI
3742,4844-2024,Subtotal no coincide con cálculo,SI
3743,4844-2024,DNI faltante,SI
3743,4844-2024,Total no coincide con cálculo,SI
3743,4844-2024,Subtotal no coincide con cálculo,SI
3744,18771-2024,DNI faltante,SI
3745,43817-24,DNI faltante,SI
3746,14829-24,DNI faltante,SI
3746,14829-24,Total no coincide con cálculo,SI
3746,14829-24,Subtotal no coincide con cálculo,SI
3747,119348-202,DNI faltante,SI
3747,119348-202,Total no coincide con cálculo,SI
3747,119348-202,Subtotal no coincide con cálculo,SI
3750,2959-24,DNI faltante,SI
3750,2959-24,Total no coincide con cálculo,SI
3750,2959-24,Subtotal no coincide con cálculo,SI
3752,LEGACY-3752,DNI faltante,SI
3752,LEGACY-3752,Total no coincide con cálculo,SI
3752,LEGACY-3752,Subtotal no coincide con cálculo,SI
3753,LEGACY-3753,DNI faltante,SI
3754,12240-2023,DNI faltante,SI
3754,12240-2023,Total no coincide con cálculo,SI
3754,12240-2023,Subtotal no coincide con cálculo,SI
3755,12240-2023,DNI faltante,SI
3755,12240-2023,Total no coincide con cálculo,SI
3755,12240-2023,Subtotal no coincide con cálculo,SI
3756,67667-23,DNI faltante,SI
3756,67667-23,Total no coincide con cálculo,SI
3756,67667-23,Subtotal no coincide con cálculo,SI
3757,129218-24,DNI faltante,SI
3757,129218-24,Total no coincide con cálculo,SI
3757,129218-24,Subtotal no coincide con cálculo,SI
3758,LEGACY-3758,DNI faltante,SI
3758,LEGACY-3758,Total no coincide con cálculo,SI
3758,LEGACY-3758,Subtotal no coincide con cálculo,SI
3760,36302-24,DNI faltante,SI
3761,7883-2024,Total no coincide con cálculo,SI
3761,7883-2024,Subtotal no coincide con cálculo,SI
3762,129179-24,DNI faltante,SI
3762,129179-24,Total no coincide con cálculo,SI
3762,129179-24,Subtotal no coincide con cálculo,SI
3764,26292-25,DNI faltante,SI
3764,26292-25,Total no coincide con cálculo,SI
3764,26292-25,Subtotal no coincide con cálculo,SI
3765,4085-2021,DNI faltante,SI
3765,4085-2021,Total no coincide con cálculo,SI
3765,4085-2021,Subtotal no coincide con cálculo,SI
3766,4085-2021,DNI faltante,SI
3766,4085-2021,Total no coincide con cálculo,SI
3766,4085-2021,Subtotal no coincide con cálculo,SI
3767,4085-2021,DNI faltante,SI
3767,4085-2021,Total no coincide con cálculo,SI
3767,4085-2021,Subtotal no coincide con cálculo,SI
3768,6383-2024,DNI faltante,SI
3768,6383-2024,Total no coincide con cálculo,SI
3768,6383-2024,Subtotal no coincide con cálculo,SI
3769,LEGACY-3769,DNI faltante,SI
3770,129670-24,Total no coincide con cálculo,SI
3770,129670-24,Subtotal no coincide con cálculo,SI
3771,117309-24,DNI faltante,SI
3771,117309-24,Total no coincide con cálculo,SI
3771,117309-24,Subtotal no coincide con cálculo,SI
3772,117309-24,DNI faltante,SI
3772,117309-24,Total no coincide con cálculo,SI
3772,117309-24,Subtotal no coincide con cálculo,SI
3773,117309-24,DNI faltante,SI
3773,117309-24,Total no coincide con cálculo,SI
3773,117309-24,Subtotal no coincide con cálculo,SI
3774,LEGACY-3774,DNI faltante,SI
3775,6556-2024,DNI faltante,SI
3776,6556-2024,DNI faltante,SI
3777,1440-2023,DNI faltante,SI
3777,1440-2023,Total no coincide con cálculo,SI
3777,1440-2023,Subtotal no coincide con cálculo,SI
3778,1440-2023,DNI faltante,SI
3778,1440-2023,Total no coincide con cálculo,SI
3778,1440-2023,Subtotal no coincide con cálculo,SI
3779,LEGACY-3779,DNI faltante,SI
3780,20815-2024,DNI faltante,SI
3780,20815-2024,Total no coincide con cálculo,SI
3780,20815-2024,Subtotal no coincide con cálculo,SI
3782,48267-24,DNI faltante,SI
3783,29143-24,Total no coincide con cálculo,SI
3783,29143-24,Subtotal no coincide con cálculo,SI
3784,5578-2018,DNI faltante,SI
3784,5578-2018,NROREV anómalo: 7,SI
3784,5578-2018,Total no coincide con cálculo,SI
3784,5578-2018,Subtotal no coincide con cálculo,SI
3785,5578-2018,DNI faltante,SI
3785,5578-2018,Total no coincide con cálculo,SI
3785,5578-2018,Subtotal no coincide con cálculo,SI
3786,5578-2018,DNI faltante,SI
3786,5578-2018,Total no coincide con cálculo,SI
3786,5578-2018,Subtotal no coincide con cálculo,SI
3787,9816-2024,DNI faltante,SI
3788,E-747-2024,Total no coincide con cálculo,SI
3788,E-747-2024,Subtotal no coincide con cálculo,SI
3789,8507-2024,DNI faltante,SI
3789,8507-2024,Total no coincide con cálculo,SI
3789,8507-2024,Subtotal no coincide con cálculo,SI
3790,8507-2024,DNI faltante,SI
3790,8507-2024,Total no coincide con cálculo,SI
3790,8507-2024,Subtotal no coincide con cálculo,SI
3791,248601-24,DNI faltante,SI
3792,E-3617-24,DNI faltante,SI
3792,E-3617-24,Total no coincide con cálculo,SI
3792,E-3617-24,Subtotal no coincide con cálculo,SI
3793,E-40237-24,DNI faltante,SI
3793,E-40237-24,Total no coincide con cálculo,SI
3794,37109-24,DNI faltante,SI
3795,27535-24,DNI faltante,SI
3795,27535-24,Total no coincide con cálculo,SI
3795,27535-24,Subtotal no coincide con cálculo,SI
3796,27535-24,DNI faltante,SI
3796,27535-24,Total no coincide con cálculo,SI
3796,27535-24,Subtotal no coincide con cálculo,SI
3797,27535-24,DNI faltante,SI
3797,27535-24,Total no coincide con cálculo,SI
3797,27535-24,Subtotal no coincide con cálculo,SI
3798,LEGACY-3798,DNI faltante,SI
3799,9533-2024,DNI faltante,SI
3800,25372-24,DNI faltante,SI
3801,16886-23,DNI faltante,SI
3801,16886-23,Total no coincide con cálculo,SI
3801,16886-23,Subtotal no coincide con cálculo,SI
3802,16886-23,DNI faltante,SI
3802,16886-23,Total no coincide con cálculo,SI
3802,16886-23,Subtotal no coincide con cálculo,SI
3805,6670-2024,DNI faltante,SI
3805,6670-2024,Total no coincide con cálculo,SI
3805,6670-2024,Subtotal no coincide con cálculo,SI
3807,26156-24,Total no coincide con cálculo,SI
3807,26156-24,Subtotal no coincide con cálculo,SI
3808,LEGACY-3808,DNI faltante,SI
3809,LEGACY-3809,DNI faltante,SI
3809,LEGACY-3809,Total no coincide con cálculo,SI
3809,LEGACY-3809,Subtotal no coincide con cálculo,SI
3810,108119,DNI faltante,SI
3810,108119,Total no coincide con cálculo,SI
3810,108119,Subtotal no coincide con cálculo,SI
3811,36183-24,DNI faltante,SI
3811,36183-24,Total no coincide con cálculo,SI
3811,36183-24,Subtotal no coincide con cálculo,SI
3812,36183-24,DNI faltante,SI
3813,128495,DNI faltante,SI
3814,LEGACY-3814,DNI faltante,SI
3814,LEGACY-3814,Total no coincide con cálculo,SI
3814,LEGACY-3814,Subtotal no coincide con cálculo,SI
3815,LEGACY-3815,DNI faltante,SI
3816,119551-24,DNI faltante,SI
3816,119551-24,Total no coincide con cálculo,SI
3816,119551-24,Subtotal no coincide con cálculo,SI
3817,15398-2024,DNI faltante,SI
3817,15398-2024,Total no coincide con cálculo,SI
3817,15398-2024,Subtotal no coincide con cálculo,SI
3819,LEGACY-3819,DNI faltante,SI
3820,LEGACY-3820,DNI faltante,SI
3821,4719-2023,DNI faltante,SI
3821,4719-2023,Total no coincide con cálculo,SI
3821,4719-2023,Subtotal no coincide con cálculo,SI
3823,189992-22,Total no coincide con cálculo,SI
3823,189992-22,Subtotal no coincide con cálculo,SI
3824,370802,DNI faltante,SI
3824,370802,Total no coincide con cálculo,SI
3824,370802,Subtotal no coincide con cálculo,SI
3825,370802,DNI faltante,SI
3825,370802,Total no coincide con cálculo,SI
3825,370802,Subtotal no coincide con cálculo,SI
3826,370802,DNI faltante,SI
3826,370802,Total no coincide con cálculo,SI
3826,370802,Subtotal no coincide con cálculo,SI
3827,6509-2024,DNI faltante,SI
3827,6509-2024,Total no coincide con cálculo,SI
3827,6509-2024,Subtotal no coincide con cálculo,SI
3828,10157-23,Total no coincide con cálculo,SI
3828,10157-23,Subtotal no coincide con cálculo,SI
3829,10157-23,Total no coincide con cálculo,SI
3829,10157-23,Subtotal no coincide con cálculo,SI
3830,10157-23,Total no coincide con cálculo,SI
3830,10157-23,Subtotal no coincide con cálculo,SI
3831,LEGACY-3831,Total no coincide con cálculo,SI
3831,LEGACY-3831,Subtotal no coincide con cálculo,SI
3832,3453-2023,DNI faltante,SI
3832,3453-2023,Total no coincide con cálculo,SI
3832,3453-2023,Subtotal no coincide con cálculo,SI
3835,LEGACY-3835,DNI faltante,SI
3835,LEGACY-3835,Total no coincide con cálculo,SI
3836,58234-24,DNI faltante,SI
3837,1285668,DNI faltante,SI
3838,00300T-16,DNI faltante,SI
3838,00300T-16,Total no coincide con cálculo,SI
3838,00300T-16,Subtotal no coincide con cálculo,SI
3840,9334-2024,DNI faltante,SI
3841,LEGACY-3841,Total no coincide con cálculo,SI
3843,112470-23,DNI faltante,SI
3843,112470-23,Total no coincide con cálculo,SI
3843,112470-23,Subtotal no coincide con cálculo,SI
3844,112470-23,DNI faltante,SI
3844,112470-23,Total no coincide con cálculo,SI
3844,112470-23,Subtotal no coincide con cálculo,SI
3845,112470-23,DNI faltante,SI
3845,112470-23,Total no coincide con cálculo,SI
3845,112470-23,Subtotal no coincide con cálculo,SI
3846,LEGACY-3846,DNI faltante,SI
3847,LEGACY-3847,DNI faltante,SI
3848,23401-24,DNI faltante,SI
3849,0408-24,DNI faltante,SI
3850,128224-24,DNI faltante,SI
3850,128224-24,Total no coincide con cálculo,SI
3850,128224-24,Subtotal no coincide con cálculo,SI
3851,128224-24,DNI faltante,SI
3851,128224-24,Total no coincide con cálculo,SI
3851,128224-24,Subtotal no coincide con cálculo,SI
3853,LEGACY-3853,Total no coincide con cálculo,SI
3853,LEGACY-3853,Subtotal no coincide con cálculo,SI
3854,9290-2023,DNI faltante,SI
3854,9290-2023,Total no coincide con cálculo,SI
3854,9290-2023,Subtotal no coincide con cálculo,SI
3855,9290-2023,DNI faltante,SI
3855,9290-2023,Total no coincide con cálculo,SI
3855,9290-2023,Subtotal no coincide con cálculo,SI
3856,9290-2023,DNI faltante,SI
3856,9290-2023,Total no coincide con cálculo,SI
3856,9290-2023,Subtotal no coincide con cálculo,SI
3857,35992-24,DNI faltante,SI
3859,8045-2017,DNI faltante,SI
3859,8045-2017,Total no coincide con cálculo,SI
3859,8045-2017,Subtotal no coincide con cálculo,SI
3860,8045-2017,DNI faltante,SI
3860,8045-2017,Total no coincide con cálculo,SI
3860,8045-2017,Subtotal no coincide con cálculo,SI
3861,8045-2017,DNI faltante,SI
3861,8045-2017,Total no coincide con cálculo,SI
3861,8045-2017,Subtotal no coincide con cálculo,SI
3862,LEGACY-3862,DNI faltante,SI
3863,LEGACY-3863,DNI faltante,SI
3864,4433-2024,DNI faltante,SI
3865,128611-24,DNI faltante,SI
3867,LEGACY-3867,DNI faltante,SI
3868,LEGACY-3868,DNI faltante,SI
3869,LEGACY-3869,DNI faltante,SI
3871,22363-24,Total no coincide con cálculo,SI
3871,22363-24,Subtotal no coincide con cálculo,SI
3872,104608-21,DNI faltante,SI
3872,104608-21,Total no coincide con cálculo,SI
3872,104608-21,Subtotal no coincide con cálculo,SI
3873,5690-2024,DNI faltante,SI
3873,5690-2024,Total no coincide con cálculo,SI
3873,5690-2024,Subtotal no coincide con cálculo,SI
3874,5690-24,DNI faltante,SI
3874,5690-24,Total no coincide con cálculo,SI
3874,5690-24,Subtotal no coincide con cálculo,SI
3875,LEGACY-3875,Total no coincide con cálculo,SI
3876,5849-2024,DNI faltante,SI
3876,5849-2024,Total no coincide con cálculo,SI
3876,5849-2024,Subtotal no coincide con cálculo,SI
3877,5849-2024,DNI faltante,SI
3877,5849-2024,Total no coincide con cálculo,SI
3877,5849-2024,Subtotal no coincide con cálculo,SI
3878,5849-2024,DNI faltante,SI
3878,5849-2024,Total no coincide con cálculo,SI
3878,5849-2024,Subtotal no coincide con cálculo,SI
3879,LEGACY-3879,DNI faltante,SI
3880,0408-2024,DNI faltante,SI
3880,0408-2024,Total no coincide con cálculo,SI
3880,0408-2024,Subtotal no coincide con cálculo,SI
3881,LEGACY-3881,DNI faltante,SI
3881,LEGACY-3881,Total no coincide con cálculo,SI
3881,LEGACY-3881,Subtotal no coincide con cálculo,SI
3882,22777-24,DNI faltante,SI
3882,22777-24,Total no coincide con cálculo,SI
3882,22777-24,Subtotal no coincide con cálculo,SI
3883,LEGACY-3883,DNI faltante,SI
3884,17573-24,DNI faltante,SI
3886,E012424935,DNI faltante,SI
3887,24697-24,DNI faltante,SI
3888,52487-23,Total no coincide con cálculo,SI
3888,52487-23,Subtotal no coincide con cálculo,SI
3889,52487-23,Total no coincide con cálculo,SI
3889,52487-23,Subtotal no coincide con cálculo,SI
3890,0015-2025,DNI faltante,SI
3891,52487-23,Total no coincide con cálculo,SI
3891,52487-23,Subtotal no coincide con cálculo,SI
3892,,ERROR: RAZONSOCIAL/NOMBRE is empty,NO
3893,1610-2024,DNI faltante,SI
3893,1610-2024,Total no coincide con cálculo,SI
3893,1610-2024,Subtotal no coincide con cálculo,SI
3894,51338-24,DNI faltante,SI
3894,51338-24,Total no coincide con cálculo,SI
3894,51338-24,Subtotal no coincide con cálculo,SI
3895,26507-24,DNI faltante,SI
3895,26507-24,Total no coincide con cálculo,SI
3895,26507-24,Subtotal no coincide con cálculo,SI
3896,9204-2024,DNI faltante,SI
3896,9204-2024,Total no coincide con cálculo,SI
3896,9204-2024,Subtotal no coincide con cálculo,SI
3897,LEGACY-3897,DNI faltante,SI
3898,E-38244-24,Total no coincide con cálculo,SI
3898,E-38244-24,Subtotal no coincide con cálculo,SI
3899,LEGACY-3899,DNI faltante,SI
3900,22606-24,DNI faltante,SI
3901,24365,DNI faltante,SI
3902,17013-24,DNI faltante,SI
3903,1935-2024,DNI faltante,SI
3904,11485-17,DNI faltante,SI
3904,11485-17,Total no coincide con cálculo,SI
3904,11485-17,Subtotal no coincide con cálculo,SI
3905,LEGACY-3905,DNI faltante,SI
3906,27357-24,DNI faltante,SI
3911,17097-24,DNI faltante,SI
3913,08747-23,DNI faltante,SI
3913,08747-23,Total no coincide con cálculo,SI
3913,08747-23,Subtotal no coincide con cálculo,SI
3914,08747-23,DNI faltante,SI
3914,08747-23,Total no coincide con cálculo,SI
3914,08747-23,Subtotal no coincide con cálculo,SI
3915,08747-23,DNI faltante,SI
3915,08747-23,Total no coincide con cálculo,SI
3915,08747-23,Subtotal no coincide con cálculo,SI
3916,7003-2020,DNI faltante,SI
3916,7003-2020,Total no coincide con cálculo,SI
3916,7003-2020,Subtotal no coincide con cálculo,SI
3917,126917-24,DNI faltante,SI
3918,LEGACY-3918,DNI faltante,SI
3919,LEGACY-3919,DNI faltante,SI
3920,235581-24,Total no coincide con cálculo,SI
3920,235581-24,Subtotal no coincide con cálculo,SI
3921,124844-23,DNI faltante,SI
3921,124844-23,Total no coincide con cálculo,SI
3921,124844-23,Subtotal no coincide con cálculo,SI
3922,124844-23,DNI faltante,SI
3922,124844-23,Total no coincide con cálculo,SI
3922,124844-23,Subtotal no coincide con cálculo,SI
3923,124844-23,DNI faltante,SI
3923,124844-23,Total no coincide con cálculo,SI
3923,124844-23,Subtotal no coincide con cálculo,SI
3924,10672-24,DNI faltante,SI
3924,10672-24,Total no coincide con cálculo,SI
3924,10672-24,Subtotal no coincide con cálculo,SI
3925,10672-24,DNI faltante,SI
3925,10672-24,Total no coincide con cálculo,SI
3925,10672-24,Subtotal no coincide con cálculo,SI
3926,10672-24,DNI faltante,SI
3926,10672-24,Total no coincide con cálculo,SI
3926,10672-24,Subtotal no coincide con cálculo,SI
3927,E-4403-24,DNI faltante,SI
3929,80209-24,DNI faltante,SI
3929,80209-24,Total no coincide con cálculo,SI
3929,80209-24,Subtotal no coincide con cálculo,SI
3930,6527-2024,DNI faltante,SI
3930,6527-2024,Total no coincide con cálculo,SI
3930,6527-2024,Subtotal no coincide con cálculo,SI
3931,3970-2024,Total no coincide con cálculo,SI
3931,3970-2024,Subtotal no coincide con cálculo,SI
3936,50752-2024,Total no coincide con cálculo,SI
3936,50752-2024,Subtotal no coincide con cálculo,SI
3937,27287-24,DNI faltante,SI
3938,128558-24,DNI faltante,SI
3938,128558-24,Total no coincide con cálculo,SI
3938,128558-24,Subtotal no coincide con cálculo,SI
3940,127072-24,DNI faltante,SI
3940,127072-24,Total no coincide con cálculo,SI
3940,127072-24,Subtotal no coincide con cálculo,SI
3941,5072,DNI faltante,SI
3941,5072,Total no coincide con cálculo,SI
3941,5072,Subtotal no coincide con cálculo,SI
3942,5072,DNI faltante,SI
3942,5072,Total no coincide con cálculo,SI
3942,5072,Subtotal no coincide con cálculo,SI
3943,5072,DNI faltante,SI
3943,5072,Total no coincide con cálculo,SI
3943,5072,Subtotal no coincide con cálculo,SI
3944,64792-24,DNI faltante,SI
3945,23968,DNI faltante,SI
3945,23968,Total no coincide con cálculo,SI
3945,23968,Subtotal no coincide con cálculo,SI
3947,LEGACY-3947,DNI faltante,SI
3948,LEGACY-3948,DNI faltante,SI
3949,3990-2024,DNI faltante,SI
3949,3990-2024,Total no coincide con cálculo,SI
3949,3990-2024,Subtotal no coincide con cálculo,SI
3950,16878-24,DNI faltante,SI
3951,126359-24,DNI faltante,SI
3952,127354-24,DNI faltante,SI
3952,127354-24,Total no coincide con cálculo,SI
3952,127354-24,Subtotal no coincide con cálculo,SI
3953,22383-24,DNI faltante,SI
3954,9311-2024,DNI faltante,SI
3955,1657-2024,DNI faltante,SI
3955,1657-2024,Total no coincide con cálculo,SI
3955,1657-2024,Subtotal no coincide con cálculo,SI
3956,4672-24,DNI faltante,SI
3956,4672-24,Total no coincide con cálculo,SI
3956,4672-24,Subtotal no coincide con cálculo,SI
3957,4672-24,DNI faltante,SI
3957,4672-24,Total no coincide con cálculo,SI
3957,4672-24,Subtotal no coincide con cálculo,SI
3958,4672-24,DNI faltante,SI
3958,4672-24,Total no coincide con cálculo,SI
3958,4672-24,Subtotal no coincide con cálculo,SI
3959,34362-24,Total no coincide con cálculo,SI
3959,34362-24,Subtotal no coincide con cálculo,SI
3960,LEGACY-3960,DNI faltante,SI
3961,6710-23,DNI faltante,SI
3961,6710-23,Total no coincide con cálculo,SI
3961,6710-23,Subtotal no coincide con cálculo,SI
3962,4064-2024,DNI faltante,SI
3962,4064-2024,Total no coincide con cálculo,SI
3962,4064-2024,Subtotal no coincide con cálculo,SI
3963,031208-24,DNI faltante,SI
3963,031208-24,Total no coincide con cálculo,SI
3963,031208-24,Subtotal no coincide con cálculo,SI
3964,16886-23,DNI faltante,SI
3964,16886-23,Total no coincide con cálculo,SI
3964,16886-23,Subtotal no coincide con cálculo,SI
3966,LEGACY-3966,DNI faltante,SI
3970,LEGACY-3970,DNI faltante,SI
3970,LEGACY-3970,Total no coincide con cálculo,SI
3970,LEGACY-3970,Subtotal no coincide con cálculo,SI
3971,LEGACY-3971,DNI faltante,SI
3972,LEGACY-3972,DNI faltante,SI
3972,LEGACY-3972,Total no coincide con cálculo,SI
3972,LEGACY-3972,Subtotal no coincide con cálculo,SI
3973,2874-2024,DNI faltante,SI
3973,2874-2024,Total no coincide con cálculo,SI
3973,2874-2024,Subtotal no coincide con cálculo,SI
3974,2874-2024,DNI faltante,SI
3974,2874-2024,Total no coincide con cálculo,SI
3974,2874-2024,Subtotal no coincide con cálculo,SI
3975,2874-2024,DNI faltante,SI
3975,2874-2024,Total no coincide con cálculo,SI
3975,2874-2024,Subtotal no coincide con cálculo,SI
3976,9338-2024,DNI faltante,SI
3976,9338-2024,Total no coincide con cálculo,SI
3976,9338-2024,Subtotal no coincide con cálculo,SI
3977,63669-24,DNI faltante,SI
3978,5127-2024,DNI faltante,SI
3978,5127-2024,Total no coincide con cálculo,SI
3978,5127-2024,Subtotal no coincide con cálculo,SI
3979,8441-2023,DNI faltante,SI
3979,8441-2023,Total no coincide con cálculo,SI
3979,8441-2023,Subtotal no coincide con cálculo,SI
3980,6583-24,DNI faltante,SI
3980,6583-24,Total no coincide con cálculo,SI
3980,6583-24,Subtotal no coincide con cálculo,SI
3981,9965-2024,Total no coincide con cálculo,SI
3981,9965-2024,Subtotal no coincide con cálculo,SI
3982,LEGACY-3982,Total no coincide con cálculo,SI
3982,LEGACY-3982,Subtotal no coincide con cálculo,SI
3983,LEGACY-3983,DNI faltante,SI
3983,LEGACY-3983,Total no coincide con cálculo,SI
3984,9138-2023,DNI faltante,SI
3984,9138-2023,Total no coincide con cálculo,SI
3984,9138-2023,Subtotal no coincide con cálculo,SI
3985,9138-2023,DNI faltante,SI
3985,9138-2023,Total no coincide con cálculo,SI
3985,9138-2023,Subtotal no coincide con cálculo,SI
3986,LEGACY-3986,DNI faltante,SI
3987,8901-2024,DNI faltante,SI
3988,25406-24,Total no coincide con cálculo,SI
3989,107204-24,Total no coincide con cálculo,SI
3989,107204-24,Subtotal no coincide con cálculo,SI
3990,262345-24,DNI faltante,SI
3991,33008-2024,DNI faltante,SI
3991,33008-2024,Total no coincide con cálculo,SI
3992,04205-2024,DNI faltante,SI
3992,04205-2024,Total no coincide con cálculo,SI
3992,04205-2024,Subtotal no coincide con cálculo,SI
3993,04205-2024,DNI faltante,SI
3993,04205-2024,Total no coincide con cálculo,SI
3993,04205-2024,Subtotal no coincide con cálculo,SI
3995,3921-2024,Total no coincide con cálculo,SI
3995,3921-2024,Subtotal no coincide con cálculo,SI
3996,2063-2023,DNI faltante,SI
3996,2063-2023,Total no coincide con cálculo,SI
3996,2063-2023,Subtotal no coincide con cálculo,SI
3997,25424-2024,DNI faltante,SI
3997,25424-2024,Total no coincide con cálculo,SI
3997,25424-2024,Subtotal no coincide con cálculo,SI
3998,225384-24,DNI faltante,SI
3998,225384-24,Total no coincide con cálculo,SI
3998,225384-24,Subtotal no coincide con cálculo,SI
3999,9765-24,DNI faltante,SI
3999,9765-24,Total no coincide con cálculo,SI
3999,9765-24,Subtotal no coincide con cálculo,SI
4000,4844-2024,DNI faltante,SI
4000,4844-2024,Total no coincide con cálculo,SI
4000,4844-2024,Subtotal no coincide con cálculo,SI
4001,1430-2023,DNI faltante,SI
4001,1430-2023,Total no coincide con cálculo,SI
4001,1430-2023,Subtotal no coincide con cálculo,SI
4002,1430-2023,DNI faltante,SI
4002,1430-2023,Total no coincide con cálculo,SI
4002,1430-2023,Subtotal no coincide con cálculo,SI
4003,1430-2023,DNI faltante,SI
4003,1430-2023,Total no coincide con cálculo,SI
4003,1430-2023,Subtotal no coincide con cálculo,SI
4004,,ERROR: RAZONSOCIAL/NOMBRE is empty,NO
4005,6910,DNI faltante,SI
4005,6910,Total no coincide con cálculo,SI
4005,6910,Subtotal no coincide con cálculo,SI
4006,8523-2025,DNI faltante,SI
4007,125750-24,DNI faltante,SI
4007,125750-24,Total no coincide con cálculo,SI
4007,125750-24,Subtotal no coincide con cálculo,SI
4008,78636-24,Total no coincide con cálculo,SI
4008,78636-24,Subtotal no coincide con cálculo,SI
4009,9338-2024,DNI faltante,SI
4009,9338-2024,Total no coincide con cálculo,SI
4009,9338-2024,Subtotal no coincide con cálculo,SI
4011,LEGACY-4011,DNI faltante,SI
4012,75755-24,DNI faltante,SI
4012,75755-24,Total no coincide con cálculo,SI
4012,75755-24,Subtotal no coincide con cálculo,SI
4013,LEGACY-4013,DNI faltante,SI
4013,LEGACY-4013,Total no coincide con cálculo,SI
4013,LEGACY-4013,Subtotal no coincide con cálculo,SI
4015,8994-2024,DNI faltante,SI
4016,0044273-24,Total no coincide con cálculo,SI
4016,0044273-24,Subtotal no coincide con cálculo,SI
4017,LEGACY-4017,DNI faltante,SI
4017,LEGACY-4017,Total no coincide con cálculo,SI
4017,LEGACY-4017,Subtotal no coincide con cálculo,SI
4018,LEGACY-4018,DNI faltante,SI
4018,LEGACY-4018,Total no coincide con cálculo,SI
4018,LEGACY-4018,Subtotal no coincide con cálculo,SI
4019,1830-2024,Total no coincide con cálculo,SI
4019,1830-2024,Subtotal no coincide con cálculo,SI
4022,21618-24,DNI faltante,SI
4024,LEGACY-4024,DNI faltante,SI
4024,LEGACY-4024,Total no coincide con cálculo,SI
4024,LEGACY-4024,Subtotal no coincide con cálculo,SI
4025,45150-24,DNI faltante,SI
4026,45150-24,DNI faltante,SI
4027,LEGACY-4027,DNI faltante,SI
4027,LEGACY-4027,Total no coincide con cálculo,SI
4027,LEGACY-4027,Subtotal no coincide con cálculo,SI
4028,15854-24,DNI faltante,SI
4028,15854-24,Total no coincide con cálculo,SI
4028,15854-24,Subtotal no coincide con cálculo,SI
4029,15854-24,DNI faltante,SI
4029,15854-24,Total no coincide con cálculo,SI
4029,15854-24,Subtotal no coincide con cálculo,SI
4031,9119-2024,DNI faltante,SI
4031,9119-2024,Total no coincide con cálculo,SI
4031,9119-2024,Subtotal no coincide con cálculo,SI
4032,107273-23,DNI faltante,SI
4032,107273-23,Total no coincide con cálculo,SI
4032,107273-23,Subtotal no coincide con cálculo,SI
4033,107273-23,DNI faltante,SI
4033,107273-23,Total no coincide con cálculo,SI
4033,107273-23,Subtotal no coincide con cálculo,SI
4034,107273-23,DNI faltante,SI
4034,107273-23,Total no coincide con cálculo,SI
4034,107273-23,Subtotal no coincide con cálculo,SI
4035,LEGACY-4035,DNI faltante,SI
4038,17283-23,DNI faltante,SI
4038,17283-23,Total no coincide con cálculo,SI
4038,17283-23,Subtotal no coincide con cálculo,SI
4039,17283-23,DNI faltante,SI
4039,17283-23,Total no coincide con cálculo,SI
4039,17283-23,Subtotal no coincide con cálculo,SI
4040,17283-23,DNI faltante,SI
4040,17283-23,Total no coincide con cálculo,SI
4040,17283-23,Subtotal no coincide con cálculo,SI
4041,1657-2024,DNI faltante,SI
4041,1657-2024,Total no coincide con cálculo,SI
4041,1657-2024,Subtotal no coincide con cálculo,SI
4042,24716-24,DNI faltante,SI
4043,128588-24,DNI faltante,SI
4043,128588-24,Total no coincide con cálculo,SI
4043,128588-24,Subtotal no coincide con cálculo,SI
4044,22975-24,DNI faltante,SI
4045,119551-24,DNI faltante,SI
4046,4679,Total no coincide con cálculo,SI
4046,4679,Subtotal no coincide con cálculo,SI
4049,8366-2024,DNI faltante,SI
4051,5000-24,DNI faltante,SI
4051,5000-24,Total no coincide con cálculo,SI
4051,5000-24,Subtotal no coincide con cálculo,SI
4052,5006-2024,Total no coincide con cálculo,SI
4052,5006-2024,Subtotal no coincide con cálculo,SI
4053,19277-19,DNI faltante,SI
4053,19277-19,Total no coincide con cálculo,SI
4053,19277-19,Subtotal no coincide con cálculo,SI
4055,10447-22,Total no coincide con cálculo,SI
4055,10447-22,Subtotal no coincide con cálculo,SI
4056,LEGACY-4056,DNI faltante,SI
4057,LEGACY-4057,DNI faltante,SI
4058,LEGACY-4058,DNI faltante,SI
4058,LEGACY-4058,Total no coincide con cálculo,SI
4058,LEGACY-4058,Subtotal no coincide con cálculo,SI
4060,22594-25,DNI faltante,SI
4063,A,DNI faltante,SI
4064,15193-24,DNI faltante,SI
4065,124419-24,DNI faltante,SI
4068,20999-22,DNI faltante,SI
4068,20999-22,Total no coincide con cálculo,SI
4068,20999-22,Subtotal no coincide con cálculo,SI
4069,20999-22,DNI faltante,SI
4069,20999-22,Total no coincide con cálculo,SI
4069,20999-22,Subtotal no coincide con cálculo,SI
4070,20999-22,DNI faltante,SI
4070,20999-22,Total no coincide con cálculo,SI
4070,20999-22,Subtotal no coincide con cálculo,SI
4071,3528-2024,DNI faltante,SI
4071,3528-2024,Total no coincide con cálculo,SI
4071,3528-2024,Subtotal no coincide con cálculo,SI
4072,3339-2024,Total no coincide con cálculo,SI
4072,3339-2024,Subtotal no coincide con cálculo,SI
4073,3339-2024,Total no coincide con cálculo,SI
4073,3339-2024,Subtotal no coincide con cálculo,SI
4074,3339-2024,Total no coincide con cálculo,SI
4074,3339-2024,Subtotal no coincide con cálculo,SI
4075,8837-2024,DNI faltante,SI
4076,8603-2020,DNI faltante,SI
4076,8603-2020,Total no coincide con cálculo,SI
4076,8603-2020,Subtotal no coincide con cálculo,SI
4077,260-2024,DNI faltante,SI
4077,260-2024,Total no coincide con cálculo,SI
4077,260-2024,Subtotal no coincide con cálculo,SI
4079,76142-24,Total no coincide con cálculo,SI
4079,76142-24,Subtotal no coincide con cálculo,SI
4080,9133-2024,DNI faltante,SI
4081,10377-24,DNI faltante,SI
4081,10377-24,Total no coincide con cálculo,SI
4081,10377-24,Subtotal no coincide con cálculo,SI
4082,10377-24,DNI faltante,SI
4082,10377-24,Total no coincide con cálculo,SI
4082,10377-24,Subtotal no coincide con cálculo,SI
4083,3742-2025,DNI faltante,SI
4084,24393,Total no coincide con cálculo,SI
4084,24393,Subtotal no coincide con cálculo,SI
4085,4041-2024,Total no coincide con cálculo,SI
4085,4041-2024,Subtotal no coincide con cálculo,SI
4086,22273-24,DNI faltante,SI
4087,LEGACY-4087,DNI faltante,SI
4088,5150-2024,DNI faltante,SI
4088,5150-2024,Total no coincide con cálculo,SI
4088,5150-2024,Subtotal no coincide con cálculo,SI
4089,LEGACY-4089,DNI faltante,SI
4089,LEGACY-4089,Total no coincide con cálculo,SI
4089,LEGACY-4089,Subtotal no coincide con cálculo,SI
4092,15218-24,DNI faltante,SI
4092,15218-24,Total no coincide con cálculo,SI
4092,15218-24,Subtotal no coincide con cálculo,SI
4093,321-2025,Total no coincide con cálculo,SI
4093,321-2025,Subtotal no coincide con cálculo,SI
4094,20075-24,DNI faltante,SI
4095,8507-2024,DNI faltante,SI
4097,LEGACY-4097,DNI faltante,SI
4098,3637-2024,DNI faltante,SI
4098,3637-2024,Total no coincide con cálculo,SI
4098,3637-2024,Subtotal no coincide con cálculo,SI
4099,124548-24,DNI faltante,SI
4099,124548-24,Total no coincide con cálculo,SI
4099,124548-24,Subtotal no coincide con cálculo,SI
4101,4260-2024,DNI faltante,SI
4101,4260-2024,Total no coincide con cálculo,SI
4101,4260-2024,Subtotal no coincide con cálculo,SI
4102,1670-2024,DNI faltante,SI
4102,1670-2024,Total no coincide con cálculo,SI
4102,1670-2024,Subtotal no coincide con cálculo,SI
4103,59245-24,DNI faltante,SI
4104,123763-24,DNI faltante,SI
4105,6432-2022,DNI faltante,SI
4105,6432-2022,Total no coincide con cálculo,SI
4105,6432-2022,Subtotal no coincide con cálculo,SI
4106,6432-2022,DNI faltante,SI
4106,6432-2022,Total no coincide con cálculo,SI
4106,6432-2022,Subtotal no coincide con cálculo,SI
4107,2823-2023,Total no coincide con cálculo,SI
4107,2823-2023,Subtotal no coincide con cálculo,SI
4108,8126-2024,DNI faltante,SI
4110,LEGACY-4110,DNI faltante,SI
4110,LEGACY-4110,Total no coincide con cálculo,SI
4110,LEGACY-4110,Subtotal no coincide con cálculo,SI
4111,1654-2024,DNI faltante,SI
4111,1654-2024,Total no coincide con cálculo,SI
4111,1654-2024,Subtotal no coincide con cálculo,SI
4113,124179-24,Total no coincide con cálculo,SI
4113,124179-24,Subtotal no coincide con cálculo,SI
4115,113606-24,DNI faltante,SI
4115,113606-24,Total no coincide con cálculo,SI
4115,113606-24,Subtotal no coincide con cálculo,SI
4116,8158-2024,DNI faltante,SI
4116,8158-2024,Total no coincide con cálculo,SI
4117,5851-24,DNI faltante,SI
4117,5851-24,Total no coincide con cálculo,SI
4117,5851-24,Subtotal no coincide con cálculo,SI
4119,3706-2024,DNI faltante,SI
4119,3706-2024,Total no coincide con cálculo,SI
4119,3706-2024,Subtotal no coincide con cálculo,SI
4121,LEGACY-4121,DNI faltante,SI
4121,LEGACY-4121,Total no coincide con cálculo,SI
4121,LEGACY-4121,Subtotal no coincide con cálculo,SI
4122,6805,Total no coincide con cálculo,SI
4122,6805,Subtotal no coincide con cálculo,SI
4123,6805,Total no coincide con cálculo,SI
4123,6805,Subtotal no coincide con cálculo,SI
4124,6805,Total no coincide con cálculo,SI
4124,6805,Subtotal no coincide con cálculo,SI
4125,LEGACY-4125,DNI faltante,SI
4126,30379,DNI faltante,SI
4129,23685-24,DNI faltante,SI
4130,4672-24,DNI faltante,SI
4130,4672-24,Total no coincide con cálculo,SI
4130,4672-24,Subtotal no coincide con cálculo,SI
4131,4672-24,DNI faltante,SI
4131,4672-24,Total no coincide con cálculo,SI
4131,4672-24,Subtotal no coincide con cálculo,SI
4132,4672-24,DNI faltante,SI
4132,4672-24,Total no coincide con cálculo,SI
4132,4672-24,Subtotal no coincide con cálculo,SI
4133,7979-2024,DNI faltante,SI
4134,105759-24,Total no coincide con cálculo,SI
4134,105759-24,Subtotal no coincide con cálculo,SI
4135,205409-24,DNI faltante,SI
4135,205409-24,Total no coincide con cálculo,SI
4135,205409-24,Subtotal no coincide con cálculo,SI
4136,68520-24,DNI faltante,SI
4137,9462-2024,Total no coincide con cálculo,SI
4137,9462-2024,Subtotal no coincide con cálculo,SI
4138,8216-2024,DNI faltante,SI
4138,8216-2024,Total no coincide con cálculo,SI
4138,8216-2024,Subtotal no coincide con cálculo,SI
4139,119340-23,DNI faltante,SI
4139,119340-23,Total no coincide con cálculo,SI
4139,119340-23,Subtotal no coincide con cálculo,SI
4140,LEGACY-4140,DNI faltante,SI
4141,5582-2023,DNI faltante,SI
4141,5582-2023,Total no coincide con cálculo,SI
4141,5582-2023,Subtotal no coincide con cálculo,SI
4142,2959-24,DNI faltante,SI
4142,2959-24,Total no coincide con cálculo,SI
4142,2959-24,Subtotal no coincide con cálculo,SI
4143,LEGACY-4143,DNI faltante,SI
4144,112587-24,Total no coincide con cálculo,SI
4144,112587-24,Subtotal no coincide con cálculo,SI
4145,123052-24,DNI faltante,SI
4146,7996-2024,DNI faltante,SI
4146,7996-2024,Total no coincide con cálculo,SI
4146,7996-2024,Subtotal no coincide con cálculo,SI
4148,7900-2024,DNI faltante,SI
4149,038328-24,DNI faltante,SI
4150,LEGACY-4150,DNI faltante,SI
4151,122885-24,DNI faltante,SI
4152,57759-24,DNI faltante,SI
4152,57759-24,Total no coincide con cálculo,SI
4152,57759-24,Subtotal no coincide con cálculo,SI
4153,57759-24,DNI faltante,SI
4153,57759-24,Total no coincide con cálculo,SI
4153,57759-24,Subtotal no coincide con cálculo,SI
4154,57739-24,DNI faltante,SI
4154,57739-24,Total no coincide con cálculo,SI
4154,57739-24,Subtotal no coincide con cálculo,SI
4155,608-2021,DNI faltante,SI
4155,608-2021,Total no coincide con cálculo,SI
4155,608-2021,Subtotal no coincide con cálculo,SI
4156,LEGACY-4156,Total no coincide con cálculo,SI
4157,9194-2023,DNI faltante,SI
4157,9194-2023,Total no coincide con cálculo,SI
4157,9194-2023,Subtotal no coincide con cálculo,SI
4158,15567-24,DNI faltante,SI
4159,0846-2024,DNI faltante,SI
4159,0846-2024,Total no coincide con cálculo,SI
4159,0846-2024,Subtotal no coincide con cálculo,SI
4160,0846-2024,DNI faltante,SI
4160,0846-2024,Total no coincide con cálculo,SI
4160,0846-2024,Subtotal no coincide con cálculo,SI
4161,0846-2024,DNI faltante,SI
4161,0846-2024,Total no coincide con cálculo,SI
4161,0846-2024,Subtotal no coincide con cálculo,SI
4162,176658-22,DNI faltante,SI
4162,176658-22,Total no coincide con cálculo,SI
4162,176658-22,Subtotal no coincide con cálculo,SI
4163,176658-22,DNI faltante,SI
4163,176658-22,Total no coincide con cálculo,SI
4163,176658-22,Subtotal no coincide con cálculo,SI
4164,176658-22,DNI faltante,SI
4164,176658-22,Total no coincide con cálculo,SI
4164,176658-22,Subtotal no coincide con cálculo,SI
4165,9093-2023,DNI faltante,SI
4165,9093-2023,Total no coincide con cálculo,SI
4165,9093-2023,Subtotal no coincide con cálculo,SI
4166,9093-2023,DNI faltante,SI
4166,9093-2023,Total no coincide con cálculo,SI
4166,9093-2023,Subtotal no coincide con cálculo,SI
4167,22606-2024,DNI faltante,SI
4168,LEGACY-4168,DNI faltante,SI
4169,3921-2024,Total no coincide con cálculo,SI
4169,3921-2024,Subtotal no coincide con cálculo,SI
4170,3594-2024,DNI faltante,SI
4170,3594-2024,Total no coincide con cálculo,SI
4170,3594-2024,Subtotal no coincide con cálculo,SI
4173,8836-2025,DNI faltante,SI
4174,007016-24,Total no coincide con cálculo,SI
4174,007016-24,Subtotal no coincide con cálculo,SI
4175,1094-2024,DNI faltante,SI
4175,1094-2024,Total no coincide con cálculo,SI
4175,1094-2024,Subtotal no coincide con cálculo,SI
4180,6740-2023,Total no coincide con cálculo,SI
4180,6740-2023,Subtotal no coincide con cálculo,SI
4181,218-2023,DNI faltante,SI
4181,218-2023,Total no coincide con cálculo,SI
4181,218-2023,Subtotal no coincide con cálculo,SI
4184,7718-2024,DNI faltante,SI
4185,,ERROR: RAZONSOCIAL/NOMBRE is empty,NO
4186,0203030-24,DNI faltante,SI
4188,LEGACY-4188,DNI faltante,SI
4188,LEGACY-4188,Total no coincide con cálculo,SI
4188,LEGACY-4188,Subtotal no coincide con cálculo,SI
4189,LEGACY-4189,DNI faltante,SI
4189,LEGACY-4189,Total no coincide con cálculo,SI
4189,LEGACY-4189,Subtotal no coincide con cálculo,SI
4190,LEGACY-4190,DNI faltante,SI
4190,LEGACY-4190,Total no coincide con cálculo,SI
4190,LEGACY-4190,Subtotal no coincide con cálculo,SI
4191,9515-24,Total no coincide con cálculo,SI
4191,9515-24,Subtotal no coincide con cálculo,SI
4192,LEGACY-4192,DNI faltante,SI
4192,LEGACY-4192,Total no coincide con cálculo,SI
4192,LEGACY-4192,Subtotal no coincide con cálculo,SI
4193,7818-2024,DNI faltante,SI
4193,7818-2024,Total no coincide con cálculo,SI
4193,7818-2024,Subtotal no coincide con cálculo,SI
4194,LEGACY-4194,DNI faltante,SI
4195,4485-2024,Total no coincide con cálculo,SI
4195,4485-2024,Subtotal no coincide con cálculo,SI
4196,LEGACY-4196,DNI faltante,SI
4197,LEGACY-4197,DNI faltante,SI
4197,LEGACY-4197,Total no coincide con cálculo,SI
4197,LEGACY-4197,Subtotal no coincide con cálculo,SI
4198,122278-24,DNI faltante,SI
4199,7920-2024,DNI faltante,SI
4200,23981,Total no coincide con cálculo,SI
4200,23981,Subtotal no coincide con cálculo,SI
4202,11084-2024,Total no coincide con cálculo,SI
4202,11084-2024,Subtotal no coincide con cálculo,SI
4204,LEGACY-4204,DNI faltante,SI
4204,LEGACY-4204,Total no coincide con cálculo,SI
4205,7605-2024,DNI faltante,SI
4206,112413-24,Total no coincide con cálculo,SI
4206,112413-24,Subtotal no coincide con cálculo,SI
4207,4983-2023,Total no coincide con cálculo,SI
4207,4983-2023,Subtotal no coincide con cálculo,SI
4208,4983-2023,Total no coincide con cálculo,SI
4208,4983-2023,Subtotal no coincide con cálculo,SI
4209,22068-2024,DNI faltante,SI
4210,E30838-24,DNI faltante,SI
4211,7590-2024,DNI faltante,SI
4212,109727-24,Total no coincide con cálculo,SI
4212,109727-24,Subtotal no coincide con cálculo,SI
4213,14181-24,DNI faltante,SI
4215,0548-22,DNI faltante,SI
4215,0548-22,Total no coincide con cálculo,SI
4215,0548-22,Subtotal no coincide con cálculo,SI
4216,0548-22,DNI faltante,SI
4216,0548-22,Total no coincide con cálculo,SI
4216,0548-22,Subtotal no coincide con cálculo,SI
4217,0548-22,DNI faltante,SI
4217,0548-22,Total no coincide con cálculo,SI
4217,0548-22,Subtotal no coincide con cálculo,SI
4218,LEGACY-4218,DNI faltante,SI
4218,LEGACY-4218,Total no coincide con cálculo,SI
4218,LEGACY-4218,Subtotal no coincide con cálculo,SI
4219,LEGACY-4219,DNI faltante,SI
4220,76433-24,DNI faltante,SI
4221,33655-24,DNI faltante,SI
4221,33655-24,Total no coincide con cálculo,SI
4222,171528-23,DNI faltante,SI
4222,171528-23,Total no coincide con cálculo,SI
4222,171528-23,Subtotal no coincide con cálculo,SI
4223,171528-23,DNI faltante,SI
4223,171528-23,Total no coincide con cálculo,SI
4223,171528-23,Subtotal no coincide con cálculo,SI
4224,171528-23,DNI faltante,SI
4224,171528-23,Total no coincide con cálculo,SI
4224,171528-23,Subtotal no coincide con cálculo,SI
4225,LEGACY-4225,DNI faltante,SI
4227,20029-24,DNI faltante,SI
4228,LEGACY-4228,Total no coincide con cálculo,SI
4228,LEGACY-4228,Subtotal no coincide con cálculo,SI
4229,E2434967,DNI faltante,SI
4230,18455-24,Total no coincide con cálculo,SI
4230,18455-24,Subtotal no coincide con cálculo,SI
4231,18455-2024,Total no coincide con cálculo,SI
4231,18455-2024,Subtotal no coincide con cálculo,SI
4232,18455-24,Total no coincide con cálculo,SI
4232,18455-24,Subtotal no coincide con cálculo,SI
4235,124305-24,DNI faltante,SI
4236,124303-24,DNI faltante,SI
4237,123471-24,DNI faltante,SI
4239,E-03859-24,DNI faltante,SI
4240,E-10181-24,Total no coincide con cálculo,SI
4240,E-10181-24,Subtotal no coincide con cálculo,SI
4245,LEGACY-4245,DNI faltante,SI
4247,13821-24,DNI faltante,SI
4249,4443-2024,Total no coincide con cálculo,SI
4249,4443-2024,Subtotal no coincide con cálculo,SI
4252,18280-2023,Total no coincide con cálculo,SI
4252,18280-2023,Subtotal no coincide con cálculo,SI
4253,4668-2024,Total no coincide con cálculo,SI
4253,4668-2024,Subtotal no coincide con cálculo,SI
4254,LEGACY-4254,DNI faltante,SI
4257,110543-24,Total no coincide con cálculo,SI
4257,110543-24,Subtotal no coincide con cálculo,SI
4258,110543-24,Total no coincide con cálculo,SI
4258,110543-24,Subtotal no coincide con cálculo,SI
4259,18444-2024,DNI faltante,SI
4260,9462-2024,Total no coincide con cálculo,SI
4260,9462-2024,Subtotal no coincide con cálculo,SI
4261,4164-2024,DNI faltante,SI
4261,4164-2024,Total no coincide con cálculo,SI
4261,4164-2024,Subtotal no coincide con cálculo,SI
4262,4164-2024,DNI faltante,SI
4262,4164-2024,Total no coincide con cálculo,SI
4262,4164-2024,Subtotal no coincide con cálculo,SI
4263,5127-2024,DNI faltante,SI
4263,5127-2024,Total no coincide con cálculo,SI
4263,5127-2024,Subtotal no coincide con cálculo,SI
4264,5127-2024,DNI faltante,SI
4264,5127-2024,Total no coincide con cálculo,SI
4264,5127-2024,Subtotal no coincide con cálculo,SI
4265,5127-2024,DNI faltante,SI
4265,5127-2024,Total no coincide con cálculo,SI
4265,5127-2024,Subtotal no coincide con cálculo,SI
4266,LEGACY-4266,DNI faltante,SI
4267,122094-24,Total no coincide con cálculo,SI
4267,122094-24,Subtotal no coincide con cálculo,SI
4269,005311-24,Total no coincide con cálculo,SI
4269,005311-24,Subtotal no coincide con cálculo,SI
4270,7458-2024,DNI faltante,SI
4272,64671-24,DNI faltante,SI
4274,2991-2024,DNI faltante,SI
4274,2991-2024,Total no coincide con cálculo,SI
4274,2991-2024,Subtotal no coincide con cálculo,SI
4275,124804-23,Total no coincide con cálculo,SI
4275,124804-23,Subtotal no coincide con cálculo,SI
4276,124804-23,Total no coincide con cálculo,SI
4276,124804-23,Subtotal no coincide con cálculo,SI
4277,124804-23,Total no coincide con cálculo,SI
4277,124804-23,Subtotal no coincide con cálculo,SI
4278,121216-24,DNI faltante,SI
4278,121216-24,Total no coincide con cálculo,SI
4278,121216-24,Subtotal no coincide con cálculo,SI
4280,111770-24,Total no coincide con cálculo,SI
4280,111770-24,Subtotal no coincide con cálculo,SI
4283,034836-24,Total no coincide con cálculo,SI
4283,034836-24,Subtotal no coincide con cálculo,SI
4284,9549-2018,DNI faltante,SI
4284,9549-2018,Total no coincide con cálculo,SI
4284,9549-2018,Subtotal no coincide con cálculo,SI
4285,9549-2018,DNI faltante,SI
4285,9549-2018,Total no coincide con cálculo,SI
4285,9549-2018,Subtotal no coincide con cálculo,SI
4286,13085-24,DNI faltante,SI
4286,13085-24,Total no coincide con cálculo,SI
4286,13085-24,Subtotal no coincide con cálculo,SI
4287,LEGACY-4287,DNI faltante,SI
4288,15398-2024,DNI faltante,SI
4288,15398-2024,Total no coincide con cálculo,SI
4288,15398-2024,Subtotal no coincide con cálculo,SI
4289,7347-2024,DNI faltante,SI
4290,LEGACY-4290,DNI faltante,SI
4292,LEGACY-4292,DNI faltante,SI
4293,23968,DNI faltante,SI
4294,4620-2024,DNI faltante,SI
4296,13807-24,DNI faltante,SI
4298,04205-2024,DNI faltante,SI
4298,04205-2024,Total no coincide con cálculo,SI
4298,04205-2024,Subtotal no coincide con cálculo,SI
4299,7191-2024,DNI faltante,SI
4300,7192-2024,DNI faltante,SI
4301,1094-2020,DNI faltante,SI
4301,1094-2020,Total no coincide con cálculo,SI
4301,1094-2020,Subtotal no coincide con cálculo,SI
4302,1094-2020,DNI faltante,SI
4302,1094-2020,Total no coincide con cálculo,SI
4302,1094-2020,Subtotal no coincide con cálculo,SI
4303,21035-2024,DNI faltante,SI
4303,21035-2024,Total no coincide con cálculo,SI
4304,LEGACY-4304,Total no coincide con cálculo,SI
4304,LEGACY-4304,Subtotal no coincide con cálculo,SI
4306,36859-24,Total no coincide con cálculo,SI
4306,36859-24,Subtotal no coincide con cálculo,SI
4307,LEGACY-4307,Total no coincide con cálculo,SI
4307,LEGACY-4307,Subtotal no coincide con cálculo,SI
4308,LEGACY-4308,Total no coincide con cálculo,SI
4308,LEGACY-4308,Subtotal no coincide con cálculo,SI
4309,LEGACY-4309,Total no coincide con cálculo,SI
4309,LEGACY-4309,Subtotal no coincide con cálculo,SI
4310,LEGACY-4310,DNI faltante,SI
4312,8603-2020,DNI faltante,SI
4312,8603-2020,Total no coincide con cálculo,SI
4312,8603-2020,Subtotal no coincide con cálculo,SI
4313,7128-2024,DNI faltante,SI
4313,7128-2024,Total no coincide con cálculo,SI
4313,7128-2024,Subtotal no coincide con cálculo,SI
4314,1136-2024,DNI faltante,SI
4314,1136-2024,Total no coincide con cálculo,SI
4314,1136-2024,Subtotal no coincide con cálculo,SI
4315,1136-2024,DNI faltante,SI
4315,1136-2024,Total no coincide con cálculo,SI
4315,1136-2024,Subtotal no coincide con cálculo,SI
4316,1136-2024,DNI faltante,SI
4316,1136-2024,Total no coincide con cálculo,SI
4316,1136-2024,Subtotal no coincide con cálculo,SI
4317,46241-2024,DNI faltante,SI
4317,46241-2024,Total no coincide con cálculo,SI
4317,46241-2024,Subtotal no coincide con cálculo,SI
4318,4983-2023,Total no coincide con cálculo,SI
4318,4983-2023,Subtotal no coincide con cálculo,SI
4319,4994,DNI faltante,SI
4319,4994,Total no coincide con cálculo,SI
4319,4994,Subtotal no coincide con cálculo,SI
4320,187248-24,DNI faltante,SI
4321,120589-24,DNI faltante,SI
4322,7191-2024,DNI faltante,SI
4322,7191-2024,Total no coincide con cálculo,SI
4322,7191-2024,Subtotal no coincide con cálculo,SI
4323,4047-2025,DNI faltante,SI
4323,4047-2025,Total no coincide con cálculo,SI
4323,4047-2025,Subtotal no coincide con cálculo,SI
4324,LEGACY-4324,DNI faltante,SI
4325,05583-21,DNI faltante,SI
4325,05583-21,Total no coincide con cálculo,SI
4325,05583-21,Subtotal no coincide con cálculo,SI
4326,,ERROR: RAZONSOCIAL/NOMBRE is empty,NO
4327,LEGACY-4327,DNI faltante,SI
4330,E012412560,Total no coincide con cálculo,SI
4330,E012412560,Subtotal no coincide con cálculo,SI
4331,32753-24,DNI faltante,SI
4331,32753-24,Total no coincide con cálculo,SI
4331,32753-24,Subtotal no coincide con cálculo,SI
4332,11881-24,DNI faltante,SI
4332,11881-24,Total no coincide con cálculo,SI
4332,11881-24,Subtotal no coincide con cálculo,SI
4333,11881-24,DNI faltante,SI
4333,11881-24,Total no coincide con cálculo,SI
4333,11881-24,Subtotal no coincide con cálculo,SI
4334,11881-24,DNI faltante,SI
4334,11881-24,Total no coincide con cálculo,SI
4334,11881-24,Subtotal no coincide con cálculo,SI
4335,3865-2025,DNI faltante,SI
4335,3865-2025,Total no coincide con cálculo,SI
4335,3865-2025,Subtotal no coincide con cálculo,SI
4336,LEGACY-4336,DNI faltante,SI
4337,5153-2020,DNI faltante,SI
4337,5153-2020,Total no coincide con cálculo,SI
4337,5153-2020,Subtotal no coincide con cálculo,SI
4338,5153-2020,DNI faltante,SI
4338,5153-2020,Total no coincide con cálculo,SI
4338,5153-2020,Subtotal no coincide con cálculo,SI
4339,5153-2020,DNI faltante,SI
4339,5153-2020,Total no coincide con cálculo,SI
4339,5153-2020,Subtotal no coincide con cálculo,SI
4340,186588-24,DNI faltante,SI
4341,LEGACY-4341,DNI faltante,SI
4342,LEGACY-4342,DNI faltante,SI
4343,LEGACY-4343,DNI faltante,SI
4344,17849-23,DNI faltante,SI
4344,17849-23,Total no coincide con cálculo,SI
4344,17849-23,Subtotal no coincide con cálculo,SI
4345,17849-23,DNI faltante,SI
4345,17849-23,Total no coincide con cálculo,SI
4345,17849-23,Subtotal no coincide con cálculo,SI
4346,17849-23,DNI faltante,SI
4346,17849-23,Total no coincide con cálculo,SI
4346,17849-23,Subtotal no coincide con cálculo,SI
4347,LEGACY-4347,DNI faltante,SI
4348,2278-2025,DNI faltante,SI
4348,2278-2025,Total no coincide con cálculo,SI
4348,2278-2025,Subtotal no coincide con cálculo,SI
4349,7194-2024,DNI faltante,SI
4349,7194-2024,Total no coincide con cálculo,SI
4349,7194-2024,Subtotal no coincide con cálculo,SI
4350,21349-2024,DNI faltante,SI
4353,7135-2024,DNI faltante,SI
4353,7135-2024,Total no coincide con cálculo,SI
4353,7135-2024,Subtotal no coincide con cálculo,SI
4355,LEGACY-4355,DNI faltante,SI
4355,LEGACY-4355,Total no coincide con cálculo,SI
4355,LEGACY-4355,Subtotal no coincide con cálculo,SI
4356,LEGACY-4356,DNI faltante,SI
4356,LEGACY-4356,Total no coincide con cálculo,SI
4356,LEGACY-4356,Subtotal no coincide con cálculo,SI
4357,LEGACY-4357,DNI faltante,SI
4357,LEGACY-4357,Total no coincide con cálculo,SI
4357,LEGACY-4357,Subtotal no coincide con cálculo,SI
4358,24374,DNI faltante,SI
4358,24374,Total no coincide con cálculo,SI
4358,24374,Subtotal no coincide con cálculo,SI
4359,E-3617-24,DNI faltante,SI
4359,E-3617-24,Total no coincide con cálculo,SI
4359,E-3617-24,Subtotal no coincide con cálculo,SI
4362,E3491-2024,DNI faltante,SI
4362,E3491-2024,Total no coincide con cálculo,SI
4362,E3491-2024,Subtotal no coincide con cálculo,SI
4363,119885-24,DNI faltante,SI
4364,6830-2024,DNI faltante,SI
4365,LEGACY-4365,DNI faltante,SI
4366,LEGACY-4366,DNI faltante,SI
4367,17118-24,Total no coincide con cálculo,SI
4367,17118-24,Subtotal no coincide con cálculo,SI
4368,LEGACY-4368,DNI faltante,SI
4369,6859-2024,DNI faltante,SI
4370,1740-2024,DNI faltante,SI
4370,1740-2024,Total no coincide con cálculo,SI
4370,1740-2024,Subtotal no coincide con cálculo,SI
4371,3880-2024,DNI faltante,SI
4371,3880-2024,Total no coincide con cálculo,SI
4371,3880-2024,Subtotal no coincide con cálculo,SI
4372,6122-2023,DNI faltante,SI
4372,6122-2023,Total no coincide con cálculo,SI
4372,6122-2023,Subtotal no coincide con cálculo,SI
4373,6122-2023,DNI faltante,SI
4373,6122-2023,Total no coincide con cálculo,SI
4373,6122-2023,Subtotal no coincide con cálculo,SI
4374,6122-2023,DNI faltante,SI
4374,6122-2023,Total no coincide con cálculo,SI
4374,6122-2023,Subtotal no coincide con cálculo,SI
4376,6821-2024,DNI faltante,SI
4377,51939-24,DNI faltante,SI
4378,119625-24,Total no coincide con cálculo,SI
4378,119625-24,Subtotal no coincide con cálculo,SI
4379,E-3492-24,DNI faltante,SI
4380,218-2023,DNI faltante,SI
4380,218-2023,Total no coincide con cálculo,SI
4380,218-2023,Subtotal no coincide con cálculo,SI
4382,LEGACY-4382,DNI faltante,SI
4383,12622-24,DNI faltante,SI
4384,LEGACY-4384,DNI faltante,SI
4385,29199-24,DNI faltante,SI
4385,29199-24,Total no coincide con cálculo,SI
4385,29199-24,Subtotal no coincide con cálculo,SI
4386,9138-2023,DNI faltante,SI
4386,9138-2023,Total no coincide con cálculo,SI
4386,9138-2023,Subtotal no coincide con cálculo,SI
4387,2874-2024,DNI faltante,SI
4387,2874-2024,Total no coincide con cálculo,SI
4387,2874-2024,Subtotal no coincide con cálculo,SI
4388,119294-24,DNI faltante,SI
4389,7073-2024,DNI faltante,SI
4390,,ERROR: RAZONSOCIAL/NOMBRE is empty,NO
4391,E-3965-24,DNI faltante,SI
4392,119348-202,DNI faltante,SI
4394,LEGACY-4394,DNI faltante,SI
4395,6924-2024,DNI faltante,SI
4395,6924-2024,Total no coincide con cálculo,SI
4395,6924-2024,Subtotal no coincide con cálculo,SI
4396,13085-24,DNI faltante,SI
4398,6679-2024,DNI faltante,SI
4399,3962-2022,DNI faltante,SI
4399,3962-2022,Total no coincide con cálculo,SI
4399,3962-2022,Subtotal no coincide con cálculo,SI
4400,3962-2022,DNI faltante,SI
4400,3962-2022,Total no coincide con cálculo,SI
4400,3962-2022,Subtotal no coincide con cálculo,SI
4401,213947-24,DNI faltante,SI
4402,6961-2024,DNI faltante,SI
4403,4409-2024,DNI faltante,SI
4403,4409-2024,Total no coincide con cálculo,SI
4403,4409-2024,Subtotal no coincide con cálculo,SI
4404,LEGACY-4404,DNI faltante,SI
4404,LEGACY-4404,Total no coincide con cálculo,SI
4404,LEGACY-4404,Subtotal no coincide con cálculo,SI
4405,4409-2024,DNI faltante,SI
4405,4409-2024,Total no coincide con cálculo,SI
4405,4409-2024,Subtotal no coincide con cálculo,SI
4407,3816-2023,DNI faltante,SI
4407,3816-2023,Total no coincide con cálculo,SI
4407,3816-2023,Subtotal no coincide con cálculo,SI
4408,3816-2023,DNI faltante,SI
4408,3816-2023,Total no coincide con cálculo,SI
4408,3816-2023,Subtotal no coincide con cálculo,SI
4409,3816-2023,DNI faltante,SI
4409,3816-2023,Total no coincide con cálculo,SI
4409,3816-2023,Subtotal no coincide con cálculo,SI
4410,2063-2023,DNI faltante,SI
4410,2063-2023,Total no coincide con cálculo,SI
4410,2063-2023,Subtotal no coincide con cálculo,SI
4411,28125-24,DNI faltante,SI
4411,28125-24,Total no coincide con cálculo,SI
4411,28125-24,Subtotal no coincide con cálculo,SI
4412,05477-2018,DNI faltante,SI
4412,05477-2018,Total no coincide con cálculo,SI
4412,05477-2018,Subtotal no coincide con cálculo,SI
4413,172765-24,DNI faltante,SI
4413,172765-24,CodPago no encontrado: -,SI
4413,172765-24,Total no coincide con cálculo,SI
4413,172765-24,Subtotal no coincide con cálculo,SI
4414,1559-2024,DNI faltante,SI
4414,1559-2024,Total no coincide con cálculo,SI
4414,1559-2024,Subtotal no coincide con cálculo,SI
4415,LEGACY-4415,DNI faltante,SI
4415,LEGACY-4415,Total no coincide con cálculo,SI
4415,LEGACY-4415,Subtotal no coincide con cálculo,SI
4416,85405-24,Total no coincide con cálculo,SI
4416,85405-24,Subtotal no coincide con cálculo,SI
4417,E-2452252,DNI faltante,SI
4419,LEGACY-4419,DNI faltante,SI
4420,12736-F-18,DNI faltante,SI
4420,12736-F-18,Total no coincide con cálculo,SI
4420,12736-F-18,Subtotal no coincide con cálculo,SI
4421,12736-F-18,DNI faltante,SI
4421,12736-F-18,Total no coincide con cálculo,SI
4421,12736-F-18,Subtotal no coincide con cálculo,SI
4422,12736-F-18,DNI faltante,SI
4422,12736-F-18,Total no coincide con cálculo,SI
4422,12736-F-18,Subtotal no coincide con cálculo,SI
4423,51037-24,DNI faltante,SI
4426,06206-24,DNI faltante,SI
4426,06206-24,Total no coincide con cálculo,SI
4426,06206-24,Subtotal no coincide con cálculo,SI
4427,06206-24,DNI faltante,SI
4427,06206-24,Total no coincide con cálculo,SI
4427,06206-24,Subtotal no coincide con cálculo,SI
4428,82456-24,Total no coincide con cálculo,SI
4428,82456-24,Subtotal no coincide con cálculo,SI
4429,106149-23,DNI faltante,SI
4429,106149-23,Total no coincide con cálculo,SI
4429,106149-23,Subtotal no coincide con cálculo,SI
4430,16146-24,DNI faltante,SI
4431,13071-24,DNI faltante,SI
4432,1657-2024,DNI faltante,SI
4433,6509-2024,DNI faltante,SI
4433,6509-2024,Total no coincide con cálculo,SI
4433,6509-2024,Subtotal no coincide con cálculo,SI
4434,1830-2024,Total no coincide con cálculo,SI
4434,1830-2024,Subtotal no coincide con cálculo,SI
4435,25297-24,DNI faltante,SI
4436,6670-2024,DNI faltante,SI
4437,24198-24,Total no coincide con cálculo,SI
4437,24198-24,Subtotal no coincide con cálculo,SI
4438,6805,Total no coincide con cálculo,SI
4438,6805,Subtotal no coincide con cálculo,SI
4439,27535-24,DNI faltante,SI
4439,27535-24,Total no coincide con cálculo,SI
4440,LEGACY-4440,DNI faltante,SI
4440,LEGACY-4440,Total no coincide con cálculo,SI
4440,LEGACY-4440,Subtotal no coincide con cálculo,SI
4441,24266,Total no coincide con cálculo,SI
4441,24266,Subtotal no coincide con cálculo,SI
4443,11870-24,DNI faltante,SI
4445,29491-24,DNI faltante,SI
4447,51338-24,DNI faltante,SI
4448,031208-24,DNI faltante,SI
4449,E3322-24,DNI faltante,SI
4450,05542-2019,DNI faltante,SI
4450,05542-2019,Total no coincide con cálculo,SI
4450,05542-2019,Subtotal no coincide con cálculo,SI
4451,05542-2019,DNI faltante,SI
4451,05542-2019,Total no coincide con cálculo,SI
4451,05542-2019,Subtotal no coincide con cálculo,SI
4452,05542-2019,DNI faltante,SI
4452,05542-2019,Total no coincide con cálculo,SI
4452,05542-2019,Subtotal no coincide con cálculo,SI
4453,118646-24,DNI faltante,SI
4453,118646-24,Total no coincide con cálculo,SI
4453,118646-24,Subtotal no coincide con cálculo,SI
4455,17643-24,DNI faltante,SI
4456,15731-2023,DNI faltante,SI
4456,15731-2023,Total no coincide con cálculo,SI
4456,15731-2023,Subtotal no coincide con cálculo,SI
4457,24229,DNI faltante,SI
4458,6583-24,DNI faltante,SI
4459,19119-24,DNI faltante,SI
4460,11836-24,DNI faltante,SI
4461,LEGACY-4461,Total no coincide con cálculo,SI
4461,LEGACY-4461,Subtotal no coincide con cálculo,SI
4462,4338-2018,DNI faltante,SI
4462,4338-2018,Total no coincide con cálculo,SI
4462,4338-2018,Subtotal no coincide con cálculo,SI
4463,12449-24,DNI faltante,SI
4464,LEGACY-4464,DNI faltante,SI
4465,24706-24,DNI faltante,SI
4466,6556-2024,DNI faltante,SI
4467,1500-2024,Total no coincide con cálculo,SI
4467,1500-2024,Subtotal no coincide con cálculo,SI
4468,6009-2022,DNI faltante,SI
4468,6009-2022,Total no coincide con cálculo,SI
4468,6009-2022,Subtotal no coincide con cálculo,SI
4469,1670-2024,DNI faltante,SI
4469,1670-2024,Total no coincide con cálculo,SI
4469,1670-2024,Subtotal no coincide con cálculo,SI
4474,6293-2024,DNI faltante,SI
4475,18778-24,DNI faltante,SI
4476,LEGACY-4476,DNI faltante,SI
4477,LEGACY-4477,DNI faltante,SI
4478,885-2024,DNI faltante,SI
4478,885-2024,Total no coincide con cálculo,SI
4478,885-2024,Subtotal no coincide con cálculo,SI
4479,885-2024,DNI faltante,SI
4479,885-2024,Total no coincide con cálculo,SI
4479,885-2024,Subtotal no coincide con cálculo,SI
4482,029587-24,Total no coincide con cálculo,SI
4483,6203-2024,DNI faltante,SI
4484,2936-2024,DNI faltante,SI
4484,2936-2024,Total no coincide con cálculo,SI
4484,2936-2024,Subtotal no coincide con cálculo,SI
4485,6527-2024,DNI faltante,SI
4486,6357-2024,DNI faltante,SI
4487,117828-24,DNI faltante,SI
4487,117828-24,Total no coincide con cálculo,SI
4487,117828-24,Subtotal no coincide con cálculo,SI
4488,117828-24,DNI faltante,SI
4488,117828-24,Total no coincide con cálculo,SI
4488,117828-24,Subtotal no coincide con cálculo,SI
4489,117828-24,DNI faltante,SI
4489,117828-24,Total no coincide con cálculo,SI
4489,117828-24,Subtotal no coincide con cálculo,SI
4491,0015805-24,DNI faltante,SI
4492,6454-2024,DNI faltante,SI
4494,126019-23,DNI faltante,SI
4494,126019-23,Total no coincide con cálculo,SI
4494,126019-23,Subtotal no coincide con cálculo,SI
4495,126019-23,DNI faltante,SI
4495,126019-23,Total no coincide con cálculo,SI
4495,126019-23,Subtotal no coincide con cálculo,SI
4496,126019-23,DNI faltante,SI
4496,126019-23,Total no coincide con cálculo,SI
4496,126019-23,Subtotal no coincide con cálculo,SI
4497,6398-2024,DNI faltante,SI
4499,30071-24,DNI faltante,SI
4500,LEGACY-4500,DNI faltante,SI
4500,LEGACY-4500,Total no coincide con cálculo,SI
4500,LEGACY-4500,Subtotal no coincide con cálculo,SI
4502,LEGACY-4502,DNI faltante,SI
4502,LEGACY-4502,Total no coincide con cálculo,SI
4502,LEGACY-4502,Subtotal no coincide con cálculo,SI
4504,3611-2023,DNI faltante,SI
4504,3611-2023,Total no coincide con cálculo,SI
4504,3611-2023,Subtotal no coincide con cálculo,SI
4505,3611-2023,DNI faltante,SI
4505,3611-2023,Total no coincide con cálculo,SI
4505,3611-2023,Subtotal no coincide con cálculo,SI
4507,3611-2023,DNI faltante,SI
4507,3611-2023,Total no coincide con cálculo,SI
4507,3611-2023,Subtotal no coincide con cálculo,SI
4508,0846-2024,DNI faltante,SI
4508,0846-2024,Total no coincide con cálculo,SI
4508,0846-2024,Subtotal no coincide con cálculo,SI
4509,LEGACY-4509,DNI faltante,SI
4510,LEGACY-4510,DNI faltante,SI
4510,LEGACY-4510,Total no coincide con cálculo,SI
4510,LEGACY-4510,Subtotal no coincide con cálculo,SI
4511,6028-2024,DNI faltante,SI
4512,,ERROR: RAZONSOCIAL/NOMBRE is empty,NO
4513,247559-24,DNI faltante,SI
4514,117309-24,DNI faltante,SI
4516,25720-24,DNI faltante,SI
4517,6078-2024,DNI faltante,SI
4517,6078-2024,Total no coincide con cálculo,SI
4517,6078-2024,Subtotal no coincide con cálculo,SI
4518,6066-2024,DNI faltante,SI
4518,6066-2024,Total no coincide con cálculo,SI
4518,6066-2024,Subtotal no coincide con cálculo,SI
4519,158024-24,DNI faltante,SI
4519,158024-24,Total no coincide con cálculo,SI
4519,158024-24,Subtotal no coincide con cálculo,SI
4520,3980-2024,DNI faltante,SI
4520,3980-2024,Total no coincide con cálculo,SI
4520,3980-2024,Subtotal no coincide con cálculo,SI
4521,2075-2024,DNI faltante,SI
4521,2075-2024,Total no coincide con cálculo,SI
4521,2075-2024,Subtotal no coincide con cálculo,SI
4522,4260-2024,DNI faltante,SI
4524,LEGACY-4524,DNI faltante,SI
4524,LEGACY-4524,Total no coincide con cálculo,SI
4524,LEGACY-4524,Subtotal no coincide con cálculo,SI
4525,58455-24,DNI faltante,SI
4526,6043-2024,DNI faltante,SI
4527,6383-2024,DNI faltante,SI
4527,6383-2024,Total no coincide con cálculo,SI
4527,6383-2024,Subtotal no coincide con cálculo,SI
4528,30794-24,DNI faltante,SI
4529,8983-2024,Total no coincide con cálculo,SI
4529,8983-2024,Subtotal no coincide con cálculo,SI
4530,8983-2024,Total no coincide con cálculo,SI
4530,8983-2024,Subtotal no coincide con cálculo,SI
4531,4280-2021,DNI faltante,SI
4531,4280-2021,Total no coincide con cálculo,SI
4531,4280-2021,Subtotal no coincide con cálculo,SI
4532,4280-2021,DNI faltante,SI
4532,4280-2021,Total no coincide con cálculo,SI
4532,4280-2021,Subtotal no coincide con cálculo,SI
4533,5221-19,DNI faltante,SI
4533,5221-19,Total no coincide con cálculo,SI
4533,5221-19,Subtotal no coincide con cálculo,SI
4534,5221-19,DNI faltante,SI
4534,5221-19,Total no coincide con cálculo,SI
4534,5221-19,Subtotal no coincide con cálculo,SI
4535,5221-19,DNI faltante,SI
4535,5221-19,Total no coincide con cálculo,SI
4535,5221-19,Subtotal no coincide con cálculo,SI
4536,127493-23,DNI faltante,SI
4536,127493-23,Total no coincide con cálculo,SI
4536,127493-23,Subtotal no coincide con cálculo,SI
4537,127493-23,DNI faltante,SI
4537,127493-23,Total no coincide con cálculo,SI
4537,127493-23,Subtotal no coincide con cálculo,SI
4538,26246-24,DNI faltante,SI
4540,127493-23,DNI faltante,SI
4540,127493-23,Total no coincide con cálculo,SI
4540,127493-23,Subtotal no coincide con cálculo,SI
4542,LEGACY-4542,DNI faltante,SI
4543,11084-2024,Total no coincide con cálculo,SI
4543,11084-2024,Subtotal no coincide con cálculo,SI
4544,LEGACY-4544,DNI faltante,SI
4545,LEGACY-4545,DNI faltante,SI
4546,124844-23,DNI faltante,SI
4546,124844-23,Total no coincide con cálculo,SI
4546,124844-23,Subtotal no coincide con cálculo,SI
4547,2490-2024,DNI faltante,SI
4549,3995-24,DNI faltante,SI
4550,LEGACY-4550,DNI faltante,SI
4552,LEGACY-4552,DNI faltante,SI
4553,17849-23,DNI faltante,SI
4553,17849-23,Total no coincide con cálculo,SI
4553,17849-23,Subtotal no coincide con cálculo,SI
4554,17849-23,DNI faltante,SI
4554,17849-23,Total no coincide con cálculo,SI
4554,17849-23,Subtotal no coincide con cálculo,SI
4555,17849-23,DNI faltante,SI
4555,17849-23,Total no coincide con cálculo,SI
4555,17849-23,Subtotal no coincide con cálculo,SI
4556,5955-2024,Total no coincide con cálculo,SI
4556,5955-2024,Subtotal no coincide con cálculo,SI
4557,22878-24,DNI faltante,SI
4557,22878-24,Total no coincide con cálculo,SI
4557,22878-24,Subtotal no coincide con cálculo,SI
4558,17391-24,DNI faltante,SI
4559,6070-2024,DNI faltante,SI
4559,6070-2024,Total no coincide con cálculo,SI
4559,6070-2024,Subtotal no coincide con cálculo,SI
4560,6070-25,DNI faltante,SI
4560,6070-25,Total no coincide con cálculo,SI
4560,6070-25,Subtotal no coincide con cálculo,SI
4561,6070-2024,DNI faltante,SI
4561,6070-2024,Total no coincide con cálculo,SI
4561,6070-2024,Subtotal no coincide con cálculo,SI
4563,11208-2024,DNI faltante,SI
4563,11208-2024,Total no coincide con cálculo,SI
4563,11208-2024,Subtotal no coincide con cálculo,SI
4565,10854-24,DNI faltante,SI
4567,5979-2024,DNI faltante,SI
4568,LEGACY-4568,DNI faltante,SI
4569,46083,DNI faltante,SI
4570,9515-24,Total no coincide con cálculo,SI
4570,9515-24,Subtotal no coincide con cálculo,SI
4571,25972-24,DNI faltante,SI
4571,25972-24,Total no coincide con cálculo,SI
4571,25972-24,Subtotal no coincide con cálculo,SI
4572,25972-24,DNI faltante,SI
4572,25972-24,Total no coincide con cálculo,SI
4572,25972-24,Subtotal no coincide con cálculo,SI
4573,05291-2024,DNI faltante,SI
4574,,ERROR: RAZONSOCIAL/NOMBRE is empty,NO
4575,LEGACY-4575,Total no coincide con cálculo,SI
4575,LEGACY-4575,Subtotal no coincide con cálculo,SI
4576,LEGACY-4576,Total no coincide con cálculo,SI
4576,LEGACY-4576,Subtotal no coincide con cálculo,SI
4577,LEGACY-4577,Total no coincide con cálculo,SI
4577,LEGACY-4577,Subtotal no coincide con cálculo,SI
4578,14849-24,DNI faltante,SI
4579,24547-23,DNI faltante,SI
4579,24547-23,Total no coincide con cálculo,SI
4579,24547-23,Subtotal no coincide con cálculo,SI
4582,LEGACY-4582,DNI faltante,SI
4584,47155-2024,DNI faltante,SI
4585,6800-2023,DNI faltante,SI
4585,6800-2023,Total no coincide con cálculo,SI
4585,6800-2023,Subtotal no coincide con cálculo,SI
4586,6800-2023,DNI faltante,SI
4586,6800-2023,Total no coincide con cálculo,SI
4586,6800-2023,Subtotal no coincide con cálculo,SI
4587,6800-2023,DNI faltante,SI
4587,6800-2023,Total no coincide con cálculo,SI
4587,6800-2023,Subtotal no coincide con cálculo,SI
4588,LEGACY-4588,Total no coincide con cálculo,SI
4588,LEGACY-4588,Subtotal no coincide con cálculo,SI
4589,10590-2024,DNI faltante,SI
4590,9476-2024,DNI faltante,SI
4590,9476-2024,Total no coincide con cálculo,SI
4590,9476-2024,Subtotal no coincide con cálculo,SI
4591,5819-2024,DNI faltante,SI
4592,111235-24,DNI faltante,SI
4592,111235-24,Total no coincide con cálculo,SI
4592,111235-24,Subtotal no coincide con cálculo,SI
4593,5851-24,DNI faltante,SI
4593,5851-24,Total no coincide con cálculo,SI
4593,5851-24,Subtotal no coincide con cálculo,SI
4594,5851-2024,DNI faltante,SI
4594,5851-2024,Total no coincide con cálculo,SI
4594,5851-2024,Subtotal no coincide con cálculo,SI
4595,5851-2024,DNI faltante,SI
4595,5851-2024,Total no coincide con cálculo,SI
4595,5851-2024,Subtotal no coincide con cálculo,SI
4596,44908-24,DNI faltante,SI
4596,44908-24,Total no coincide con cálculo,SI
4596,44908-24,Subtotal no coincide con cálculo,SI
4597,19006-24,DNI faltante,SI
4597,19006-24,Total no coincide con cálculo,SI
4597,19006-24,Subtotal no coincide con cálculo,SI
4598,116620-24,DNI faltante,SI
4598,116620-24,Total no coincide con cálculo,SI
4599,237574-23,Total no coincide con cálculo,SI
4599,237574-23,Subtotal no coincide con cálculo,SI
4600,LEGACY-4600,DNI faltante,SI
4601,24303,DNI faltante,SI
4601,24303,Total no coincide con cálculo,SI
4601,24303,Subtotal no coincide con cálculo,SI
4602,LEGACY-4602,DNI faltante,SI
4602,LEGACY-4602,Total no coincide con cálculo,SI
4602,LEGACY-4602,Subtotal no coincide con cálculo,SI
4605,6958-2022,DNI faltante,SI
4605,6958-2022,Total no coincide con cálculo,SI
4605,6958-2022,Subtotal no coincide con cálculo,SI
4606,5760-2024,DNI faltante,SI
4608,116510-24,DNI faltante,SI
4608,116510-24,Total no coincide con cálculo,SI
4608,116510-24,Subtotal no coincide con cálculo,SI
4609,LEGACY-4609,DNI faltante,SI
4610,LEGACY-4610,DNI faltante,SI
4610,LEGACY-4610,Total no coincide con cálculo,SI
4610,LEGACY-4610,Subtotal no coincide con cálculo,SI
4611,5838-2024,Total no coincide con cálculo,SI
4612,27461-24,Total no coincide con cálculo,SI
4612,27461-24,Subtotal no coincide con cálculo,SI
4613,6031-2024,DNI faltante,SI
4616,3705-2024,DNI faltante,SI
4616,3705-2024,Total no coincide con cálculo,SI
4616,3705-2024,Subtotal no coincide con cálculo,SI
4617,4672-24,DNI faltante,SI
4617,4672-24,Total no coincide con cálculo,SI
4617,4672-24,Subtotal no coincide con cálculo,SI
4618,6782-2023,DNI faltante,SI
4618,6782-2023,Total no coincide con cálculo,SI
4618,6782-2023,Subtotal no coincide con cálculo,SI
4619,144185,DNI faltante,SI
4620,10229-24,DNI faltante,SI
4621,3962-2022,DNI faltante,SI
4621,3962-2022,Total no coincide con cálculo,SI
4621,3962-2022,Subtotal no coincide con cálculo,SI
4622,5701-2024,DNI faltante,SI
4623,3067-2023,DNI faltante,SI
4623,3067-2023,Total no coincide con cálculo,SI
4623,3067-2023,Subtotal no coincide con cálculo,SI
4624,3067-2023,DNI faltante,SI
4624,3067-2023,Total no coincide con cálculo,SI
4624,3067-2023,Subtotal no coincide con cálculo,SI
4626,3067-2023,DNI faltante,SI
4626,3067-2023,Total no coincide con cálculo,SI
4626,3067-2023,Subtotal no coincide con cálculo,SI
4627,4774-2021,Total no coincide con cálculo,SI
4627,4774-2021,Subtotal no coincide con cálculo,SI
4628,4774-2021,Total no coincide con cálculo,SI
4628,4774-2021,Subtotal no coincide con cálculo,SI
4629,24184,DNI faltante,SI
4631,19415-2023,DNI faltante,SI
4631,19415-2023,Total no coincide con cálculo,SI
4631,19415-2023,Subtotal no coincide con cálculo,SI
4632,LEGACY-4632,Total no coincide con cálculo,SI
4632,LEGACY-4632,Subtotal no coincide con cálculo,SI
4633,12207-2024,DNI faltante,SI
4633,12207-2024,Total no coincide con cálculo,SI
4633,12207-2024,Subtotal no coincide con cálculo,SI
4634,26411-24,DNI faltante,SI
4635,6203-2024,DNI faltante,SI
4637,46241-24,DNI faltante,SI
4638,12842-23,DNI faltante,SI
4638,12842-23,Total no coincide con cálculo,SI
4638,12842-23,Subtotal no coincide con cálculo,SI
4639,21608-24,DNI faltante,SI
4640,LEGACY-4640,DNI faltante,SI
4641,123263-18,DNI faltante,SI
4641,123263-18,Total no coincide con cálculo,SI
4641,123263-18,Subtotal no coincide con cálculo,SI
4642,123263-18,DNI faltante,SI
4642,123263-18,Total no coincide con cálculo,SI
4642,123263-18,Subtotal no coincide con cálculo,SI
4643,123263-18,DNI faltante,SI
4643,123263-18,Total no coincide con cálculo,SI
4643,123263-18,Subtotal no coincide con cálculo,SI
4644,143214-24,DNI faltante,SI
4646,1177-2023,Total no coincide con cálculo,SI
4646,1177-2023,Subtotal no coincide con cálculo,SI
4647,1177-2023,Total no coincide con cálculo,SI
4647,1177-2023,Subtotal no coincide con cálculo,SI
4648,16522-2024,DNI faltante,SI
4648,16522-2024,Total no coincide con cálculo,SI
4649,066-2023,Total no coincide con cálculo,SI
4649,066-2023,Subtotal no coincide con cálculo,SI
4650,066-2023,Total no coincide con cálculo,SI
4650,066-2023,Subtotal no coincide con cálculo,SI
4651,066-2023,Total no coincide con cálculo,SI
4651,066-2023,Subtotal no coincide con cálculo,SI
4653,5849-2024,DNI faltante,SI
4654,126838-23,DNI faltante,SI
4654,126838-23,Total no coincide con cálculo,SI
4654,126838-23,Subtotal no coincide con cálculo,SI
4655,45150-24,DNI faltante,SI
4656,9476-2024,DNI faltante,SI
4656,9476-2024,Total no coincide con cálculo,SI
4656,9476-2024,Subtotal no coincide con cálculo,SI
4657,E012327087,DNI faltante,SI
4657,E012327087,Total no coincide con cálculo,SI
4657,E012327087,Subtotal no coincide con cálculo,SI
4658,LEGACY-4658,DNI faltante,SI
4658,LEGACY-4658,Total no coincide con cálculo,SI
4658,LEGACY-4658,Subtotal no coincide con cálculo,SI
4661,LEGACY-4661,DNI faltante,SI
4662,19254,DNI faltante,SI
4662,19254,Total no coincide con cálculo,SI
4662,19254,Subtotal no coincide con cálculo,SI
4663,1940-2024,DNI faltante,SI
4663,1940-2024,Total no coincide con cálculo,SI
4663,1940-2024,Subtotal no coincide con cálculo,SI
4664,13563-22,DNI faltante,SI
4664,13563-22,NROREV anómalo: 9,SI
4664,13563-22,Total no coincide con cálculo,SI
4664,13563-22,Subtotal no coincide con cálculo,SI
4665,13563-22,DNI faltante,SI
4665,13563-22,NROREV anómalo: 7,SI
4665,13563-22,Total no coincide con cálculo,SI
4665,13563-22,Subtotal no coincide con cálculo,SI
4666,13563-22,DNI faltante,SI
4666,13563-22,Total no coincide con cálculo,SI
4666,13563-22,Subtotal no coincide con cálculo,SI
4668,18020-2023,DNI faltante,SI
4668,18020-2023,Total no coincide con cálculo,SI
4668,18020-2023,Subtotal no coincide con cálculo,SI
4669,5841-2024,DNI faltante,SI
4669,5841-2024,Total no coincide con cálculo,SI
4669,5841-2024,Subtotal no coincide con cálculo,SI
4671,,ERROR: RAZONSOCIAL/NOMBRE is empty,NO
4672,3706-2024,DNI faltante,SI
4672,3706-2024,Total no coincide con cálculo,SI
4672,3706-2024,Subtotal no coincide con cálculo,SI
4673,5690-2024,DNI faltante,SI
4673,5690-2024,Total no coincide con cálculo,SI
4673,5690-2024,Subtotal no coincide con cálculo,SI
4674,3230-2024,DNI faltante,SI
4674,3230-2024,Total no coincide con cálculo,SI
4674,3230-2024,Subtotal no coincide con cálculo,SI
4675,5995-2024,DNI faltante,SI
4676,24393,Total no coincide con cálculo,SI
4676,24393,Subtotal no coincide con cálculo,SI
4677,74692-2023,DNI faltante,SI
4677,74692-2023,Total no coincide con cálculo,SI
4677,74692-2023,Subtotal no coincide con cálculo,SI
4678,17145-2024,DNI faltante,SI
4678,17145-2024,Total no coincide con cálculo,SI
4679,LEGACY-4679,DNI faltante,SI
4681,3637-2024,DNI faltante,SI
4681,3637-2024,Total no coincide con cálculo,SI
4681,3637-2024,Subtotal no coincide con cálculo,SI
4682,12449-24,DNI faltante,SI
4682,12449-24,Total no coincide con cálculo,SI
4682,12449-24,Subtotal no coincide con cálculo,SI
4683,14641-24,DNI faltante,SI
4683,14641-24,Total no coincide con cálculo,SI
4683,14641-24,Subtotal no coincide con cálculo,SI
4684,14641-24,DNI faltante,SI
4684,14641-24,Total no coincide con cálculo,SI
4684,14641-24,Subtotal no coincide con cálculo,SI
4685,LEGACY-4685,DNI faltante,SI
4685,LEGACY-4685,Total no coincide con cálculo,SI
4685,LEGACY-4685,Subtotal no coincide con cálculo,SI
4686,5764-2024,DNI faltante,SI
4686,5764-2024,Total no coincide con cálculo,SI
4686,5764-2024,Subtotal no coincide con cálculo,SI
4687,1094-2024,DNI faltante,SI
4687,1094-2024,Total no coincide con cálculo,SI
4687,1094-2024,Subtotal no coincide con cálculo,SI
4688,E012414719,DNI faltante,SI
4689,1379-2024,DNI faltante,SI
4689,1379-2024,Total no coincide con cálculo,SI
4689,1379-2024,Subtotal no coincide con cálculo,SI
4690,1960-2024,DNI faltante,SI
4690,1960-2024,Total no coincide con cálculo,SI
4690,1960-2024,Subtotal no coincide con cálculo,SI
4691,6821-2024,DNI faltante,SI
4692,LEGACY-4692,DNI faltante,SI
4693,LEGACY-4693,DNI faltante,SI
4694,5353-2024,DNI faltante,SI
4696,8603-2020,DNI faltante,SI
4696,8603-2020,Total no coincide con cálculo,SI
4696,8603-2020,Subtotal no coincide con cálculo,SI
4697,05477-2018,DNI faltante,SI
4697,05477-2018,Total no coincide con cálculo,SI
4697,05477-2018,Subtotal no coincide con cálculo,SI
4698,47347-2024,DNI faltante,SI
4698,47347-2024,Total no coincide con cálculo,SI
4698,47347-2024,Subtotal no coincide con cálculo,SI
4699,9149-2023,Total no coincide con cálculo,SI
4699,9149-2023,Subtotal no coincide con cálculo,SI
4700,3011-2020,DNI faltante,SI
4700,3011-2020,Total no coincide con cálculo,SI
4700,3011-2020,Subtotal no coincide con cálculo,SI
4702,E-10181-24,Total no coincide con cálculo,SI
4702,E-10181-24,Subtotal no coincide con cálculo,SI
4703,LEGACY-4703,DNI faltante,SI
4704,LEGACY-4704,DNI faltante,SI
4706,LEGACY-4706,DNI faltante,SI
4707,0044273-24,Total no coincide con cálculo,SI
4707,0044273-24,Subtotal no coincide con cálculo,SI
4709,4380-2024,DNI faltante,SI
4709,4380-2024,Total no coincide con cálculo,SI
4709,4380-2024,Subtotal no coincide con cálculo,SI
4710,4380-2024,DNI faltante,SI
4710,4380-2024,Total no coincide con cálculo,SI
4710,4380-2024,Subtotal no coincide con cálculo,SI
4711,5593,DNI faltante,SI
4712,4380-2024,DNI faltante,SI
4712,4380-2024,Total no coincide con cálculo,SI
4712,4380-2024,Subtotal no coincide con cálculo,SI
4713,079228-19,DNI faltante,SI
4713,079228-19,Total no coincide con cálculo,SI
4713,079228-19,Subtotal no coincide con cálculo,SI
4714,079228-19,DNI faltante,SI
4714,079228-19,Total no coincide con cálculo,SI
4714,079228-19,Subtotal no coincide con cálculo,SI
4715,079228-19,DNI faltante,SI
4715,079228-19,Total no coincide con cálculo,SI
4715,079228-19,Subtotal no coincide con cálculo,SI
4716,6399-24,DNI faltante,SI
4717,8894-24,DNI faltante,SI
4718,40576-2024,DNI faltante,SI
4719,1175-2022,DNI faltante,SI
4719,1175-2022,Total no coincide con cálculo,SI
4719,1175-2022,Subtotal no coincide con cálculo,SI
4720,1175-2022,DNI faltante,SI
4720,1175-2022,Total no coincide con cálculo,SI
4720,1175-2022,Subtotal no coincide con cálculo,SI
4721,1175-2022,DNI faltante,SI
4721,1175-2022,Total no coincide con cálculo,SI
4721,1175-2022,Subtotal no coincide con cálculo,SI
4722,10503-2024,DNI faltante,SI
4722,10503-2024,Total no coincide con cálculo,SI
4722,10503-2024,Subtotal no coincide con cálculo,SI
4723,15138-2024,Total no coincide con cálculo,SI
4723,15138-2024,Subtotal no coincide con cálculo,SI
4728,LEGACY-4728,DNI faltante,SI
4729,LEGACY-4729,DNI faltante,SI
4730,LEGACY-4730,DNI faltante,SI
4731,2831-24,DNI faltante,SI
4731,2831-24,Total no coincide con cálculo,SI
4731,2831-24,Subtotal no coincide con cálculo,SI
4732,2489,DNI faltante,SI
4732,2489,Total no coincide con cálculo,SI
4732,2489,Subtotal no coincide con cálculo,SI
4734,LEGACY-4734,DNI faltante,SI
4735,LEGACY-4735,DNI faltante,SI
4736,122183-24,DNI faltante,SI
4739,LEGACY-4739,Total no coincide con cálculo,SI
4739,LEGACY-4739,Subtotal no coincide con cálculo,SI
4740,LEGACY-4740,Total no coincide con cálculo,SI
4741,5306-2024,DNI faltante,SI
4742,4367-2024,DNI faltante,SI
4742,4367-2024,Total no coincide con cálculo,SI
4742,4367-2024,Subtotal no coincide con cálculo,SI
4743,124844-23,DNI faltante,SI
4743,124844-23,Total no coincide con cálculo,SI
4743,124844-23,Subtotal no coincide con cálculo,SI
4744,9477-2024,Total no coincide con cálculo,SI
4744,9477-2024,Subtotal no coincide con cálculo,SI
4745,LEGACY-4745,DNI faltante,SI
4745,LEGACY-4745,Total no coincide con cálculo,SI
4745,LEGACY-4745,Subtotal no coincide con cálculo,SI
4746,LEGACY-4746,DNI faltante,SI
4746,LEGACY-4746,Total no coincide con cálculo,SI
4746,LEGACY-4746,Subtotal no coincide con cálculo,SI
4747,115923-24,DNI faltante,SI
4747,115923-24,Total no coincide con cálculo,SI
4747,115923-24,Subtotal no coincide con cálculo,SI
4748,885-2024,DNI faltante,SI
4749,05734-2021,DNI faltante,SI
4749,05734-2021,Total no coincide con cálculo,SI
4749,05734-2021,Subtotal no coincide con cálculo,SI
4750,5841-2024,DNI faltante,SI
4750,5841-2024,Total no coincide con cálculo,SI
4750,5841-2024,Subtotal no coincide con cálculo,SI
4753,12678-2024,DNI faltante,SI
4754,160884-18,DNI faltante,SI
4754,160884-18,NROREV anómalo: 7,SI
4754,160884-18,Total no coincide con cálculo,SI
4754,160884-18,Subtotal no coincide con cálculo,SI
4755,160884-18,DNI faltante,SI
4755,160884-18,Total no coincide con cálculo,SI
4755,160884-18,Subtotal no coincide con cálculo,SI
4756,160884-18,DNI faltante,SI
4756,160884-18,Total no coincide con cálculo,SI
4756,160884-18,Subtotal no coincide con cálculo,SI
4757,5266-2024,DNI faltante,SI
4757,5266-2024,Total no coincide con cálculo,SI
4757,5266-2024,Subtotal no coincide con cálculo,SI
4758,1177-2023,Total no coincide con cálculo,SI
4758,1177-2023,Subtotal no coincide con cálculo,SI
4759,LEGACY-4759,Total no coincide con cálculo,SI
4759,LEGACY-4759,Subtotal no coincide con cálculo,SI
4760,24646-23,DNI faltante,SI
4760,24646-23,Total no coincide con cálculo,SI
4760,24646-23,Subtotal no coincide con cálculo,SI
4761,24646-23,DNI faltante,SI
4761,24646-23,Total no coincide con cálculo,SI
4761,24646-23,Subtotal no coincide con cálculo,SI
4762,24646-23,DNI faltante,SI
4762,24646-23,Total no coincide con cálculo,SI
4762,24646-23,Subtotal no coincide con cálculo,SI
4763,9223-2024,DNI faltante,SI
4764,LEGACY-4764,DNI faltante,SI
4765,10533-24,Total no coincide con cálculo,SI
4765,10533-24,Subtotal no coincide con cálculo,SI
4766,189992-22,NROREV anómalo: 7,SI
4766,189992-22,Total no coincide con cálculo,SI
4766,189992-22,Subtotal no coincide con cálculo,SI
4767,189992-22,Total no coincide con cálculo,SI
4767,189992-22,Subtotal no coincide con cálculo,SI
4768,189992-22,Total no coincide con cálculo,SI
4768,189992-22,Subtotal no coincide con cálculo,SI
4769,1740-2024,DNI faltante,SI
4769,1740-2024,Total no coincide con cálculo,SI
4769,1740-2024,Subtotal no coincide con cálculo,SI
4770,1286-2024,DNI faltante,SI
4770,1286-2024,Total no coincide con cálculo,SI
4770,1286-2024,Subtotal no coincide con cálculo,SI
4771,9657-2024,DNI faltante,SI
4771,9657-2024,Total no coincide con cálculo,SI
4771,9657-2024,Subtotal no coincide con cálculo,SI
4772,114054-24,DNI faltante,SI
4772,114054-24,Total no coincide con cálculo,SI
4772,114054-24,Subtotal no coincide con cálculo,SI
4773,2832-2024,DNI faltante,SI
4774,12779-24,DNI faltante,SI
4775,128086-24,DNI faltante,SI
4776,862-2024,DNI faltante,SI
4776,862-2024,Total no coincide con cálculo,SI
4776,862-2024,Subtotal no coincide con cálculo,SI
4777,24377,DNI faltante,SI
4778,15114-2024,DNI faltante,SI
4778,15114-2024,Total no coincide con cálculo,SI
4778,15114-2024,Subtotal no coincide con cálculo,SI
4779,15114-24,DNI faltante,SI
4779,15114-24,Total no coincide con cálculo,SI
4779,15114-24,Subtotal no coincide con cálculo,SI
4780,15114-2024,DNI faltante,SI
4780,15114-2024,Total no coincide con cálculo,SI
4780,15114-2024,Subtotal no coincide con cálculo,SI
4781,LEGACY-4781,DNI faltante,SI
4782,8915-2024,DNI faltante,SI
4783,LEGACY-4783,DNI faltante,SI
4784,,ERROR: RAZONSOCIAL/NOMBRE is empty,NO
4785,11718-2019,DNI faltante,SI
4785,11718-2019,Total no coincide con cálculo,SI
4785,11718-2019,Subtotal no coincide con cálculo,SI
4786,11718-2019,DNI faltante,SI
4786,11718-2019,Total no coincide con cálculo,SI
4786,11718-2019,Subtotal no coincide con cálculo,SI
4787,05542-2019,DNI faltante,SI
4787,05542-2019,Total no coincide con cálculo,SI
4787,05542-2019,Subtotal no coincide con cálculo,SI
4788,05542-2019,DNI faltante,SI
4788,05542-2019,Total no coincide con cálculo,SI
4788,05542-2019,Subtotal no coincide con cálculo,SI
4789,LEGACY-4789,DNI faltante,SI
4790,128588-24,DNI faltante,SI
4790,128588-24,Total no coincide con cálculo,SI
4790,128588-24,Subtotal no coincide con cálculo,SI
4791,124844-23,DNI faltante,SI
4791,124844-23,Total no coincide con cálculo,SI
4791,124844-23,Subtotal no coincide con cálculo,SI
4792,LEGACY-4792,DNI faltante,SI
4793,4047-2025,DNI faltante,SI
4794,114101-24,DNI faltante,SI
4795,00876-2022,DNI faltante,SI
4795,00876-2022,Total no coincide con cálculo,SI
4795,00876-2022,Subtotal no coincide con cálculo,SI
4796,00876-2022,DNI faltante,SI
4796,00876-2022,Total no coincide con cálculo,SI
4796,00876-2022,Subtotal no coincide con cálculo,SI
4797,00876-2022,DNI faltante,SI
4797,00876-2022,Total no coincide con cálculo,SI
4797,00876-2022,Subtotal no coincide con cálculo,SI
4798,LEGACY-4798,DNI faltante,SI
4799,5237-2024,DNI faltante,SI
4799,5237-2024,Total no coincide con cálculo,SI
4799,5237-2024,Subtotal no coincide con cálculo,SI
4800,5237-2024,DNI faltante,SI
4800,5237-2024,Total no coincide con cálculo,SI
4800,5237-2024,Subtotal no coincide con cálculo,SI
4801,5402-2022,Total no coincide con cálculo,SI
4801,5402-2022,Subtotal no coincide con cálculo,SI
4802,9462-2024,Total no coincide con cálculo,SI
4802,9462-2024,Subtotal no coincide con cálculo,SI
4803,5402-2022,Total no coincide con cálculo,SI
4803,5402-2022,Subtotal no coincide con cálculo,SI
4804,LEGACY-4804,DNI faltante,SI
4804,LEGACY-4804,Total no coincide con cálculo,SI
4804,LEGACY-4804,Subtotal no coincide con cálculo,SI
4805,3011-2020,DNI faltante,SI
4805,3011-2020,Total no coincide con cálculo,SI
4805,3011-2020,Subtotal no coincide con cálculo,SI
4806,21082-24,DNI faltante,SI
4806,21082-24,Total no coincide con cálculo,SI
4807,11528-23,DNI faltante,SI
4807,11528-23,Total no coincide con cálculo,SI
4807,11528-23,Subtotal no coincide con cálculo,SI
4808,11528-23,DNI faltante,SI
4808,11528-23,Total no coincide con cálculo,SI
4808,11528-23,Subtotal no coincide con cálculo,SI
4809,11528-23,DNI faltante,SI
4809,11528-23,Total no coincide con cálculo,SI
4809,11528-23,Subtotal no coincide con cálculo,SI
4810,24365,DNI faltante,SI
4811,3386-24,DNI faltante,SI
4812,LEGACY-4812,DNI faltante,SI
4812,LEGACY-4812,Total no coincide con cálculo,SI
4812,LEGACY-4812,Subtotal no coincide con cálculo,SI
4813,5931-2023,DNI faltante,SI
4813,5931-2023,Total no coincide con cálculo,SI
4813,5931-2023,Subtotal no coincide con cálculo,SI
4814,5931-2023,DNI faltante,SI
4814,5931-2023,Total no coincide con cálculo,SI
4814,5931-2023,Subtotal no coincide con cálculo,SI
4818,LEGACY-4818,DNI faltante,SI
4819,128193-24,DNI faltante,SI
4820,5140-2024,DNI faltante,SI
4821,4280-2021,DNI faltante,SI
4821,4280-2021,Total no coincide con cálculo,SI
4821,4280-2021,Subtotal no coincide con cálculo,SI
4822,E12414719,DNI faltante,SI
4823,12004-2024,DNI faltante,SI
4824,1541-2024,DNI faltante,SI
4824,1541-2024,Total no coincide con cálculo,SI
4824,1541-2024,Subtotal no coincide con cálculo,SI
4825,00300T-16,DNI faltante,SI
4825,00300T-16,Total no coincide con cálculo,SI
4825,00300T-16,Subtotal no coincide con cálculo,SI
4826,00300T-16,DNI faltante,SI
4826,00300T-16,Total no coincide con cálculo,SI
4826,00300T-16,Subtotal no coincide con cálculo,SI
4827,00300T-16,DNI faltante,SI
4827,00300T-16,Total no coincide con cálculo,SI
4827,00300T-16,Subtotal no coincide con cálculo,SI
4829,5306-2024,DNI faltante,SI
4829,5306-2024,Total no coincide con cálculo,SI
4829,5306-2024,Subtotal no coincide con cálculo,SI
4830,5306-2024,DNI faltante,SI
4830,5306-2024,Total no coincide con cálculo,SI
4830,5306-2024,Subtotal no coincide con cálculo,SI
4831,5306-2024,DNI faltante,SI
4831,5306-2024,Total no coincide con cálculo,SI
4831,5306-2024,Subtotal no coincide con cálculo,SI
4832,9398-23,DNI faltante,SI
4832,9398-23,Total no coincide con cálculo,SI
4832,9398-23,Subtotal no coincide con cálculo,SI
4833,5150-2024,DNI faltante,SI
4834,5168-24,DNI faltante,SI
4835,121453-24,DNI faltante,SI
4836,007016-24,Total no coincide con cálculo,SI
4836,007016-24,Subtotal no coincide con cálculo,SI
4837,4854-2024,DNI faltante,SI
4837,4854-2024,Total no coincide con cálculo,SI
4837,4854-2024,Subtotal no coincide con cálculo,SI
4838,4854-2024,DNI faltante,SI
4838,4854-2024,Total no coincide con cálculo,SI
4838,4854-2024,Subtotal no coincide con cálculo,SI
4839,19109-24,DNI faltante,SI
4839,19109-24,Total no coincide con cálculo,SI
4839,19109-24,Subtotal no coincide con cálculo,SI
4840,LEGACY-4840,DNI faltante,SI
4841,LEGACY-4841,DNI faltante,SI
4841,LEGACY-4841,Total no coincide con cálculo,SI
4841,LEGACY-4841,Subtotal no coincide con cálculo,SI
4842,115155-24,Total no coincide con cálculo,SI
4842,115155-24,Subtotal no coincide con cálculo,SI
4843,3380-2021,DNI faltante,SI
4843,3380-2021,Total no coincide con cálculo,SI
4843,3380-2021,Subtotal no coincide con cálculo,SI
4844,3380-2021,DNI faltante,SI
4844,3380-2021,Total no coincide con cálculo,SI
4844,3380-2021,Subtotal no coincide con cálculo,SI
4845,3380-2021,DNI faltante,SI
4845,3380-2021,Total no coincide con cálculo,SI
4845,3380-2021,Subtotal no coincide con cálculo,SI
4847,24070,Total no coincide con cálculo,SI
4847,24070,Subtotal no coincide con cálculo,SI
4848,29199-24,DNI faltante,SI
4848,29199-24,Total no coincide con cálculo,SI
4848,29199-24,Subtotal no coincide con cálculo,SI
4849,8323-2023,DNI faltante,SI
4849,8323-2023,Total no coincide con cálculo,SI
4849,8323-2023,Subtotal no coincide con cálculo,SI
4850,5189-2023,DNI faltante,SI
4850,5189-2023,Total no coincide con cálculo,SI
4850,5189-2023,Subtotal no coincide con cálculo,SI
4851,11784-2024,DNI faltante,SI
4852,16677-24,DNI faltante,SI
4852,16677-24,Total no coincide con cálculo,SI
4852,16677-24,Subtotal no coincide con cálculo,SI
4853,16677-24,DNI faltante,SI
4853,16677-24,Total no coincide con cálculo,SI
4853,16677-24,Subtotal no coincide con cálculo,SI
4854,16677-24,DNI faltante,SI
4854,16677-24,Total no coincide con cálculo,SI
4854,16677-24,Subtotal no coincide con cálculo,SI
4855,LEGACY-4855,DNI faltante,SI
4856,5041-2024,DNI faltante,SI
4856,5041-2024,Total no coincide con cálculo,SI
4856,5041-2024,Subtotal no coincide con cálculo,SI
4857,5205,DNI faltante,SI
4857,5205,Total no coincide con cálculo,SI
4857,5205,Subtotal no coincide con cálculo,SI
4858,9194-2023,DNI faltante,SI
4858,9194-2023,Total no coincide con cálculo,SI
4858,9194-2023,Subtotal no coincide con cálculo,SI
4859,5699-2024,DNI faltante,SI
4862,5072,DNI faltante,SI
4864,5158-2024,DNI faltante,SI
4865,LEGACY-4865,DNI faltante,SI
4866,211216-23,DNI faltante,SI
4866,211216-23,Total no coincide con cálculo,SI
4866,211216-23,Subtotal no coincide con cálculo,SI
4867,3339-2024,Total no coincide con cálculo,SI
4867,3339-2024,Subtotal no coincide con cálculo,SI
4868,114179-24,DNI faltante,SI
4870,17643-24,DNI faltante,SI
4870,17643-24,Total no coincide con cálculo,SI
4870,17643-24,Subtotal no coincide con cálculo,SI
4871,LEGACY-4871,DNI faltante,SI
4872,117351-24,DNI faltante,SI
4872,117351-24,Total no coincide con cálculo,SI
4872,117351-24,Subtotal no coincide con cálculo,SI
4873,16160-22,Total no coincide con cálculo,SI
4873,16160-22,Subtotal no coincide con cálculo,SI
4874,4994,DNI faltante,SI
4875,123975-25,DNI faltante,SI
4876,9338-2024,DNI faltante,SI
4877,LEGACY-4877,DNI faltante,SI
4878,9549-2018,DNI faltante,SI
4878,9549-2018,Total no coincide con cálculo,SI
4878,9549-2018,Subtotal no coincide con cálculo,SI
4879,19489-24,DNI faltante,SI
4880,20815-2024,DNI faltante,SI
4881,8056-24,DNI faltante,SI
4881,8056-24,Total no coincide con cálculo,SI
4881,8056-24,Subtotal no coincide con cálculo,SI
4885,LEGACY-4885,DNI faltante,SI
4886,104234-24,DNI faltante,SI
4886,104234-24,Total no coincide con cálculo,SI
4886,104234-24,Subtotal no coincide con cálculo,SI
4889,4844-2024,DNI faltante,SI
4890,101115-24,DNI faltante,SI
4890,101115-24,Total no coincide con cálculo,SI
4890,101115-24,Subtotal no coincide con cálculo,SI
4891,28416-23,DNI faltante,SI
4891,28416-23,Total no coincide con cálculo,SI
4891,28416-23,Subtotal no coincide con cálculo,SI
4892,1935-2024,Total no coincide con cálculo,SI
4892,1935-2024,Subtotal no coincide con cálculo,SI
4893,4672-24,DNI faltante,SI
4894,LEGACY-4894,DNI faltante,SI
4894,LEGACY-4894,Total no coincide con cálculo,SI
4894,LEGACY-4894,Subtotal no coincide con cálculo,SI
4896,LEGACY-4896,DNI faltante,SI
4897,25972-24,DNI faltante,SI
4898,05734-2021,DNI faltante,SI
4898,05734-2021,Total no coincide con cálculo,SI
4898,05734-2021,Subtotal no coincide con cálculo,SI
4899,05734-2021,DNI faltante,SI
4899,05734-2021,Total no coincide con cálculo,SI
4899,05734-2021,Subtotal no coincide con cálculo,SI
4901,24337,DNI faltante,SI
4901,24337,Total no coincide con cálculo,SI
4901,24337,Subtotal no coincide con cálculo,SI
4902,LEGACY-4902,DNI faltante,SI
4903,LEGACY-4903,DNI faltante,SI
4904,53-2024,Total no coincide con cálculo,SI
4904,53-2024,Subtotal no coincide con cálculo,SI
4906,101472-24,DNI faltante,SI
4906,101472-24,Total no coincide con cálculo,SI
4906,101472-24,Subtotal no coincide con cálculo,SI
4907,4814,DNI faltante,SI
4909,LEGACY-4909,DNI faltante,SI
4911,6821-2024,DNI faltante,SI
4912,15386-23,DNI faltante,SI
4912,15386-23,Total no coincide con cálculo,SI
4912,15386-23,Subtotal no coincide con cálculo,SI
4913,15386-23,DNI faltante,SI
4913,15386-23,Total no coincide con cálculo,SI
4913,15386-23,Subtotal no coincide con cálculo,SI
4914,15386-23,DNI faltante,SI
4914,15386-23,Total no coincide con cálculo,SI
4914,15386-23,Subtotal no coincide con cálculo,SI
4915,3124-2024,DNI faltante,SI
4916,2114-2024,DNI faltante,SI
4916,2114-2024,Total no coincide con cálculo,SI
4916,2114-2024,Subtotal no coincide con cálculo,SI
4917,112413-24,Total no coincide con cálculo,SI
4917,112413-24,Subtotal no coincide con cálculo,SI
4918,6246-2023,DNI faltante,SI
4918,6246-2023,Total no coincide con cálculo,SI
4918,6246-2023,Subtotal no coincide con cálculo,SI
4919,128896-23,Total no coincide con cálculo,SI
4919,128896-23,Subtotal no coincide con cálculo,SI
4920,LEGACY-4920,DNI faltante,SI
4921,LEGACY-4921,DNI faltante,SI
4922,7207,DNI faltante,SI
4922,7207,Total no coincide con cálculo,SI
4922,7207,Subtotal no coincide con cálculo,SI
4923,4551-2024,DNI faltante,SI
4924,LEGACY-4924,DNI faltante,SI
4925,4515-2024,DNI faltante,SI
4925,4515-2024,Total no coincide con cálculo,SI
4925,4515-2024,Subtotal no coincide con cálculo,SI
4927,34362-24,Total no coincide con cálculo,SI
4927,34362-24,Subtotal no coincide con cálculo,SI
4929,120902-23,DNI faltante,SI
4929,120902-23,Total no coincide con cálculo,SI
4929,120902-23,Subtotal no coincide con cálculo,SI
4930,7856-2024,DNI faltante,SI
4930,7856-2024,Total no coincide con cálculo,SI
4930,7856-2024,Subtotal no coincide con cálculo,SI
4931,335-2024,DNI faltante,SI
4931,335-2024,Total no coincide con cálculo,SI
4931,335-2024,Subtotal no coincide con cálculo,SI
4932,335-2024,DNI faltante,SI
4932,335-2024,Total no coincide con cálculo,SI
4932,335-2024,Subtotal no coincide con cálculo,SI
4933,LEGACY-4933,DNI faltante,SI
4934,4426-2024,DNI faltante,SI
4934,4426-2024,Total no coincide con cálculo,SI
4934,4426-2024,Subtotal no coincide con cálculo,SI
4935,E-7191-24,DNI faltante,SI
4936,LEGACY-4936,DNI faltante,SI
4938,13192-24,DNI faltante,SI
4938,13192-24,Total no coincide con cálculo,SI
4938,13192-24,Subtotal no coincide con cálculo,SI
4939,LEGACY-4939,DNI faltante,SI
4940,LEGACY-4940,DNI faltante,SI
4942,LEGACY-4942,DNI faltante,SI
4943,LEGACY-4943,DNI faltante,SI
4944,LEGACY-4944,DNI faltante,SI
4945,8113-2024,DNI faltante,SI
4948,,ERROR: RAZONSOCIAL/NOMBRE is empty,NO
4949,9310-2023,DNI faltante,SI
4949,9310-2023,Total no coincide con cálculo,SI
4949,9310-2023,Subtotal no coincide con cálculo,SI
4950,LEGACY-4950,Total no coincide con cálculo,SI
4950,LEGACY-4950,Subtotal no coincide con cálculo,SI
4951,146855-23,DNI faltante,SI
4951,146855-23,Total no coincide con cálculo,SI
4951,146855-23,Subtotal no coincide con cálculo,SI
4952,LEGACY-4952,DNI faltante,SI
4954,6391-2024,DNI faltante,SI
4956,5903-23,DNI faltante,SI
4956,5903-23,Total no coincide con cálculo,SI
4956,5903-23,Subtotal no coincide con cálculo,SI
4957,5903-23,DNI faltante,SI
4957,5903-23,Total no coincide con cálculo,SI
4957,5903-23,Subtotal no coincide con cálculo,SI
4959,23987,Total no coincide con cálculo,SI
4959,23987,Subtotal no coincide con cálculo,SI
4960,4950-2024,DNI faltante,SI
4960,4950-2024,Total no coincide con cálculo,SI
4960,4950-2024,Subtotal no coincide con cálculo,SI
4961,27615-2024,Total no coincide con cálculo,SI
4961,27615-2024,Subtotal no coincide con cálculo,SI
4962,108114-24,DNI faltante,SI
4962,108114-24,Total no coincide con cálculo,SI
4962,108114-24,Subtotal no coincide con cálculo,SI
4963,7481-2024,DNI faltante,SI
4963,7481-2024,Total no coincide con cálculo,SI
4963,7481-2024,Subtotal no coincide con cálculo,SI
4964,4077-2023,DNI faltante,SI
4964,4077-2023,Total no coincide con cálculo,SI
4964,4077-2023,Subtotal no coincide con cálculo,SI
4965,67667-23,DNI faltante,SI
4965,67667-23,Total no coincide con cálculo,SI
4965,67667-23,Subtotal no coincide con cálculo,SI
4966,,ERROR: RAZONSOCIAL/NOMBRE is empty,NO
4967,LEGACY-4967,DNI faltante,SI
4968,LEGACY-4968,DNI faltante,SI
4968,LEGACY-4968,CodPago faltante,SI
4968,LEGACY-4968,Total no coincide con cálculo,SI
4968,LEGACY-4968,Subtotal no coincide con cálculo,SI
4970,103871,DNI faltante,SI
4971,LEGACY-4971,DNI faltante,SI
4973,4244-25,DNI faltante,SI
4976,15490-22,DNI faltante,SI
4976,15490-22,Total no coincide con cálculo,SI
4976,15490-22,Subtotal no coincide con cálculo,SI
4977,16160-22,Total no coincide con cálculo,SI
4977,16160-22,Subtotal no coincide con cálculo,SI
4978,1723-2024,DNI faltante,SI
4978,1723-2024,NROREV anómalo: 9,SI
4978,1723-2024,Total no coincide con cálculo,SI
4978,1723-2024,Subtotal no coincide con cálculo,SI
4979,1723-2024,DNI faltante,SI
4979,1723-2024,NROREV anómalo: 7,SI
4979,1723-2024,Total no coincide con cálculo,SI
4979,1723-2024,Subtotal no coincide con cálculo,SI
4980,1723-2024,DNI faltante,SI
4980,1723-2024,Total no coincide con cálculo,SI
4980,1723-2024,Subtotal no coincide con cálculo,SI
4981,102496-24,DNI faltante,SI
4981,102496-24,Total no coincide con cálculo,SI
4981,102496-24,Subtotal no coincide con cálculo,SI
4982,05488-24,Total no coincide con cálculo,SI
4982,05488-24,Subtotal no coincide con cálculo,SI
4983,E-1994-21,DNI faltante,SI
4983,E-1994-21,NROREV anómalo: 7,SI
4983,E-1994-21,Total no coincide con cálculo,SI
4983,E-1994-21,Subtotal no coincide con cálculo,SI
4984,E-1994-21,DNI faltante,SI
4984,E-1994-21,Total no coincide con cálculo,SI
4984,E-1994-21,Subtotal no coincide con cálculo,SI
4985,E-1994-21,DNI faltante,SI
4985,E-1994-21,Total no coincide con cálculo,SI
4985,E-1994-21,Subtotal no coincide con cálculo,SI
4987,LEGACY-4987,DNI faltante,SI
4988,18223-2023,DNI faltante,SI
4988,18223-2023,Total no coincide con cálculo,SI
4988,18223-2023,Subtotal no coincide con cálculo,SI
4989,111712-24,DNI faltante,SI
4990,LEGACY-4990,DNI faltante,SI
4990,LEGACY-4990,Total no coincide con cálculo,SI
4990,LEGACY-4990,Subtotal no coincide con cálculo,SI
4991,104064-23,DNI faltante,SI
4991,104064-23,Total no coincide con cálculo,SI
4991,104064-23,Subtotal no coincide con cálculo,SI
4992,4561-2024,DNI faltante,SI
4992,4561-2024,Total no coincide con cálculo,SI
4992,4561-2024,Subtotal no coincide con cálculo,SI
4993,102279-24,Total no coincide con cálculo,SI
4993,102279-24,Subtotal no coincide con cálculo,SI
4994,102-2023,Total no coincide con cálculo,SI
4994,102-2023,Subtotal no coincide con cálculo,SI
4995,102-2023,Total no coincide con cálculo,SI
4995,102-2023,Subtotal no coincide con cálculo,SI
4996,102-2023,Total no coincide con cálculo,SI
4996,102-2023,Subtotal no coincide con cálculo,SI
4997,111198,Total no coincide con cálculo,SI
4997,111198,Subtotal no coincide con cálculo,SI
4998,7966-2022,Total no coincide con cálculo,SI
4998,7966-2022,Subtotal no coincide con cálculo,SI
4999,608-2021,DNI faltante,SI
4999,608-2021,Total no coincide con cálculo,SI
4999,608-2021,Subtotal no coincide con cálculo,SI
5000,111235-24,DNI faltante,SI
5000,111235-24,Total no coincide con cálculo,SI
5001,LEGACY-5001,DNI faltante,SI
5002,LEGACY-5002,DNI faltante,SI
5003,107-2023,DNI faltante,SI
5003,107-2023,Total no coincide con cálculo,SI
5003,107-2023,Subtotal no coincide con cálculo,SI
5004,LEGACY-5004,DNI faltante,SI
5006,13723-24,DNI faltante,SI
5006,13723-24,Total no coincide con cálculo,SI
5006,13723-24,Subtotal no coincide con cálculo,SI
5007,18063-23,Total no coincide con cálculo,SI
5007,18063-23,Subtotal no coincide con cálculo,SI
5008,18063-23,Total no coincide con cálculo,SI
5008,18063-23,Subtotal no coincide con cálculo,SI
5009,18063-23,Total no coincide con cálculo,SI
5009,18063-23,Subtotal no coincide con cálculo,SI
5010,LEGACY-5010,DNI faltante,SI
5011,2936-2024,DNI faltante,SI
5012,4320,DNI faltante,SI
5014,1114-2023,Total no coincide con cálculo,SI
5014,1114-2023,Subtotal no coincide con cálculo,SI
5017,19415-2023,DNI faltante,SI
5017,19415-2023,Total no coincide con cálculo,SI
5017,19415-2023,Subtotal no coincide con cálculo,SI
5018,19415-2023,DNI faltante,SI
5018,19415-2023,Total no coincide con cálculo,SI
5018,19415-2023,Subtotal no coincide con cálculo,SI
5019,LEGACY-5019,DNI faltante,SI
5019,LEGACY-5019,Total no coincide con cálculo,SI
5020,LEGACY-5020,DNI faltante,SI
5020,LEGACY-5020,Total no coincide con cálculo,SI
5021,,ERROR: RAZONSOCIAL/NOMBRE is empty,NO
5022,,ERROR: RAZONSOCIAL/NOMBRE is empty,NO
5023,,ERROR: RAZONSOCIAL/NOMBRE is empty,NO
5024,4064-2024,DNI faltante,SI
5028,4118-2024,DNI faltante,SI
5029,LEGACY-5029,DNI faltante,SI
5030,LEGACY-5030,DNI faltante,SI
5031,2063-2023,DNI faltante,SI
5031,2063-2023,Total no coincide con cálculo,SI
5031,2063-2023,Subtotal no coincide con cálculo,SI
5032,3990-2024,DNI faltante,SI
5033,,ERROR: RAZONSOCIAL/NOMBRE is empty,NO
5034,24303,DNI faltante,SI
5035,1153-2024,DNI faltante,SI
5035,1153-2024,Total no coincide con cálculo,SI
5035,1153-2024,Subtotal no coincide con cálculo,SI
5036,LEGACY-5036,DNI faltante,SI
5036,LEGACY-5036,Total no coincide con cálculo,SI
5036,LEGACY-5036,Subtotal no coincide con cálculo,SI
5037,LEGACY-5037,DNI faltante,SI
5037,LEGACY-5037,Total no coincide con cálculo,SI
5037,LEGACY-5037,Subtotal no coincide con cálculo,SI
5038,25268-2023,DNI faltante,SI
5038,25268-2023,Total no coincide con cálculo,SI
5038,25268-2023,Subtotal no coincide con cálculo,SI
5039,4125-2024,DNI faltante,SI
5040,7779-2024,DNI faltante,SI
5040,7779-2024,Total no coincide con cálculo,SI
5040,7779-2024,Subtotal no coincide con cálculo,SI
5041,18020-2023,DNI faltante,SI
5041,18020-2023,Total no coincide con cálculo,SI
5041,18020-2023,Subtotal no coincide con cálculo,SI
5042,096695-24,DNI faltante,SI
5043,9572-2024,DNI faltante,SI
5043,9572-2024,Total no coincide con cálculo,SI
5043,9572-2024,Subtotal no coincide con cálculo,SI
5044,98783-24,DNI faltante,SI
5045,5127-2024,DNI faltante,SI
5045,5127-2024,Total no coincide con cálculo,SI
5045,5127-2024,Subtotal no coincide con cálculo,SI
5046,1935-2024,DNI faltante,SI
5047,3880-2024,DNI faltante,SI
5048,11105-24,DNI faltante,SI
5049,1427-2024,DNI faltante,SI
5049,1427-2024,Total no coincide con cálculo,SI
5049,1427-2024,Subtotal no coincide con cálculo,SI
5050,5839-2024,DNI faltante,SI
5052,01007-2024,DNI faltante,SI
5052,01007-2024,Total no coincide con cálculo,SI
5052,01007-2024,Subtotal no coincide con cálculo,SI
5053,LEGACY-5053,Total no coincide con cálculo,SI
5053,LEGACY-5053,Subtotal no coincide con cálculo,SI
5054,LEGACY-5054,Total no coincide con cálculo,SI
5054,LEGACY-5054,Subtotal no coincide con cálculo,SI
5055,14829-24,DNI faltante,SI
5055,14829-24,Total no coincide con cálculo,SI
5055,14829-24,Subtotal no coincide con cálculo,SI
5056,12240-2023,DNI faltante,SI
5056,12240-2023,Total no coincide con cálculo,SI
5056,12240-2023,Subtotal no coincide con cálculo,SI
5057,12240-2023,DNI faltante,SI
5057,12240-2023,Total no coincide con cálculo,SI
5057,12240-2023,Subtotal no coincide con cálculo,SI
5058,,ERROR: RAZONSOCIAL/NOMBRE is empty,NO
5059,6399-24,DNI faltante,SI
5060,4164-2024,DNI faltante,SI
5060,4164-2024,Total no coincide con cálculo,SI
5060,4164-2024,Subtotal no coincide con cálculo,SI
5061,104884-24,DNI faltante,SI
5062,LEGACY-5062,DNI faltante,SI
5063,LEGACY-5063,DNI faltante,SI
5063,LEGACY-5063,Total no coincide con cálculo,SI
5063,LEGACY-5063,Subtotal no coincide con cálculo,SI
5064,113606-24,DNI faltante,SI
5064,113606-24,Total no coincide con cálculo,SI
5064,113606-24,Subtotal no coincide con cálculo,SI
5066,LEGACY-5066,DNI faltante,SI
5066,LEGACY-5066,Total no coincide con cálculo,SI
5066,LEGACY-5066,Subtotal no coincide con cálculo,SI
5067,E-2086-24,DNI faltante,SI
5067,E-2086-24,Total no coincide con cálculo,SI
5067,E-2086-24,Subtotal no coincide con cálculo,SI
5068,E-2086-24,DNI faltante,SI
5068,E-2086-24,Total no coincide con cálculo,SI
5068,E-2086-24,Subtotal no coincide con cálculo,SI
5069,7142-24,DNI faltante,SI
5069,7142-24,Total no coincide con cálculo,SI
5069,7142-24,Subtotal no coincide con cálculo,SI
5070,220811-25,DNI faltante,SI
5071,16035,DNI faltante,SI
5071,16035,Total no coincide con cálculo,SI
5071,16035,Subtotal no coincide con cálculo,SI
5072,3861-2024,DNI faltante,SI
5073,11490-2024,DNI faltante,SI
5074,LEGACY-5074,DNI faltante,SI
5075,2691-2022,DNI faltante,SI
5075,2691-2022,Total no coincide con cálculo,SI
5075,2691-2022,Subtotal no coincide con cálculo,SI
5076,LEGACY-5076,Total no coincide con cálculo,SI
5076,LEGACY-5076,Subtotal no coincide con cálculo,SI
5077,1400-24,DNI faltante,SI
5077,1400-24,Total no coincide con cálculo,SI
5077,1400-24,Subtotal no coincide con cálculo,SI
5081,30822-24,DNI faltante,SI
5082,LEGACY-5082,DNI faltante,SI
5082,LEGACY-5082,Total no coincide con cálculo,SI
5082,LEGACY-5082,Subtotal no coincide con cálculo,SI
5083,351428,DNI faltante,SI
5083,351428,Total no coincide con cálculo,SI
5083,351428,Subtotal no coincide con cálculo,SI
5084,LEGACY-5084,DNI faltante,SI
5085,5811-2024,DNI faltante,SI
5086,06177-24,DNI faltante,SI
5086,06177-24,Total no coincide con cálculo,SI
5086,06177-24,Subtotal no coincide con cálculo,SI
5087,9515-24,Total no coincide con cálculo,SI
5087,9515-24,Subtotal no coincide con cálculo,SI
5088,01406-24,Total no coincide con cálculo,SI
5088,01406-24,Subtotal no coincide con cálculo,SI
5089,LEGACY-5089,DNI faltante,SI
5090,6549-24,DNI faltante,SI
5090,6549-24,Total no coincide con cálculo,SI
5090,6549-24,Subtotal no coincide con cálculo,SI
5091,100619-24,DNI faltante,SI
5091,100619-24,Total no coincide con cálculo,SI
5091,100619-24,Subtotal no coincide con cálculo,SI
5092,1794-25,DNI faltante,SI
5092,1794-25,Total no coincide con cálculo,SI
5092,1794-25,Subtotal no coincide con cálculo,SI
5093,9061-23,DNI faltante,SI
5094,E15269-24,DNI faltante,SI
5094,E15269-24,Total no coincide con cálculo,SI
5094,E15269-24,Subtotal no coincide con cálculo,SI
5095,LEGACY-5095,DNI faltante,SI
5096,109963-24,DNI faltante,SI
5096,109963-24,Total no coincide con cálculo,SI
5097,LEGACY-5097,Total no coincide con cálculo,SI
5097,LEGACY-5097,Subtotal no coincide con cálculo,SI
5098,LEGACY-5098,Total no coincide con cálculo,SI
5098,LEGACY-5098,Subtotal no coincide con cálculo,SI
5099,87179,DNI faltante,SI
5100,LEGACY-5100,Total no coincide con cálculo,SI
5100,LEGACY-5100,Subtotal no coincide con cálculo,SI
5101,LEGACY-5101,DNI faltante,SI
5102,109952-24,DNI faltante,SI
5103,16160-22,Total no coincide con cálculo,SI
5103,16160-22,Subtotal no coincide con cálculo,SI
5104,16160-22,Total no coincide con cálculo,SI
5104,16160-22,Subtotal no coincide con cálculo,SI
5105,20734-23,Total no coincide con cálculo,SI
5105,20734-23,Subtotal no coincide con cálculo,SI
5106,20734-23,Total no coincide con cálculo,SI
5106,20734-23,Subtotal no coincide con cálculo,SI
5107,3594-2024,DNI faltante,SI
5108,688-2022,DNI faltante,SI
5108,688-2022,Total no coincide con cálculo,SI
5108,688-2022,Subtotal no coincide con cálculo,SI
5109,688-2022,DNI faltante,SI
5109,688-2022,Total no coincide con cálculo,SI
5109,688-2022,Subtotal no coincide con cálculo,SI
5110,LEGACY-5110,DNI faltante,SI
5112,66232-2023,DNI faltante,SI
5112,66232-2023,Total no coincide con cálculo,SI
5112,66232-2023,Subtotal no coincide con cálculo,SI
5113,66232-2023,DNI faltante,SI
5113,66232-2023,Total no coincide con cálculo,SI
5113,66232-2023,Subtotal no coincide con cálculo,SI
5114,66232-2023,DNI faltante,SI
5114,66232-2023,Total no coincide con cálculo,SI
5114,66232-2023,Subtotal no coincide con cálculo,SI
5115,69997-2023,DNI faltante,SI
5115,69997-2023,Total no coincide con cálculo,SI
5115,69997-2023,Subtotal no coincide con cálculo,SI
5116,260-2024,DNI faltante,SI
5116,260-2024,Total no coincide con cálculo,SI
5116,260-2024,Subtotal no coincide con cálculo,SI
5117,LEGACY-5117,DNI faltante,SI
5119,6838-2024,DNI faltante,SI
5119,6838-2024,Total no coincide con cálculo,SI
5120,3058-2024,DNI faltante,SI
5120,3058-2024,Total no coincide con cálculo,SI
5120,3058-2024,Subtotal no coincide con cálculo,SI
5121,LEGACY-5121,DNI faltante,SI
5122,6782-2023,DNI faltante,SI
5122,6782-2023,Total no coincide con cálculo,SI
5122,6782-2023,Subtotal no coincide con cálculo,SI
5123,25306-2023,DNI faltante,SI
5123,25306-2023,Total no coincide con cálculo,SI
5123,25306-2023,Subtotal no coincide con cálculo,SI
5124,10503-2024,DNI faltante,SI
5128,3528-2024,DNI faltante,SI
5129,1723-2024,DNI faltante,SI
5129,1723-2024,Total no coincide con cálculo,SI
5129,1723-2024,Subtotal no coincide con cálculo,SI
5130,15490-22,DNI faltante,SI
5130,15490-22,Total no coincide con cálculo,SI
5130,15490-22,Subtotal no coincide con cálculo,SI
5131,10532-23,DNI faltante,SI
5131,10532-23,Total no coincide con cálculo,SI
5131,10532-23,Subtotal no coincide con cálculo,SI
5132,112853-24,DNI faltante,SI
5133,3680-24,DNI faltante,SI
5134,14137-15,DNI faltante,SI
5134,14137-15,Total no coincide con cálculo,SI
5134,14137-15,Subtotal no coincide con cálculo,SI
5136,499-2020,Total no coincide con cálculo,SI
5136,499-2020,Subtotal no coincide con cálculo,SI
5137,28810-23,DNI faltante,SI
5137,28810-23,Total no coincide con cálculo,SI
5137,28810-23,Subtotal no coincide con cálculo,SI
5138,5408-2023,Total no coincide con cálculo,SI
5138,5408-2023,Subtotal no coincide con cálculo,SI
5139,10377-24,DNI faltante,SI
5139,10377-24,Total no coincide con cálculo,SI
5139,10377-24,Subtotal no coincide con cálculo,SI
5140,LEGACY-5140,DNI faltante,SI
5140,LEGACY-5140,Total no coincide con cálculo,SI
5140,LEGACY-5140,Subtotal no coincide con cálculo,SI
5141,120551-23,DNI faltante,SI
5141,120551-23,Total no coincide con cálculo,SI
5141,120551-23,Subtotal no coincide con cálculo,SI
5142,120551-23,DNI faltante,SI
5142,120551-23,Total no coincide con cálculo,SI
5142,120551-23,Subtotal no coincide con cálculo,SI
5143,120551-23,DNI faltante,SI
5143,120551-23,Total no coincide con cálculo,SI
5143,120551-23,Subtotal no coincide con cálculo,SI
5145,960-2024,DNI faltante,SI
5145,960-2024,Total no coincide con cálculo,SI
5145,960-2024,Subtotal no coincide con cálculo,SI
5146,4852-2024,DNI faltante,SI
5147,LEGACY-5147,DNI faltante,SI
5148,19254,DNI faltante,SI
5148,19254,Total no coincide con cálculo,SI
5148,19254,Subtotal no coincide con cálculo,SI
5149,5221-2023,DNI faltante,SI
5149,5221-2023,Total no coincide con cálculo,SI
5149,5221-2023,Subtotal no coincide con cálculo,SI
5150,6782-2023,DNI faltante,SI
5150,6782-2023,Total no coincide con cálculo,SI
5150,6782-2023,Subtotal no coincide con cálculo,SI
5151,109188-24,DNI faltante,SI
5152,11107-2023,DNI faltante,SI
5153,LEGACY-5153,DNI faltante,SI
5154,4609-2024,DNI faltante,SI
5155,08330-2024,DNI faltante,SI
5155,08330-2024,Total no coincide con cálculo,SI
5155,08330-2024,Subtotal no coincide con cálculo,SI
5157,9933-2024,DNI faltante,SI
5157,9933-2024,Total no coincide con cálculo,SI
5157,9933-2024,Subtotal no coincide con cálculo,SI
5158,218-2023,DNI faltante,SI
5158,218-2023,Total no coincide con cálculo,SI
5158,218-2023,Subtotal no coincide con cálculo,SI
5159,218-2023,DNI faltante,SI
5159,218-2023,Total no coincide con cálculo,SI
5159,218-2023,Subtotal no coincide con cálculo,SI
5160,218-2023,DNI faltante,SI
5160,218-2023,Total no coincide con cálculo,SI
5160,218-2023,Subtotal no coincide con cálculo,SI
5161,E012403204,DNI faltante,SI
5161,E012403204,Total no coincide con cálculo,SI
5161,E012403204,Subtotal no coincide con cálculo,SI
5162,14249-24,DNI faltante,SI
5164,3230-2024,DNI faltante,SI
5166,2821-2024,DNI faltante,SI
5166,2821-2024,Total no coincide con cálculo,SI
5166,2821-2024,Subtotal no coincide con cálculo,SI
5167,5839-2024,DNI faltante,SI
5169,2831-24,DNI faltante,SI
5169,2831-24,Total no coincide con cálculo,SI
5169,2831-24,Subtotal no coincide con cálculo,SI
5171,7787-2024,Total no coincide con cálculo,SI
5171,7787-2024,Subtotal no coincide con cálculo,SI
5172,LEGACY-5172,DNI faltante,SI
5173,4754-24,DNI faltante,SI
5174,LEGACY-5174,DNI faltante,SI
5175,LEGACY-5175,DNI faltante,SI
5176,1-02022-18,DNI faltante,SI
5176,1-02022-18,Total no coincide con cálculo,SI
5176,1-02022-18,Subtotal no coincide con cálculo,SI
5177,24266,Total no coincide con cálculo,SI
5177,24266,Subtotal no coincide con cálculo,SI
5178,LEGACY-5178,DNI faltante,SI
5178,LEGACY-5178,Porcentaje no coincide con cálculo,SI
5179,27765-23,DNI faltante,SI
5179,27765-23,Total no coincide con cálculo,SI
5179,27765-23,Subtotal no coincide con cálculo,SI
5180,2698-23,DNI faltante,SI
5180,2698-23,Total no coincide con cálculo,SI
5180,2698-23,Subtotal no coincide con cálculo,SI
5181,8921-2023,Total no coincide con cálculo,SI
5181,8921-2023,Subtotal no coincide con cálculo,SI
5182,8921-2023,Total no coincide con cálculo,SI
5182,8921-2023,Subtotal no coincide con cálculo,SI
5183,8921-2023,Total no coincide con cálculo,SI
5183,8921-2023,Subtotal no coincide con cálculo,SI
5186,3120-2024,DNI faltante,SI
5186,3120-2024,Total no coincide con cálculo,SI
5186,3120-2024,Subtotal no coincide con cálculo,SI
5187,5582-2024,DNI faltante,SI
5187,5582-2024,Total no coincide con cálculo,SI
5187,5582-2024,Subtotal no coincide con cálculo,SI
5188,5582-24,DNI faltante,SI
5188,5582-24,Total no coincide con cálculo,SI
5188,5582-24,Subtotal no coincide con cálculo,SI
5189,5582-2024,DNI faltante,SI
5189,5582-2024,Total no coincide con cálculo,SI
5189,5582-2024,Subtotal no coincide con cálculo,SI
5190,E-14266-24,DNI faltante,SI
5191,5931-2023,DNI faltante,SI
5191,5931-2023,Total no coincide con cálculo,SI
5191,5931-2023,Subtotal no coincide con cálculo,SI
5192,3335-2024,DNI faltante,SI
5193,LEGACY-5193,Total no coincide con cálculo,SI
5193,LEGACY-5193,Subtotal no coincide con cálculo,SI
5194,1286-2024,DNI faltante,SI
5194,1286-2024,Total no coincide con cálculo,SI
5194,1286-2024,Subtotal no coincide con cálculo,SI
5195,LEGACY-5195,DNI faltante,SI
5196,LEGACY-5196,DNI faltante,SI
5197,LEGACY-5197,DNI faltante,SI
5198,13329-24,DNI faltante,SI
5198,13329-24,Total no coincide con cálculo,SI
5198,13329-24,Subtotal no coincide con cálculo,SI
5199,123090-23,DNI faltante,SI
5199,123090-23,Total no coincide con cálculo,SI
5199,123090-23,Subtotal no coincide con cálculo,SI
5200,702771-24,DNI faltante,SI
5201,793-2021,DNI faltante,SI
5201,793-2021,Total no coincide con cálculo,SI
5201,793-2021,Subtotal no coincide con cálculo,SI
5202,109701-24,DNI faltante,SI
5202,109701-24,Total no coincide con cálculo,SI
5202,109701-24,Subtotal no coincide con cálculo,SI
5203,7517-2022,DNI faltante,SI
5203,7517-2022,Total no coincide con cálculo,SI
5203,7517-2022,Subtotal no coincide con cálculo,SI
5204,7517-2022,DNI faltante,SI
5204,7517-2022,Total no coincide con cálculo,SI
5204,7517-2022,Subtotal no coincide con cálculo,SI
5205,7517-2022,DNI faltante,SI
5205,7517-2022,Total no coincide con cálculo,SI
5205,7517-2022,Subtotal no coincide con cálculo,SI
5206,2991-2024,DNI faltante,SI
5206,2991-2024,Total no coincide con cálculo,SI
5206,2991-2024,Subtotal no coincide con cálculo,SI
5207,2991-2024,DNI faltante,SI
5207,2991-2024,Total no coincide con cálculo,SI
5207,2991-2024,Subtotal no coincide con cálculo,SI
5208,2991-2024,DNI faltante,SI
5208,2991-2024,Total no coincide con cálculo,SI
5208,2991-2024,Subtotal no coincide con cálculo,SI
5209,458-2024,DNI faltante,SI
5209,458-2024,Total no coincide con cálculo,SI
5209,458-2024,Subtotal no coincide con cálculo,SI
5210,LEGACY-5210,DNI faltante,SI
5211,4202-2020,Total no coincide con cálculo,SI
5211,4202-2020,Subtotal no coincide con cálculo,SI
5212,125180-23,DNI faltante,SI
5212,125180-23,Total no coincide con cálculo,SI
5212,125180-23,Subtotal no coincide con cálculo,SI
5213,LEGACY-5213,DNI faltante,SI
5213,LEGACY-5213,Total no coincide con cálculo,SI
5213,LEGACY-5213,Subtotal no coincide con cálculo,SI
5214,LEGACY-5214,DNI faltante,SI
5215,3456-2024,DNI faltante,SI
5216,101498-24,DNI faltante,SI
5216,101498-24,Total no coincide con cálculo,SI
5216,101498-24,Subtotal no coincide con cálculo,SI
5217,7681,Total no coincide con cálculo,SI
5217,7681,Subtotal no coincide con cálculo,SI
5219,66232-2023,DNI faltante,SI
5219,66232-2023,Total no coincide con cálculo,SI
5219,66232-2023,Subtotal no coincide con cálculo,SI
5220,306-2024,DNI faltante,SI
5220,306-2024,Total no coincide con cálculo,SI
5220,306-2024,Subtotal no coincide con cálculo,SI
5221,21581,DNI faltante,SI
5222,LEGACY-5222,DNI faltante,SI
5222,LEGACY-5222,Total no coincide con cálculo,SI
5222,LEGACY-5222,Subtotal no coincide con cálculo,SI
5224,7031-2024,DNI faltante,SI
5224,7031-2024,Total no coincide con cálculo,SI
5224,7031-2024,Subtotal no coincide con cálculo,SI
5225,LEGACY-5225,DNI faltante,SI
5225,LEGACY-5225,Total no coincide con cálculo,SI
5225,LEGACY-5225,Subtotal no coincide con cálculo,SI
5226,26426-23,DNI faltante,SI
5226,26426-23,Total no coincide con cálculo,SI
5226,26426-23,Subtotal no coincide con cálculo,SI
5227,3058-2024,DNI faltante,SI
5227,3058-2024,Total no coincide con cálculo,SI
5227,3058-2024,Subtotal no coincide con cálculo,SI
5228,3058-24,DNI faltante,SI
5228,3058-24,Total no coincide con cálculo,SI
5228,3058-24,Subtotal no coincide con cálculo,SI
5229,LEGACY-5229,DNI faltante,SI
5229,LEGACY-5229,Total no coincide con cálculo,SI
5230,2874-2024,DNI faltante,SI
5231,7167-2024,DNI faltante,SI
5232,6074-2022,DNI faltante,SI
5232,6074-2022,Total no coincide con cálculo,SI
5232,6074-2022,Subtotal no coincide con cálculo,SI
5233,11694-16,Total no coincide con cálculo,SI
5233,11694-16,Subtotal no coincide con cálculo,SI
5234,11694-16,Total no coincide con cálculo,SI
5234,11694-16,Subtotal no coincide con cálculo,SI
5235,11694-16,Total no coincide con cálculo,SI
5235,11694-16,Subtotal no coincide con cálculo,SI
5236,65955-23,Total no coincide con cálculo,SI
5236,65955-23,Subtotal no coincide con cálculo,SI
5237,65955-23,Total no coincide con cálculo,SI
5237,65955-23,Subtotal no coincide con cálculo,SI
5238,LEGACY-5238,DNI faltante,SI
5240,3232-2024,DNI faltante,SI
5241,LEGACY-5241,DNI faltante,SI
5242,LEGACY-5242,DNI faltante,SI
5243,LEGACY-5243,DNI faltante,SI
5246,8361-23,DNI faltante,SI
5247,3880-2024,DNI faltante,SI
5248,7135-2024,DNI faltante,SI
5249,3399-24,DNI faltante,SI
5249,3399-24,Total no coincide con cálculo,SI
5249,3399-24,Subtotal no coincide con cálculo,SI
5251,4279-2023,DNI faltante,SI
5251,4279-2023,Total no coincide con cálculo,SI
5251,4279-2023,Subtotal no coincide con cálculo,SI
5252,LEGACY-5252,DNI faltante,SI
5252,LEGACY-5252,Total no coincide con cálculo,SI
5252,LEGACY-5252,Subtotal no coincide con cálculo,SI
5253,121999-23,DNI faltante,SI
5253,121999-23,Total no coincide con cálculo,SI
5253,121999-23,Subtotal no coincide con cálculo,SI
5254,2959-24,DNI faltante,SI
5255,116492-22,Total no coincide con cálculo,SI
5255,116492-22,Subtotal no coincide con cálculo,SI
5257,11007-2024,DNI faltante,SI
5257,11007-2024,Total no coincide con cálculo,SI
5257,11007-2024,Subtotal no coincide con cálculo,SI
5258,6740-2023,NROREV anómalo: 7,SI
5258,6740-2023,Total no coincide con cálculo,SI
5258,6740-2023,Subtotal no coincide con cálculo,SI
5259,6740-2023,Total no coincide con cálculo,SI
5259,6740-2023,Subtotal no coincide con cálculo,SI
5260,6740-2023,Total no coincide con cálculo,SI
5260,6740-2023,Subtotal no coincide con cálculo,SI
5261,36183-24,DNI faltante,SI
5265,8985-2024,DNI faltante,SI
5266,108119,DNI faltante,SI
5266,108119,Total no coincide con cálculo,SI
5266,108119,Subtotal no coincide con cálculo,SI
5269,5795-2023,DNI faltante,SI
5269,5795-2023,Total no coincide con cálculo,SI
5269,5795-2023,Subtotal no coincide con cálculo,SI
5271,2271-2023,DNI faltante,SI
5272,108114-24,DNI faltante,SI
5272,108114-24,Total no coincide con cálculo,SI
5272,108114-24,Subtotal no coincide con cálculo,SI
5273,3339-2024,Total no coincide con cálculo,SI
5273,3339-2024,Subtotal no coincide con cálculo,SI
5274,124361-23,DNI faltante,SI
5274,124361-23,Total no coincide con cálculo,SI
5274,124361-23,Subtotal no coincide con cálculo,SI
5275,18498-22,DNI faltante,SI
5275,18498-22,NROREV anómalo: 7,SI
5275,18498-22,Total no coincide con cálculo,SI
5275,18498-22,Subtotal no coincide con cálculo,SI
5276,8389-2023,DNI faltante,SI
5276,8389-2023,Total no coincide con cálculo,SI
5276,8389-2023,Subtotal no coincide con cálculo,SI
5277,LEGACY-5277,DNI faltante,SI
5278,LEGACY-5278,DNI faltante,SI
5279,108324-24,DNI faltante,SI
5280,77406-24,DNI faltante,SI
5281,8585-2019,DNI faltante,SI
5281,8585-2019,Total no coincide con cálculo,SI
5281,8585-2019,Subtotal no coincide con cálculo,SI
5282,8585-2019,DNI faltante,SI
5282,8585-2019,Total no coincide con cálculo,SI
5282,8585-2019,Subtotal no coincide con cálculo,SI
5283,8585-2019,DNI faltante,SI
5283,8585-2019,Total no coincide con cálculo,SI
5283,8585-2019,Subtotal no coincide con cálculo,SI
5284,18498-22,DNI faltante,SI
5284,18498-22,Total no coincide con cálculo,SI
5284,18498-22,Subtotal no coincide con cálculo,SI
5285,18498-22,DNI faltante,SI
5285,18498-22,Total no coincide con cálculo,SI
5285,18498-22,Subtotal no coincide con cálculo,SI
5286,2916-2024,DNI faltante,SI
5286,2916-2024,Total no coincide con cálculo,SI
5286,2916-2024,Subtotal no coincide con cálculo,SI
5287,28416-2023,DNI faltante,SI
5287,28416-2023,Total no coincide con cálculo,SI
5287,28416-2023,Subtotal no coincide con cálculo,SI
5288,2744-2024,Total no coincide con cálculo,SI
5288,2744-2024,Subtotal no coincide con cálculo,SI
5289,3011-2020,DNI faltante,SI
5289,3011-2020,Total no coincide con cálculo,SI
5289,3011-2020,Subtotal no coincide con cálculo,SI
5291,8874-2023,DNI faltante,SI
5291,8874-2023,Total no coincide con cálculo,SI
5291,8874-2023,Subtotal no coincide con cálculo,SI
5292,8874,DNI faltante,SI
5292,8874,Total no coincide con cálculo,SI
5292,8874,Subtotal no coincide con cálculo,SI
5296,8791-2023,Total no coincide con cálculo,SI
5296,8791-2023,Subtotal no coincide con cálculo,SI
5297,3990-2024,DNI faltante,SI
5298,125940-23,Total no coincide con cálculo,SI
5298,125940-23,Subtotal no coincide con cálculo,SI
5300,2537-2024,DNI faltante,SI
5300,2537-2024,Total no coincide con cálculo,SI
5300,2537-2024,Subtotal no coincide con cálculo,SI
5301,483-2024,DNI faltante,SI
5301,483-2024,Total no coincide con cálculo,SI
5301,483-2024,Subtotal no coincide con cálculo,SI
5302,107357-24,DNI faltante,SI
5304,7875-2022,Total no coincide con cálculo,SI
5304,7875-2022,Subtotal no coincide con cálculo,SI
5305,,ERROR: RAZONSOCIAL/NOMBRE is empty,NO
5306,LEGACY-5306,DNI faltante,SI
5307,1870-2024,DNI faltante,SI
5308,108591-24,DNI faltante,SI
5309,5237-2023,DNI faltante,SI
5309,5237-2023,Total no coincide con cálculo,SI
5309,5237-2023,Subtotal no coincide con cálculo,SI
5310,02486-23,DNI faltante,SI
5310,02486-23,Total no coincide con cálculo,SI
5310,02486-23,Subtotal no coincide con cálculo,SI
5311,02486-23,DNI faltante,SI
5311,02486-23,Total no coincide con cálculo,SI
5311,02486-23,Subtotal no coincide con cálculo,SI
5312,2205-2024,DNI faltante,SI
5312,2205-2024,Total no coincide con cálculo,SI
5312,2205-2024,Subtotal no coincide con cálculo,SI
5313,02486-23,DNI faltante,SI
5313,02486-23,Total no coincide con cálculo,SI
5313,02486-23,Subtotal no coincide con cálculo,SI
5314,8837-2024,DNI faltante,SI
5315,2819-2024,DNI faltante,SI
5315,2819-2024,Total no coincide con cálculo,SI
5315,2819-2024,Subtotal no coincide con cálculo,SI
5316,108376-24,Total no coincide con cálculo,SI
5316,108376-24,Subtotal no coincide con cálculo,SI
5317,107117-24,DNI faltante,SI
5318,5237-2024,DNI faltante,SI
5319,63321-23,DNI faltante,SI
5321,7779-2024,DNI faltante,SI
5322,23968,DNI faltante,SI
5322,23968,Total no coincide con cálculo,SI
5322,23968,Subtotal no coincide con cálculo,SI
5323,4077-2023,DNI faltante,SI
5323,4077-2023,Total no coincide con cálculo,SI
5323,4077-2023,Subtotal no coincide con cálculo,SI
5324,4077-2023,DNI faltante,SI
5324,4077-2023,Total no coincide con cálculo,SI
5324,4077-2023,Subtotal no coincide con cálculo,SI
5325,4077-2023,DNI faltante,SI
5325,4077-2023,Total no coincide con cálculo,SI
5325,4077-2023,Subtotal no coincide con cálculo,SI
5326,24000,Total no coincide con cálculo,SI
5326,24000,Subtotal no coincide con cálculo,SI
5327,4420-2024,DNI faltante,SI
5328,106941-24,DNI faltante,SI
5328,106941-24,Total no coincide con cálculo,SI
5328,106941-24,Subtotal no coincide con cálculo,SI
5329,LEGACY-5329,DNI faltante,SI
5329,LEGACY-5329,Total no coincide con cálculo,SI
5329,LEGACY-5329,Subtotal no coincide con cálculo,SI
5330,106941,DNI faltante,SI
5330,106941,Total no coincide con cálculo,SI
5330,106941,Subtotal no coincide con cálculo,SI
5331,,ERROR: RAZONSOCIAL/NOMBRE is empty,NO
5332,4609-2024,DNI faltante,SI
5333,06206-24,DNI faltante,SI
5333,06206-24,Total no coincide con cálculo,SI
5333,06206-24,Subtotal no coincide con cálculo,SI
5335,9126-2023,DNI faltante,SI
5335,9126-2023,Total no coincide con cálculo,SI
5335,9126-2023,Subtotal no coincide con cálculo,SI
5337,14210-23,Total no coincide con cálculo,SI
5337,14210-23,Subtotal no coincide con cálculo,SI
5338,10672-24,DNI faltante,SI
5340,70997-24,DNI faltante,SI
5340,70997-24,Total no coincide con cálculo,SI
5340,70997-24,Subtotal no coincide con cálculo,SI
5341,70997,DNI faltante,SI
5341,70997,Total no coincide con cálculo,SI
5341,70997,Subtotal no coincide con cálculo,SI
5342,54671-24,DNI faltante,SI
5342,54671-24,Total no coincide con cálculo,SI
5342,54671-24,Subtotal no coincide con cálculo,SI
5343,9765-24,DNI faltante,SI
5344,2784-2024,DNI faltante,SI
5345,19006-24,DNI faltante,SI
5346,86-2024,DNI faltante,SI
5346,86-2024,Total no coincide con cálculo,SI
5346,86-2024,Subtotal no coincide con cálculo,SI
5347,86-2024,DNI faltante,SI
5347,86-2024,Total no coincide con cálculo,SI
5347,86-2024,Subtotal no coincide con cálculo,SI
5348,106933-24,DNI faltante,SI
5349,106973-24,DNI faltante,SI
5350,16948-23,DNI faltante,SI
5350,16948-23,Total no coincide con cálculo,SI
5350,16948-23,Subtotal no coincide con cálculo,SI
5352,16106,DNI faltante,SI
5352,16106,Total no coincide con cálculo,SI
5352,16106,Subtotal no coincide con cálculo,SI
5355,LEGACY-5355,DNI faltante,SI
5356,LEGACY-5356,DNI faltante,SI
5356,LEGACY-5356,Total no coincide con cálculo,SI
5356,LEGACY-5356,Subtotal no coincide con cálculo,SI
5357,24213,DNI faltante,SI
5358,LEGACY-5358,DNI faltante,SI
5359,4010-2024,DNI faltante,SI
5361,18063-23,Total no coincide con cálculo,SI
5361,18063-23,Subtotal no coincide con cálculo,SI
5362,8075-2023,DNI faltante,SI
5362,8075-2023,Total no coincide con cálculo,SI
5362,8075-2023,Subtotal no coincide con cálculo,SI
5363,1153-2024,DNI faltante,SI
5363,1153-2024,Total no coincide con cálculo,SI
5363,1153-2024,Subtotal no coincide con cálculo,SI
5364,12319958,DNI faltante,SI
5364,12319958,Total no coincide con cálculo,SI
5364,12319958,Subtotal no coincide con cálculo,SI
5365,12319958,DNI faltante,SI
5365,12319958,Total no coincide con cálculo,SI
5365,12319958,Subtotal no coincide con cálculo,SI
5366,12319958,DNI faltante,SI
5366,12319958,Total no coincide con cálculo,SI
5366,12319958,Subtotal no coincide con cálculo,SI
5367,LEGACY-5367,DNI faltante,SI
5367,LEGACY-5367,Total no coincide con cálculo,SI
5367,LEGACY-5367,Subtotal no coincide con cálculo,SI
5368,LEGACY-5368,DNI faltante,SI
5368,LEGACY-5368,Total no coincide con cálculo,SI
5368,LEGACY-5368,Subtotal no coincide con cálculo,SI
5369,LEGACY-5369,DNI faltante,SI
5369,LEGACY-5369,Total no coincide con cálculo,SI
5369,LEGACY-5369,Subtotal no coincide con cálculo,SI
5370,4679-24,Total no coincide con cálculo,SI
5372,2032-2024,DNI faltante,SI
5373,3962-2022,DNI faltante,SI
5373,3962-2022,Total no coincide con cálculo,SI
5373,3962-2022,Subtotal no coincide con cálculo,SI
5374,118804-22,DNI faltante,SI
5374,118804-22,Total no coincide con cálculo,SI
5374,118804-22,Subtotal no coincide con cálculo,SI
5375,01743-2023,Total no coincide con cálculo,SI
5375,01743-2023,Subtotal no coincide con cálculo,SI
5376,60591-24,DNI faltante,SI
5376,60591-24,Total no coincide con cálculo,SI
5376,60591-24,Subtotal no coincide con cálculo,SI
5377,122084-21,DNI faltante,SI
5377,122084-21,Total no coincide con cálculo,SI
5377,122084-21,Subtotal no coincide con cálculo,SI
5378,122084-21,DNI faltante,SI
5378,122084-21,Total no coincide con cálculo,SI
5378,122084-21,Subtotal no coincide con cálculo,SI
5379,122084-21,DNI faltante,SI
5379,122084-21,Total no coincide con cálculo,SI
5379,122084-21,Subtotal no coincide con cálculo,SI
5380,71279-23,DNI faltante,SI
5380,71279-23,Total no coincide con cálculo,SI
5380,71279-23,Subtotal no coincide con cálculo,SI
5381,LEGACY-5381,DNI faltante,SI
5382,12842-23,DNI faltante,SI
5384,9194-2023,DNI faltante,SI
5384,9194-2023,Total no coincide con cálculo,SI
5384,9194-2023,Subtotal no coincide con cálculo,SI
5386,LEGACY-5386,DNI faltante,SI
5386,LEGACY-5386,Total no coincide con cálculo,SI
5386,LEGACY-5386,Subtotal no coincide con cálculo,SI
5387,2495-2024,DNI faltante,SI
5387,2495-2024,Total no coincide con cálculo,SI
5387,2495-2024,Subtotal no coincide con cálculo,SI
5388,71925-2023,Total no coincide con cálculo,SI
5388,71925-2023,Subtotal no coincide con cálculo,SI
5389,71925-2023,Total no coincide con cálculo,SI
5389,71925-2023,Subtotal no coincide con cálculo,SI
5390,24858-23,DNI faltante,SI
5390,24858-23,Total no coincide con cálculo,SI
5390,24858-23,Subtotal no coincide con cálculo,SI
5391,24858-23,DNI faltante,SI
5391,24858-23,Total no coincide con cálculo,SI
5391,24858-23,Subtotal no coincide con cálculo,SI
5392,06346-2024,DNI faltante,SI
5394,15753-23,DNI faltante,SI
5394,15753-23,Total no coincide con cálculo,SI
5394,15753-23,Subtotal no coincide con cálculo,SI
5396,107082-24,Total no coincide con cálculo,SI
5396,107082-24,Subtotal no coincide con cálculo,SI
5397,LEGACY-5397,DNI faltante,SI
5398,107273-23,DNI faltante,SI
5398,107273-23,Total no coincide con cálculo,SI
5398,107273-23,Subtotal no coincide con cálculo,SI
5400,5612-18,DNI faltante,SI
5400,5612-18,Total no coincide con cálculo,SI
5400,5612-18,Subtotal no coincide con cálculo,SI
5401,5578-2018,DNI faltante,SI
5401,5578-2018,Total no coincide con cálculo,SI
5401,5578-2018,Subtotal no coincide con cálculo,SI
5402,24065-24,Total no coincide con cálculo,SI
5402,24065-24,Subtotal no coincide con cálculo,SI
5403,106149-23,DNI faltante,SI
5403,106149-23,Total no coincide con cálculo,SI
5403,106149-23,Subtotal no coincide con cálculo,SI
5404,106149-23,DNI faltante,SI
5404,106149-23,Total no coincide con cálculo,SI
5404,106149-23,Subtotal no coincide con cálculo,SI
5405,106149-23,DNI faltante,SI
5405,106149-23,Total no coincide con cálculo,SI
5405,106149-23,Subtotal no coincide con cálculo,SI
5406,24858-23,DNI faltante,SI
5406,24858-23,Total no coincide con cálculo,SI
5406,24858-23,Subtotal no coincide con cálculo,SI
5407,9293-2024,DNI faltante,SI
5409,2691-2022,DNI faltante,SI
5409,2691-2022,Total no coincide con cálculo,SI
5409,2691-2022,Subtotal no coincide con cálculo,SI
5410,10368-2023,DNI faltante,SI
5410,10368-2023,Total no coincide con cálculo,SI
5410,10368-2023,Subtotal no coincide con cálculo,SI
5411,24180,DNI faltante,SI
5412,9331-2024,DNI faltante,SI
5412,9331-2024,Total no coincide con cálculo,SI
5412,9331-2024,Subtotal no coincide con cálculo,SI
5413,9202-24,DNI faltante,SI
5413,9202-24,Total no coincide con cálculo,SI
5413,9202-24,Subtotal no coincide con cálculo,SI
5414,60527-24,DNI faltante,SI
5414,60527-24,Total no coincide con cálculo,SI
5414,60527-24,Subtotal no coincide con cálculo,SI
5415,2327-2024,DNI faltante,SI
5416,188141-23,DNI faltante,SI
5416,188141-23,Total no coincide con cálculo,SI
5416,188141-23,Subtotal no coincide con cálculo,SI
5417,24178,DNI faltante,SI
5418,1610-2024,DNI faltante,SI
5419,3481-2023,DNI faltante,SI
5419,3481-2023,Total no coincide con cálculo,SI
5419,3481-2023,Subtotal no coincide con cálculo,SI
5421,24026,DNI faltante,SI
5421,24026,Total no coincide con cálculo,SI
5421,24026,Subtotal no coincide con cálculo,SI
5422,LEGACY-5422,DNI faltante,SI
5423,6997-2023,DNI faltante,SI
5423,6997-2023,Total no coincide con cálculo,SI
5423,6997-2023,Subtotal no coincide con cálculo,SI
5424,6997-2023,DNI faltante,SI
5424,6997-2023,Total no coincide con cálculo,SI
5424,6997-2023,Subtotal no coincide con cálculo,SI
5425,0525-2024,DNI faltante,SI
5426,3047-2023,DNI faltante,SI
5426,3047-2023,Total no coincide con cálculo,SI
5426,3047-2023,Subtotal no coincide con cálculo,SI
5427,56413-2023,DNI faltante,SI
5428,56413-2023,DNI faltante,SI
5430,9231-2023,DNI faltante,SI
5430,9231-2023,Total no coincide con cálculo,SI
5430,9231-2023,Subtotal no coincide con cálculo,SI
5431,9231,DNI faltante,SI
5431,9231,Total no coincide con cálculo,SI
5431,9231,Subtotal no coincide con cálculo,SI
5432,2075-2024,DNI faltante,SI
5434,LEGACY-5434,Total no coincide con cálculo,SI
5435,106440-24,DNI faltante,SI
5435,106440-24,Total no coincide con cálculo,SI
5435,106440-24,Subtotal no coincide con cálculo,SI
5436,9476-2024,DNI faltante,SI
5438,8075-2024,DNI faltante,SI
5442,53402-2023,Total no coincide con cálculo,SI
5442,53402-2023,Subtotal no coincide con cálculo,SI
5443,53402-2023,Total no coincide con cálculo,SI
5443,53402-2023,Subtotal no coincide con cálculo,SI
5444,23901,Total no coincide con cálculo,SI
5444,23901,Subtotal no coincide con cálculo,SI
5445,89582-24,DNI faltante,SI
5446,105353-24,DNI faltante,SI
5447,LEGACY-5447,DNI faltante,SI
5448,5000-24,DNI faltante,SI
5448,5000-24,Total no coincide con cálculo,SI
5449,8056-2024,DNI faltante,SI
5449,8056-2024,Total no coincide con cálculo,SI
5449,8056-2024,Subtotal no coincide con cálculo,SI
5450,343353-19,Total no coincide con cálculo,SI
5450,343353-19,Subtotal no coincide con cálculo,SI
5451,343353-19,Total no coincide con cálculo,SI
5451,343353-19,Subtotal no coincide con cálculo,SI
5452,343353-19,Total no coincide con cálculo,SI
5452,343353-19,Subtotal no coincide con cálculo,SI
5453,5041-2024,DNI faltante,SI
5454,9398-23,DNI faltante,SI
5454,9398-23,Total no coincide con cálculo,SI
5454,9398-23,Subtotal no coincide con cálculo,SI
5455,12207-2024,DNI faltante,SI
5456,1845-2024,DNI faltante,SI
5457,3227-24,DNI faltante,SI
5458,1449-2024,DNI faltante,SI
5460,104955-24,Total no coincide con cálculo,SI
5460,104955-24,Subtotal no coincide con cálculo,SI
5462,122448-23,Total no coincide con cálculo,SI
5462,122448-23,Subtotal no coincide con cálculo,SI
5463,E-1103-24,DNI faltante,SI
5464,9231-2024,DNI faltante,SI
5464,9231-2024,Total no coincide con cálculo,SI
5464,9231-2024,Subtotal no coincide con cálculo,SI
5465,1740-2024,DNI faltante,SI
5466,LEGACY-5466,DNI faltante,SI
5466,LEGACY-5466,Total no coincide con cálculo,SI
5466,LEGACY-5466,Subtotal no coincide con cálculo,SI
5467,116366-23,DNI faltante,SI
5467,116366-23,Total no coincide con cálculo,SI
5467,116366-23,Subtotal no coincide con cálculo,SI
5470,E-07904-24,DNI faltante,SI
5471,2489,DNI faltante,SI
5471,2489,Total no coincide con cálculo,SI
5471,2489,Subtotal no coincide con cálculo,SI
5472,2429-2024,DNI faltante,SI
5472,2429-2024,Total no coincide con cálculo,SI
5472,2429-2024,Subtotal no coincide con cálculo,SI
5473,2429,DNI faltante,SI
5473,2429,Total no coincide con cálculo,SI
5473,2429,Subtotal no coincide con cálculo,SI
5474,7958-2024,DNI faltante,SI
5475,LEGACY-5475,DNI faltante,SI
5476,LEGACY-5476,DNI faltante,SI
5477,LEGACY-5477,DNI faltante,SI
5481,211216-23,DNI faltante,SI
5481,211216-23,Total no coincide con cálculo,SI
5481,211216-23,Subtotal no coincide con cálculo,SI
5482,211216-23,DNI faltante,SI
5482,211216-23,Total no coincide con cálculo,SI
5482,211216-23,Subtotal no coincide con cálculo,SI
5483,04205-2024,DNI faltante,SI
5483,04205-2024,Total no coincide con cálculo,SI
5483,04205-2024,Subtotal no coincide con cálculo,SI
5485,5740-2023,Total no coincide con cálculo,SI
5485,5740-2023,Subtotal no coincide con cálculo,SI
5486,522-2021,DNI faltante,SI
5486,522-2021,Total no coincide con cálculo,SI
5486,522-2021,Subtotal no coincide con cálculo,SI
5488,7852-2024,DNI faltante,SI
5489,LEGACY-5489,DNI faltante,SI
5489,LEGACY-5489,Total no coincide con cálculo,SI
5489,LEGACY-5489,Subtotal no coincide con cálculo,SI
5490,LEGACY-5490,DNI faltante,SI
5490,LEGACY-5490,Total no coincide con cálculo,SI
5490,LEGACY-5490,Subtotal no coincide con cálculo,SI
5491,1960-2024,DNI faltante,SI
5492,4693-2022,DNI faltante,SI
5492,4693-2022,Total no coincide con cálculo,SI
5492,4693-2022,Subtotal no coincide con cálculo,SI
5493,11008-24,DNI faltante,SI
5494,2832-2024,DNI faltante,SI
5495,119139-23,Total no coincide con cálculo,SI
5495,119139-23,Subtotal no coincide con cálculo,SI
5497,LEGACY-5497,DNI faltante,SI
5498,066-2023,Total no coincide con cálculo,SI
5498,066-2023,Subtotal no coincide con cálculo,SI
5499,LEGACY-5499,DNI faltante,SI
5500,LEGACY-5500,DNI faltante,SI
5501,13329-24,DNI faltante,SI
5502,69945-22,DNI faltante,SI
5502,69945-22,Total no coincide con cálculo,SI
5502,69945-22,Subtotal no coincide con cálculo,SI
5503,10533-24,Total no coincide con cálculo,SI
5503,10533-24,Subtotal no coincide con cálculo,SI
5504,04380-24,Total no coincide con cálculo,SI
5504,04380-24,Subtotal no coincide con cálculo,SI
5505,815-2024,DNI faltante,SI
5506,LEGACY-5506,DNI faltante,SI
5507,E-1003-24,DNI faltante,SI
5507,E-1003-24,Total no coincide con cálculo,SI
5507,E-1003-24,Subtotal no coincide con cálculo,SI
5508,E-1003-23,DNI faltante,SI
5508,E-1003-23,Total no coincide con cálculo,SI
5508,E-1003-23,Subtotal no coincide con cálculo,SI
5511,LEGACY-5511,DNI faltante,SI
5513,LEGACY-5513,DNI faltante,SI
5514,16647-23,DNI faltante,SI
5515,2819-2024,DNI faltante,SI
5516,3047-2023,DNI faltante,SI
5516,3047-2023,Total no coincide con cálculo,SI
5516,3047-2023,Subtotal no coincide con cálculo,SI
5517,1536-2024,DNI faltante,SI
5517,1536-2024,Total no coincide con cálculo,SI
5518,1830-2024,Total no coincide con cálculo,SI
5518,1830-2024,Subtotal no coincide con cálculo,SI
5519,LEGACY-5519,DNI faltante,SI
5520,1177-2023,Total no coincide con cálculo,SI
5520,1177-2023,Subtotal no coincide con cálculo,SI
5521,1177-2023,Total no coincide con cálculo,SI
5521,1177-2023,Subtotal no coincide con cálculo,SI
5522,1177-2023,Total no coincide con cálculo,SI
5522,1177-2023,Subtotal no coincide con cálculo,SI
5523,05210-2021,NROREV anómalo: 7,SI
5523,05210-2021,Total no coincide con cálculo,SI
5523,05210-2021,Subtotal no coincide con cálculo,SI
5524,05210-2021,Total no coincide con cálculo,SI
5524,05210-2021,Subtotal no coincide con cálculo,SI
5525,05210-2021,Total no coincide con cálculo,SI
5525,05210-2021,Subtotal no coincide con cálculo,SI
5526,6924-2024,DNI faltante,SI
5526,6924-2024,Total no coincide con cálculo,SI
5526,6924-2024,Subtotal no coincide con cálculo,SI
5527,16484-22,DNI faltante,SI
5527,16484-22,Total no coincide con cálculo,SI
5527,16484-22,Subtotal no coincide con cálculo,SI
5528,6017-2021,DNI faltante,SI
5528,6017-2021,Total no coincide con cálculo,SI
5528,6017-2021,Subtotal no coincide con cálculo,SI
5529,0477-2024,DNI faltante,SI
5530,LEGACY-5530,DNI faltante,SI
5534,104258-24,DNI faltante,SI
5535,4983-2023,Total no coincide con cálculo,SI
5535,4983-2023,Subtotal no coincide con cálculo,SI
5539,LEGACY-5539,DNI faltante,SI
5541,1723-2024,DNI faltante,SI
5541,1723-2024,Total no coincide con cálculo,SI
5541,1723-2024,Subtotal no coincide con cálculo,SI
5542,LEGACY-5542,DNI faltante,SI
5543,LEGACY-5543,DNI faltante,SI
5544,01753-2022,Total no coincide con cálculo,SI
5544,01753-2022,Subtotal no coincide con cálculo,SI
5545,LEGACY-5545,DNI faltante,SI
5546,LEGACY-5546,DNI faltante,SI
5547,104064-23,DNI faltante,SI
5548,LEGACY-5548,Total no coincide con cálculo,SI
5548,LEGACY-5548,Subtotal no coincide con cálculo,SI
5549,3011-2020,DNI faltante,SI
5549,3011-2020,Total no coincide con cálculo,SI
5549,3011-2020,Subtotal no coincide con cálculo,SI
5550,3011-2020,DNI faltante,SI
5550,3011-2020,Total no coincide con cálculo,SI
5550,3011-2020,Subtotal no coincide con cálculo,SI
5551,10494-24,DNI faltante,SI
5552,1500-2024,Total no coincide con cálculo,SI
5553,1427-2024,DNI faltante,SI
5553,1427-2024,Total no coincide con cálculo,SI
5553,1427-2024,Subtotal no coincide con cálculo,SI
5554,13445-2023,DNI faltante,SI
5554,13445-2023,Total no coincide con cálculo,SI
5554,13445-2023,Subtotal no coincide con cálculo,SI
5555,6074-2022,DNI faltante,SI
5555,6074-2022,Total no coincide con cálculo,SI
5555,6074-2022,Subtotal no coincide con cálculo,SI
5556,6074-2022,DNI faltante,SI
5556,6074-2022,Total no coincide con cálculo,SI
5556,6074-2022,Subtotal no coincide con cálculo,SI
5557,6074-2022,DNI faltante,SI
5557,6074-2022,Total no coincide con cálculo,SI
5557,6074-2022,Subtotal no coincide con cálculo,SI
5558,036196-24,DNI faltante,SI
5559,5637-23,Total no coincide con cálculo,SI
5559,5637-23,Subtotal no coincide con cálculo,SI
5561,LEGACY-5561,DNI faltante,SI
5561,LEGACY-5561,Total no coincide con cálculo,SI
5561,LEGACY-5561,Subtotal no coincide con cálculo,SI
5562,LEGACY-5562,DNI faltante,SI
5562,LEGACY-5562,Total no coincide con cálculo,SI
5562,LEGACY-5562,Subtotal no coincide con cálculo,SI
5563,104234-24,DNI faltante,SI
5563,104234-24,Total no coincide con cálculo,SI
5563,104234-24,Subtotal no coincide con cálculo,SI
5564,LEGACY-5564,DNI faltante,SI
5564,LEGACY-5564,Total no coincide con cálculo,SI
5564,LEGACY-5564,Subtotal no coincide con cálculo,SI
5565,4668-2024,Total no coincide con cálculo,SI
5565,4668-2024,Subtotal no coincide con cálculo,SI
5566,183659-23,Total no coincide con cálculo,SI
5566,183659-23,Subtotal no coincide con cálculo,SI
5567,9398-23,DNI faltante,SI
5567,9398-23,Total no coincide con cálculo,SI
5567,9398-23,Subtotal no coincide con cálculo,SI
5568,23981,Total no coincide con cálculo,SI
5568,23981,Subtotal no coincide con cálculo,SI
5569,LEGACY-5569,DNI faltante,SI
5570,1400-2024,DNI faltante,SI
5570,1400-2024,Total no coincide con cálculo,SI
5570,1400-2024,Subtotal no coincide con cálculo,SI
5571,75653-23,Total no coincide con cálculo,SI
5571,75653-23,Subtotal no coincide con cálculo,SI
5572,004260-23,DNI faltante,SI
5573,LEGACY-5573,DNI faltante,SI
5574,06346-2024,DNI faltante,SI
5576,LEGACY-5576,DNI faltante,SI
5577,186226-23,DNI faltante,SI
5578,1379-2024,DNI faltante,SI
5579,12964-2020,DNI faltante,SI
5579,12964-2020,Total no coincide con cálculo,SI
5579,12964-2020,Subtotal no coincide con cálculo,SI
5581,0631-2024,DNI faltante,SI
5581,0631-2024,Total no coincide con cálculo,SI
5581,0631-2024,Subtotal no coincide con cálculo,SI
5582,19269-23,DNI faltante,SI
5582,19269-23,Total no coincide con cálculo,SI
5582,19269-23,Subtotal no coincide con cálculo,SI
5583,6767-2019,DNI faltante,SI
5583,6767-2019,Total no coincide con cálculo,SI
5583,6767-2019,Subtotal no coincide con cálculo,SI
5584,6767-2019,DNI faltante,SI
5584,6767-2019,Total no coincide con cálculo,SI
5584,6767-2019,Subtotal no coincide con cálculo,SI
5585,6767-2019,DNI faltante,SI
5585,6767-2019,Total no coincide con cálculo,SI
5585,6767-2019,Subtotal no coincide con cálculo,SI
5586,5127-2024,DNI faltante,SI
5588,8441-2023,DNI faltante,SI
5588,8441-2023,Total no coincide con cálculo,SI
5588,8441-2023,Subtotal no coincide con cálculo,SI
5591,1286-2024,DNI faltante,SI
5593,3705-2024,DNI faltante,SI
5593,3705-2024,Total no coincide con cálculo,SI
5594,4612-2024,Total no coincide con cálculo,SI
5594,4612-2024,Subtotal no coincide con cálculo,SI
5595,970-2021,DNI faltante,SI
5595,970-2021,Total no coincide con cálculo,SI
5595,970-2021,Subtotal no coincide con cálculo,SI
5596,E-704-2024,DNI faltante,SI
5597,22481-23,DNI faltante,SI
5597,22481-23,Total no coincide con cálculo,SI
5597,22481-23,Subtotal no coincide con cálculo,SI
5599,157861-23,DNI faltante,SI
5600,5306-2024,DNI faltante,SI
5601,124804-23,Total no coincide con cálculo,SI
5601,124804-23,Subtotal no coincide con cálculo,SI
5603,1335-2024,DNI faltante,SI
5604,6958-2022,DNI faltante,SI
5604,6958-2022,Total no coincide con cálculo,SI
5604,6958-2022,Subtotal no coincide con cálculo,SI
5605,15896-23,DNI faltante,SI
5607,9101-2023,DNI faltante,SI
5607,9101-2023,Total no coincide con cálculo,SI
5607,9101-2023,Subtotal no coincide con cálculo,SI
5609,LEGACY-5609,DNI faltante,SI
5611,2808-2024,DNI faltante,SI
5611,2808-2024,Total no coincide con cálculo,SI
5611,2808-2024,Subtotal no coincide con cálculo,SI
5613,1153-2024,DNI faltante,SI
5614,6177-2024,DNI faltante,SI
5615,041-2024,DNI faltante,SI
5616,2874-2024,DNI faltante,SI
5618,1094-2024,DNI faltante,SI
5619,1327-2024,DNI faltante,SI
5620,LEGACY-5620,DNI faltante,SI
5621,19698-24,DNI faltante,SI
5621,19698-24,Total no coincide con cálculo,SI
5621,19698-24,Subtotal no coincide con cálculo,SI
5622,LEGACY-5622,DNI faltante,SI
5623,21466-23,Total no coincide con cálculo,SI
5623,21466-23,Subtotal no coincide con cálculo,SI
5624,8075-2023,DNI faltante,SI
5625,351428,DNI faltante,SI
5625,351428,Total no coincide con cálculo,SI
5625,351428,Subtotal no coincide con cálculo,SI
5626,351428,DNI faltante,SI
5626,351428,Total no coincide con cálculo,SI
5626,351428,Subtotal no coincide con cálculo,SI
5628,19946-23,Total no coincide con cálculo,SI
5628,19946-23,Subtotal no coincide con cálculo,SI
5631,4367-2024,DNI faltante,SI
5633,8163-22,Total no coincide con cálculo,SI
5633,8163-22,Subtotal no coincide con cálculo,SI
5634,4280-2021,DNI faltante,SI
5634,4280-2021,Total no coincide con cálculo,SI
5634,4280-2021,Subtotal no coincide con cálculo,SI
5635,4280-2021,DNI faltante,SI
5635,4280-2021,Total no coincide con cálculo,SI
5635,4280-2021,Subtotal no coincide con cálculo,SI
5636,4280-2021,DNI faltante,SI
5636,4280-2021,Total no coincide con cálculo,SI
5636,4280-2021,Subtotal no coincide con cálculo,SI
5637,9442-2024,DNI faltante,SI
5637,9442-2024,Total no coincide con cálculo,SI
5637,9442-2024,Subtotal no coincide con cálculo,SI
5638,LEGACY-5638,DNI faltante,SI
5639,146855-23,DNI faltante,SI
5639,146855-23,Total no coincide con cálculo,SI
5639,146855-23,Subtotal no coincide con cálculo,SI
5640,146855-23,DNI faltante,SI
5640,146855-23,Total no coincide con cálculo,SI
5640,146855-23,Subtotal no coincide con cálculo,SI
5641,146855-23,DNI faltante,SI
5641,146855-23,Total no coincide con cálculo,SI
5641,146855-23,Subtotal no coincide con cálculo,SI
5643,5769,DNI faltante,SI
5643,5769,Total no coincide con cálculo,SI
5643,5769,Subtotal no coincide con cálculo,SI
5645,102596-24,Total no coincide con cálculo,SI
5645,102596-24,Subtotal no coincide con cálculo,SI
5649,102496-24,DNI faltante,SI
5650,7142-2024,DNI faltante,SI
5651,1559-2024,DNI faltante,SI
5652,1559-2024,DNI faltante,SI
5653,11657-23,DNI faltante,SI
5653,11657-23,Total no coincide con cálculo,SI
5653,11657-23,Subtotal no coincide con cálculo,SI
5654,4380-2024,Total no coincide con cálculo,SI
5654,4380-2024,Subtotal no coincide con cálculo,SI
5655,01007-24,DNI faltante,SI
5655,01007-24,Total no coincide con cálculo,SI
5657,6958-2022,DNI faltante,SI
5657,6958-2022,Total no coincide con cálculo,SI
5657,6958-2022,Subtotal no coincide con cálculo,SI
5658,LEGACY-5658,DNI faltante,SI
5659,08880-23,DNI faltante,SI
5660,3706-2024,DNI faltante,SI
5661,LEGACY-5661,DNI faltante,SI
5661,LEGACY-5661,Total no coincide con cálculo,SI
5661,LEGACY-5661,Subtotal no coincide con cálculo,SI
5662,3561-2022,DNI faltante,SI
5662,3561-2022,Total no coincide con cálculo,SI
5662,3561-2022,Subtotal no coincide con cálculo,SI
5666,06177-24,DNI faltante,SI
5669,LEGACY-5669,Total no coincide con cálculo,SI
5669,LEGACY-5669,Subtotal no coincide con cálculo,SI
5670,3108-2024,Total no coincide con cálculo,SI
5670,3108-2024,Subtotal no coincide con cálculo,SI
5672,102460-24,DNI faltante,SI
5674,6141-2022,DNI faltante,SI
5674,6141-2022,Total no coincide con cálculo,SI
5674,6141-2022,Subtotal no coincide con cálculo,SI
5676,2114-2024,DNI faltante,SI
5678,4609-2024,DNI faltante,SI
5679,LEGACY-5679,DNI faltante,SI
5679,LEGACY-5679,Total no coincide con cálculo,SI
5679,LEGACY-5679,Subtotal no coincide con cálculo,SI
5680,05291-2024,DNI faltante,SI
5681,LEGACY-5681,DNI faltante,SI
5681,LEGACY-5681,Total no coincide con cálculo,SI
5681,LEGACY-5681,Subtotal no coincide con cálculo,SI
5682,1940-2024,DNI faltante,SI
5682,1940-2024,Total no coincide con cálculo,SI
5682,1940-2024,Subtotal no coincide con cálculo,SI
5684,23919-23,Total no coincide con cálculo,SI
5684,23919-23,Subtotal no coincide con cálculo,SI
5685,2372-2024,Total no coincide con cálculo,SI
5685,2372-2024,Subtotal no coincide con cálculo,SI
5686,3134-2023,DNI faltante,SI
5686,3134-2023,Total no coincide con cálculo,SI
5686,3134-2023,Subtotal no coincide con cálculo,SI
5687,LEGACY-5687,DNI faltante,SI
5688,LEGACY-5688,DNI faltante,SI
5689,1670-2024,DNI faltante,SI
5689,1670-2024,Total no coincide con cálculo,SI
5689,1670-2024,Subtotal no coincide con cálculo,SI
5690,101922-24,DNI faltante,SI
5690,101922-24,Total no coincide con cálculo,SI
5690,101922-24,Subtotal no coincide con cálculo,SI
5691,8323-2023,DNI faltante,SI
5691,8323-2023,Total no coincide con cálculo,SI
5691,8323-2023,Subtotal no coincide con cálculo,SI
5692,1094-2024,DNI faltante,SI
5693,2215-2023,Total no coincide con cálculo,SI
5693,2215-2023,Subtotal no coincide con cálculo,SI
5694,2215-2023,Total no coincide con cálculo,SI
5694,2215-2023,Subtotal no coincide con cálculo,SI
5695,2215-2023,Total no coincide con cálculo,SI
5695,2215-2023,Subtotal no coincide con cálculo,SI
5696,LEGACY-5696,Total no coincide con cálculo,SI
5696,LEGACY-5696,Subtotal no coincide con cálculo,SI
5697,5221-2023,DNI faltante,SI
5697,5221-2023,Total no coincide con cálculo,SI
5697,5221-2023,Subtotal no coincide con cálculo,SI
5698,1740-2024,DNI faltante,SI
5701,E-747-2024,Total no coincide con cálculo,SI
5701,E-747-2024,Subtotal no coincide con cálculo,SI
5702,LEGACY-5702,DNI faltante,SI
5703,02486-23,DNI faltante,SI
5703,02486-23,Total no coincide con cálculo,SI
5703,02486-23,Subtotal no coincide con cálculo,SI
5704,02486-23,DNI faltante,SI
5704,02486-23,Total no coincide con cálculo,SI
5704,02486-23,Subtotal no coincide con cálculo,SI
5705,02486-23,DNI faltante,SI
5705,02486-23,Total no coincide con cálculo,SI
5705,02486-23,Subtotal no coincide con cálculo,SI
5706,LEGACY-5706,DNI faltante,SI
5707,20416-23,DNI faltante,SI
5707,20416-23,Total no coincide con cálculo,SI
5707,20416-23,Subtotal no coincide con cálculo,SI
5710,E012403204,DNI faltante,SI
5713,5931-2023,DNI faltante,SI
5713,5931-2023,Total no coincide con cálculo,SI
5713,5931-2023,Subtotal no coincide con cálculo,SI
5714,30883-23,DNI faltante,SI
5714,30883-23,Total no coincide con cálculo,SI
5714,30883-23,Subtotal no coincide con cálculo,SI
5715,23345-23,DNI faltante,SI
5716,2274-2024,DNI faltante,SI
5717,483-2024,DNI faltante,SI
5719,12555-23,Total no coincide con cálculo,SI
5719,12555-23,Subtotal no coincide con cálculo,SI
5720,E273-2024,DNI faltante,SI
5721,22686-2022,DNI faltante,SI
5721,22686-2022,Total no coincide con cálculo,SI
5721,22686-2022,Subtotal no coincide con cálculo,SI
5722,22686-2022,DNI faltante,SI
5722,22686-2022,Total no coincide con cálculo,SI
5722,22686-2022,Subtotal no coincide con cálculo,SI
5723,22686-2022,DNI faltante,SI
5723,22686-2022,Total no coincide con cálculo,SI
5723,22686-2022,Subtotal no coincide con cálculo,SI
5724,1541-2024,DNI faltante,SI
5725,19517-2023,DNI faltante,SI
5725,19517-2023,Total no coincide con cálculo,SI
5725,19517-2023,Subtotal no coincide con cálculo,SI
5726,7658-2024,DNI faltante,SI
5727,LEGACY-5727,DNI faltante,SI
5728,101472-24,DNI faltante,SI
5728,101472-24,Total no coincide con cálculo,SI
5728,101472-24,Subtotal no coincide con cálculo,SI
5730,71279-23,DNI faltante,SI
5730,71279-23,Total no coincide con cálculo,SI
5730,71279-23,Subtotal no coincide con cálculo,SI
5731,1721-24,DNI faltante,SI
5733,17285-24,Total no coincide con cálculo,SI
5733,17285-24,Subtotal no coincide con cálculo,SI
5734,56815-23,Total no coincide con cálculo,SI
5734,56815-23,Subtotal no coincide con cálculo,SI
5735,56836-23,DNI faltante,SI
5735,56836-23,Total no coincide con cálculo,SI
5735,56836-23,Subtotal no coincide con cálculo,SI
5736,048079-23,Total no coincide con cálculo,SI
5736,048079-23,Subtotal no coincide con cálculo,SI
5737,LEGACY-5737,DNI faltante,SI
5738,LEGACY-5738,DNI faltante,SI
5738,LEGACY-5738,Total no coincide con cálculo,SI
5739,LEGACY-5739,DNI faltante,SI
5739,LEGACY-5739,Total no coincide con cálculo,SI
5740,LEGACY-5740,DNI faltante,SI
5741,6178-2023,DNI faltante,SI
5741,6178-2023,Total no coincide con cálculo,SI
5741,6178-2023,Subtotal no coincide con cálculo,SI
5742,6178-2023,DNI faltante,SI
5742,6178-2023,Total no coincide con cálculo,SI
5742,6178-2023,Subtotal no coincide con cálculo,SI
5743,6178-2023,DNI faltante,SI
5743,6178-2023,Total no coincide con cálculo,SI
5743,6178-2023,Subtotal no coincide con cálculo,SI
5744,101115-24,DNI faltante,SI
5745,596953,DNI faltante,SI
5745,596953,Total no coincide con cálculo,SI
5745,596953,Subtotal no coincide con cálculo,SI
5746,101221-24,DNI faltante,SI
5747,862-2024,DNI faltante,SI
5748,LEGACY-5748,DNI faltante,SI
5749,LEGACY-5749,DNI faltante,SI
5750,LEGACY-5750,DNI faltante,SI
5750,LEGACY-5750,Total no coincide con cálculo,SI
5750,LEGACY-5750,Subtotal no coincide con cálculo,SI
5751,D-30311-23,DNI faltante,SI
5751,D-30311-23,Total no coincide con cálculo,SI
5751,D-30311-23,Subtotal no coincide con cálculo,SI
5752,62725-23,DNI faltante,SI
5752,62725-23,Total no coincide con cálculo,SI
5752,62725-23,Subtotal no coincide con cálculo,SI
5753,C3735-2022,DNI faltante,SI
5753,C3735-2022,Total no coincide con cálculo,SI
5753,C3735-2022,Subtotal no coincide con cálculo,SI
5754,C3735-2022,DNI faltante,SI
5754,C3735-2022,Total no coincide con cálculo,SI
5754,C3735-2022,Subtotal no coincide con cálculo,SI
5755,C3735-2022,DNI faltante,SI
5755,C3735-2022,Total no coincide con cálculo,SI
5755,C3735-2022,Subtotal no coincide con cálculo,SI
5757,8323-2023,DNI faltante,SI
5757,8323-2023,Total no coincide con cálculo,SI
5757,8323-2023,Subtotal no coincide con cálculo,SI
5759,LEGACY-5759,DNI faltante,SI
5760,0846-2024,DNI faltante,SI
5761,357-2024,DNI faltante,SI
5762,100916-24,DNI faltante,SI
5763,458-2024,DNI faltante,SI
5764,15810-23,DNI faltante,SI
5764,15810-23,Total no coincide con cálculo,SI
5764,15810-23,Subtotal no coincide con cálculo,SI
5765,LEGACY-5765,DNI faltante,SI
5767,LEGACY-5767,DNI faltante,SI
5768,1144-2024,Total no coincide con cálculo,SI
5768,1144-2024,Subtotal no coincide con cálculo,SI
5769,LEGACY-5769,DNI faltante,SI
5769,LEGACY-5769,Total no coincide con cálculo,SI
5769,LEGACY-5769,Subtotal no coincide con cálculo,SI
5770,11652-23,Total no coincide con cálculo,SI
5770,11652-23,Subtotal no coincide con cálculo,SI
5771,17054-23,DNI faltante,SI
5771,17054-23,Total no coincide con cálculo,SI
5771,17054-23,Subtotal no coincide con cálculo,SI
5772,17054-23,DNI faltante,SI
5772,17054-23,Total no coincide con cálculo,SI
5772,17054-23,Subtotal no coincide con cálculo,SI
5773,17054-23,DNI faltante,SI
5773,17054-23,Total no coincide con cálculo,SI
5773,17054-23,Subtotal no coincide con cálculo,SI
5774,355-2024,DNI faltante,SI
5775,1723-2024,DNI faltante,SI
5775,1723-2024,Total no coincide con cálculo,SI
5776,120551-23,DNI faltante,SI
5776,120551-23,Total no coincide con cálculo,SI
5776,120551-23,Subtotal no coincide con cálculo,SI
5777,12319958,DNI faltante,SI
5777,12319958,Total no coincide con cálculo,SI
5777,12319958,Subtotal no coincide con cálculo,SI
5778,16696-2023,Total no coincide con cálculo,SI
5778,16696-2023,Subtotal no coincide con cálculo,SI
5779,9937-2023,DNI faltante,SI
5779,9937-2023,Total no coincide con cálculo,SI
5779,9937-2023,Subtotal no coincide con cálculo,SI
5781,3788-2023,Total no coincide con cálculo,SI
5781,3788-2023,Subtotal no coincide con cálculo,SI
5783,11739-24,DNI faltante,SI
5784,102523-24,DNI faltante,SI
5786,22897-23,DNI faltante,SI
5786,22897-23,Total no coincide con cálculo,SI
5786,22897-23,Subtotal no coincide con cálculo,SI
5787,LEGACY-5787,DNI faltante,SI
5788,8452-2023,Total no coincide con cálculo,SI
5788,8452-2023,Subtotal no coincide con cálculo,SI
5789,LEGACY-5789,DNI faltante,SI
5790,7675-2023,DNI faltante,SI
5790,7675-2023,Total no coincide con cálculo,SI
5790,7675-2023,Subtotal no coincide con cálculo,SI
5791,4492-2023,Total no coincide con cálculo,SI
5791,4492-2023,Subtotal no coincide con cálculo,SI
5792,120551-23,DNI faltante,SI
5793,8438-22,DNI faltante,SI
5793,8438-22,Total no coincide con cálculo,SI
5793,8438-22,Subtotal no coincide con cálculo,SI
5794,8438-22,DNI faltante,SI
5794,8438-22,Total no coincide con cálculo,SI
5794,8438-22,Subtotal no coincide con cálculo,SI
5795,8438-22,DNI faltante,SI
5795,8438-22,Total no coincide con cálculo,SI
5795,8438-22,Subtotal no coincide con cálculo,SI
5796,LEGACY-5796,DNI faltante,SI
5797,6122-2023,DNI faltante,SI
5797,6122-2023,Total no coincide con cálculo,SI
5797,6122-2023,Subtotal no coincide con cálculo,SI
5798,LEGACY-5798,DNI faltante,SI
5798,LEGACY-5798,Total no coincide con cálculo,SI
5798,LEGACY-5798,Subtotal no coincide con cálculo,SI
5799,LEGACY-5799,DNI faltante,SI
5800,000021-24,DNI faltante,SI
5801,335-2024,DNI faltante,SI
5802,LEGACY-5802,DNI faltante,SI
5803,LEGACY-5803,Total no coincide con cálculo,SI
5804,53-2024,Total no coincide con cálculo,SI
5804,53-2024,Subtotal no coincide con cálculo,SI
5806,25268-2023,DNI faltante,SI
5807,LEGACY-5807,DNI faltante,SI
5808,LEGACY-5808,DNI faltante,SI
5809,LEGACY-5809,DNI faltante,SI
5810,LEGACY-5810,DNI faltante,SI
5810,LEGACY-5810,Total no coincide con cálculo,SI
5810,LEGACY-5810,Subtotal no coincide con cálculo,SI
5811,LEGACY-5811,DNI faltante,SI
5814,9390-2023,DNI faltante,SI
5814,9390-2023,Total no coincide con cálculo,SI
5814,9390-2023,Subtotal no coincide con cálculo,SI
5815,3499-23,Total no coincide con cálculo,SI
5815,3499-23,Subtotal no coincide con cálculo,SI
5816,3499-23,Total no coincide con cálculo,SI
5816,3499-23,Subtotal no coincide con cálculo,SI
5817,3499-23,Total no coincide con cálculo,SI
5817,3499-23,Subtotal no coincide con cálculo,SI
5819,14680-23,DNI faltante,SI
5819,14680-23,Total no coincide con cálculo,SI
5819,14680-23,Subtotal no coincide con cálculo,SI
5820,29199-24,DNI faltante,SI
5821,05542-2019,DNI faltante,SI
5821,05542-2019,Total no coincide con cálculo,SI
5821,05542-2019,Subtotal no coincide con cálculo,SI
5822,05542-2019,DNI faltante,SI
5822,05542-2019,Total no coincide con cálculo,SI
5822,05542-2019,Subtotal no coincide con cálculo,SI
5823,05542-2019,DNI faltante,SI
5823,05542-2019,Total no coincide con cálculo,SI
5823,05542-2019,Subtotal no coincide con cálculo,SI
5824,306-2024,DNI faltante,SI
5825,10532-2023,DNI faltante,SI
5826,LEGACY-5826,DNI faltante,SI
5826,LEGACY-5826,Total no coincide con cálculo,SI
5827,102-2023,Total no coincide con cálculo,SI
5827,102-2023,Subtotal no coincide con cálculo,SI
5828,102-2023,Total no coincide con cálculo,SI
5828,102-2023,Subtotal no coincide con cálculo,SI
5829,102-2023,Total no coincide con cálculo,SI
5829,102-2023,Subtotal no coincide con cálculo,SI
5830,620-2024,DNI faltante,SI
5831,260-2024,DNI faltante,SI
5832,21521-2023,Total no coincide con cálculo,SI
5832,21521-2023,Subtotal no coincide con cálculo,SI
5833,15386-23,DNI faltante,SI
5833,15386-23,Total no coincide con cálculo,SI
5833,15386-23,Subtotal no coincide con cálculo,SI
5834,28416-23,DNI faltante,SI
5834,28416-23,Total no coincide con cálculo,SI
5834,28416-23,Subtotal no coincide con cálculo,SI
5835,LEGACY-5835,DNI faltante,SI
5837,86-2024,DNI faltante,SI
5838,80900-23,Total no coincide con cálculo,SI
5838,80900-23,Subtotal no coincide con cálculo,SI
5839,4344-2021,DNI faltante,SI
5839,4344-2021,Total no coincide con cálculo,SI
5839,4344-2021,Subtotal no coincide con cálculo,SI
5840,10034-2023,DNI faltante,SI
5840,10034-2023,Total no coincide con cálculo,SI
5840,10034-2023,Subtotal no coincide con cálculo,SI
5841,6149-2023,DNI faltante,SI
5841,6149-2023,Total no coincide con cálculo,SI
5841,6149-2023,Subtotal no coincide con cálculo,SI
5842,6149-2023,DNI faltante,SI
5842,6149-2023,Total no coincide con cálculo,SI
5842,6149-2023,Subtotal no coincide con cálculo,SI
5843,3011-2020,DNI faltante,SI
5843,3011-2020,Total no coincide con cálculo,SI
5843,3011-2020,Subtotal no coincide con cálculo,SI
5844,73810-23,DNI faltante,SI
5844,73810-23,Total no coincide con cálculo,SI
5845,52138-23,Total no coincide con cálculo,SI
5845,52138-23,Subtotal no coincide con cálculo,SI
5846,52138-23,Total no coincide con cálculo,SI
5846,52138-23,Subtotal no coincide con cálculo,SI
5847,11107-2023,DNI faltante,SI
5848,01406-24,Total no coincide con cálculo,SI
5848,01406-24,Subtotal no coincide con cálculo,SI
5850,4120-2023,DNI faltante,SI
5850,4120-2023,Total no coincide con cálculo,SI
5850,4120-2023,Subtotal no coincide con cálculo,SI
5851,LEGACY-5851,DNI faltante,SI
5852,9290-2023,DNI faltante,SI
5852,9290-2023,Total no coincide con cálculo,SI
5852,9290-2023,Subtotal no coincide con cálculo,SI
5853,LEGACY-5853,DNI faltante,SI
5853,LEGACY-5853,Total no coincide con cálculo,SI
5853,LEGACY-5853,Subtotal no coincide con cálculo,SI
5854,06573-23,Total no coincide con cálculo,SI
5854,06573-23,Subtotal no coincide con cálculo,SI
5855,24858-23,DNI faltante,SI
5856,7903-2023,DNI faltante,SI
5856,7903-2023,Total no coincide con cálculo,SI
5856,7903-2023,Subtotal no coincide con cálculo,SI
5857,5690-2023,DNI faltante,SI
5858,23868,Total no coincide con cálculo,SI
5858,23868,Subtotal no coincide con cálculo,SI
5860,0456-2024,DNI faltante,SI
5862,28810-23,DNI faltante,SI
5862,28810-23,Total no coincide con cálculo,SI
5862,28810-23,Subtotal no coincide con cálculo,SI
5863,584-2024,DNI faltante,SI
5863,584-2024,Total no coincide con cálculo,SI
5863,584-2024,Subtotal no coincide con cálculo,SI
5864,3227-2024,DNI faltante,SI
5864,3227-2024,Total no coincide con cálculo,SI
5864,3227-2024,Subtotal no coincide con cálculo,SI
5866,0846-2024,DNI faltante,SI
5867,LEGACY-5867,Total no coincide con cálculo,SI
5867,LEGACY-5867,Subtotal no coincide con cálculo,SI
5868,8459-2023,DNI faltante,SI
5868,8459-2023,Total no coincide con cálculo,SI
5868,8459-2023,Subtotal no coincide con cálculo,SI
5869,LEGACY-5869,DNI faltante,SI
5871,LEGACY-5871,DNI faltante,SI
5871,LEGACY-5871,Total no coincide con cálculo,SI
5871,LEGACY-5871,Subtotal no coincide con cálculo,SI
5872,118804-22,DNI faltante,SI
5872,118804-22,Total no coincide con cálculo,SI
5872,118804-22,Subtotal no coincide con cálculo,SI
5873,118804-22,DNI faltante,SI
5873,118804-22,Total no coincide con cálculo,SI
5873,118804-22,Subtotal no coincide con cálculo,SI
5874,118804-22,DNI faltante,SI
5874,118804-22,Total no coincide con cálculo,SI
5874,118804-22,Subtotal no coincide con cálculo,SI
5876,9168-2023,DNI faltante,SI
5876,9168-2023,Total no coincide con cálculo,SI
5876,9168-2023,Subtotal no coincide con cálculo,SI
5878,236199-23,DNI faltante,SI
5879,LEGACY-5879,DNI faltante,SI
5880,610-2024,DNI faltante,SI
5881,11754-24,DNI faltante,SI
5882,435313-23,DNI faltante,SI
5882,435313-23,Total no coincide con cálculo,SI
5882,435313-23,Subtotal no coincide con cálculo,SI
5883,LEGACY-5883,DNI faltante,SI
5885,LEGACY-5885,DNI faltante,SI
5886,36859-24,Total no coincide con cálculo,SI
5886,36859-24,Subtotal no coincide con cálculo,SI
5887,17533,DNI faltante,SI
5887,17533,Total no coincide con cálculo,SI
5887,17533,Subtotal no coincide con cálculo,SI
5888,LEGACY-5888,DNI faltante,SI
5889,17533-23,DNI faltante,SI
5889,17533-23,Total no coincide con cálculo,SI
5889,17533-23,Subtotal no coincide con cálculo,SI
5890,6701-2023,DNI faltante,SI
5890,6701-2023,Total no coincide con cálculo,SI
5890,6701-2023,Subtotal no coincide con cálculo,SI
5891,LEGACY-5891,DNI faltante,SI
5892,LEGACY-5892,DNI faltante,SI
5893,65955-23,Total no coincide con cálculo,SI
5893,65955-23,Subtotal no coincide con cálculo,SI
5894,LEGACY-5894,DNI faltante,SI
5895,24372-23,Total no coincide con cálculo,SI
5895,24372-23,Subtotal no coincide con cálculo,SI
5896,25370-23,Total no coincide con cálculo,SI
5896,25370-23,Subtotal no coincide con cálculo,SI
5897,LEGACY-5897,DNI faltante,SI
5899,121999-23,DNI faltante,SI
5899,121999-23,Total no coincide con cálculo,SI
5899,121999-23,Subtotal no coincide con cálculo,SI
5900,18518-23,DNI faltante,SI
5900,18518-23,Total no coincide con cálculo,SI
5900,18518-23,Subtotal no coincide con cálculo,SI
5904,18078-23,DNI faltante,SI
5905,71925-2023,Total no coincide con cálculo,SI
5905,71925-2023,Subtotal no coincide con cálculo,SI
5906,9398-23,DNI faltante,SI
5907,LEGACY-5907,DNI faltante,SI
5908,1110-2019,DNI faltante,SI
5908,1110-2019,Total no coincide con cálculo,SI
5908,1110-2019,Subtotal no coincide con cálculo,SI
5909,3284-2023,DNI faltante,SI
5909,3284-2023,Total no coincide con cálculo,SI
5909,3284-2023,Subtotal no coincide con cálculo,SI
5910,74692-2023,DNI faltante,SI
5911,10099-2023,DNI faltante,SI
5912,5405-2023,DNI faltante,SI
5912,5405-2023,Total no coincide con cálculo,SI
5912,5405-2023,Subtotal no coincide con cálculo,SI
5913,17965-23,Total no coincide con cálculo,SI
5913,17965-23,Subtotal no coincide con cálculo,SI
5915,101498-24,DNI faltante,SI
5917,41074-2023,DNI faltante,SI
5918,047388-23,DNI faltante,SI
5919,2698-23,DNI faltante,SI
5919,2698-23,Total no coincide con cálculo,SI
5919,2698-23,Subtotal no coincide con cálculo,SI
5920,811-2024,DNI faltante,SI
5921,5637-23,Total no coincide con cálculo,SI
5921,5637-23,Subtotal no coincide con cálculo,SI
5922,103227-24,DNI faltante,SI
5923,24026,DNI faltante,SI
5923,24026,Total no coincide con cálculo,SI
5923,24026,Subtotal no coincide con cálculo,SI
5924,LEGACY-5924,DNI faltante,SI
5925,LEGACY-5925,DNI faltante,SI
5926,230372-23,DNI faltante,SI
5927,24547-23,DNI faltante,SI
5927,24547-23,Total no coincide con cálculo,SI
5927,24547-23,Subtotal no coincide con cálculo,SI
5928,LEGACY-5928,DNI faltante,SI
5930,41998-21,DNI faltante,SI
5930,41998-21,Total no coincide con cálculo,SI
5930,41998-21,Subtotal no coincide con cálculo,SI
5931,41998-21,DNI faltante,SI
5931,41998-21,Total no coincide con cálculo,SI
5931,41998-21,Subtotal no coincide con cálculo,SI
5932,41998-21,DNI faltante,SI
5932,41998-21,Total no coincide con cálculo,SI
5932,41998-21,Subtotal no coincide con cálculo,SI
5933,127878-23,DNI faltante,SI
5934,16059-2023,DNI faltante,SI
5935,9310-2023,DNI faltante,SI
5936,2095-2022,DNI faltante,SI
5936,2095-2022,Total no coincide con cálculo,SI
5936,2095-2022,Subtotal no coincide con cálculo,SI
5937,6635-2023,Total no coincide con cálculo,SI
5937,6635-2023,Subtotal no coincide con cálculo,SI
5938,4492-2023,Total no coincide con cálculo,SI
5938,4492-2023,Subtotal no coincide con cálculo,SI
5939,LEGACY-5939,DNI faltante,SI
5941,E012326035,DNI faltante,SI
5942,LEGACY-5942,DNI faltante,SI
5943,LEGACY-5943,DNI faltante,SI
5944,24646-23,DNI faltante,SI
5945,LEGACY-5945,DNI faltante,SI
5946,17884,DNI faltante,SI
5947,24882-23,DNI faltante,SI
5947,24882-23,Total no coincide con cálculo,SI
5947,24882-23,Subtotal no coincide con cálculo,SI
5948,9093-2023,DNI faltante,SI
5948,9093-2023,Total no coincide con cálculo,SI
5948,9093-2023,Subtotal no coincide con cálculo,SI
5949,LEGACY-5949,Total no coincide con cálculo,SI
5949,LEGACY-5949,Subtotal no coincide con cálculo,SI
5950,LEGACY-5950,DNI faltante,SI
5951,LEGACY-5951,Total no coincide con cálculo,SI
5951,LEGACY-5951,Subtotal no coincide con cálculo,SI
5953,01743-2023,Total no coincide con cálculo,SI
5953,01743-2023,Subtotal no coincide con cálculo,SI
5954,27765-23,DNI faltante,SI
5954,27765-23,Total no coincide con cálculo,SI
5954,27765-23,Subtotal no coincide con cálculo,SI
5955,28416-2023,DNI faltante,SI
5956,24015,DNI faltante,SI
5957,119415-23,DNI faltante,SI
5957,119415-23,Total no coincide con cálculo,SI
5957,119415-23,Subtotal no coincide con cálculo,SI
5958,LEGACY-5958,DNI faltante,SI
5959,9926-2023,DNI faltante,SI
5960,18682-23,DNI faltante,SI
5960,18682-23,Total no coincide con cálculo,SI
5960,18682-23,Subtotal no coincide con cálculo,SI
5961,03566-2020,DNI faltante,SI
5961,03566-2020,Total no coincide con cálculo,SI
5961,03566-2020,Subtotal no coincide con cálculo,SI
5962,80327-22,Total no coincide con cálculo,SI
5962,80327-22,Subtotal no coincide con cálculo,SI
5963,8792-2023,DNI faltante,SI
5964,119340-23,DNI faltante,SI
5964,119340-23,Total no coincide con cálculo,SI
5964,119340-23,Subtotal no coincide con cálculo,SI
5965,LEGACY-5965,DNI faltante,SI
5965,LEGACY-5965,Total no coincide con cálculo,SI
5965,LEGACY-5965,Subtotal no coincide con cálculo,SI
5967,5904-2023,Total no coincide con cálculo,SI
5967,5904-2023,Subtotal no coincide con cálculo,SI
5968,LEGACY-5968,DNI faltante,SI
5970,127762-23,DNI faltante,SI
5971,,ERROR: RAZONSOCIAL/NOMBRE is empty,NO
5972,LEGACY-5972,DNI faltante,SI
5973,20734-23,Total no coincide con cálculo,SI
5973,20734-23,Subtotal no coincide con cálculo,SI
5974,7016-2023,DNI faltante,SI
5974,7016-2023,Total no coincide con cálculo,SI
5974,7016-2023,Subtotal no coincide con cálculo,SI
5975,114847-23,DNI faltante,SI
5975,114847-23,Total no coincide con cálculo,SI
5975,114847-23,Subtotal no coincide con cálculo,SI
5976,D-30311-23,DNI faltante,SI
5977,2919-2023,Total no coincide con cálculo,SI
5977,2919-2023,Subtotal no coincide con cálculo,SI
5979,23345-2023,DNI faltante,SI
5980,6245-23,DNI faltante,SI
5980,6245-23,Total no coincide con cálculo,SI
5980,6245-23,Subtotal no coincide con cálculo,SI
5982,LEGACY-5982,DNI faltante,SI
5983,9138-2023,DNI faltante,SI
5984,6958-2022,DNI faltante,SI
5984,6958-2022,Total no coincide con cálculo,SI
5984,6958-2022,Subtotal no coincide con cálculo,SI
5985,LEGACY-5985,DNI faltante,SI
5986,9177-2023,DNI faltante,SI
5987,23301-23,DNI faltante,SI
5988,C-19731,Total no coincide con cálculo,SI
5988,C-19731,Subtotal no coincide con cálculo,SI
5989,71892-2023,DNI faltante,SI
5990,LEGACY-5990,DNI faltante,SI
5990,LEGACY-5990,Total no coincide con cálculo,SI
5990,LEGACY-5990,Subtotal no coincide con cálculo,SI
5991,LEGACY-5991,DNI faltante,SI
5992,24008,DNI faltante,SI
5992,24008,Total no coincide con cálculo,SI
5992,24008,Subtotal no coincide con cálculo,SI
5993,LEGACY-5993,DNI faltante,SI
5994,LEGACY-5994,DNI faltante,SI
5995,113569-23,Total no coincide con cálculo,SI
5995,113569-23,Subtotal no coincide con cálculo,SI
5996,8783-2023,DNI faltante,SI
5996,8783-2023,Total no coincide con cálculo,SI
5996,8783-2023,Subtotal no coincide con cálculo,SI
5997,111619-23,DNI faltante,SI
5997,111619-23,Total no coincide con cálculo,SI
5997,111619-23,Subtotal no coincide con cálculo,SI
5998,LEGACY-5998,DNI faltante,SI
5999,126838-23,DNI faltante,SI
6000,6589-2023,DNI faltante,SI
6000,6589-2023,Total no coincide con cálculo,SI
6000,6589-2023,Subtotal no coincide con cálculo,SI
6001,LEGACY-6001,DNI faltante,SI
6002,LEGACY-6002,DNI faltante,SI
6003,C-021894,Total no coincide con cálculo,SI
6003,C-021894,Subtotal no coincide con cálculo,SI
6004,C-021894,Total no coincide con cálculo,SI
6004,C-021894,Subtotal no coincide con cálculo,SI
6005,E012327087,DNI faltante,SI
6005,E012327087,Total no coincide con cálculo,SI
6005,E012327087,Subtotal no coincide con cálculo,SI
6006,14436-23,DNI faltante,SI
6006,14436-23,Total no coincide con cálculo,SI
6006,14436-23,Subtotal no coincide con cálculo,SI
6007,24000,Total no coincide con cálculo,SI
6008,05475-2018,DNI faltante,SI
6008,05475-2018,Total no coincide con cálculo,SI
6008,05475-2018,Subtotal no coincide con cálculo,SI
6009,05475-2018,DNI faltante,SI
6009,05475-2018,Total no coincide con cálculo,SI
6009,05475-2018,Subtotal no coincide con cálculo,SI
6010,05475-2018,DNI faltante,SI
6010,05475-2018,Total no coincide con cálculo,SI
6010,05475-2018,Subtotal no coincide con cálculo,SI
6011,LEGACY-6011,DNI faltante,SI
6012,13445-2023,DNI faltante,SI
6013,LEGACY-6013,DNI faltante,SI
6014,18285-23,Total no coincide con cálculo,SI
6014,18285-23,Subtotal no coincide con cálculo,SI
6015,5816-2023,DNI faltante,SI
6015,5816-2023,Total no coincide con cálculo,SI
6015,5816-2023,Subtotal no coincide con cálculo,SI
6016,09867-23,DNI faltante,SI
6016,09867-23,Total no coincide con cálculo,SI
6016,09867-23,Subtotal no coincide con cálculo,SI
6017,09867-23,DNI faltante,SI
6017,09867-23,Total no coincide con cálculo,SI
6017,09867-23,Subtotal no coincide con cálculo,SI
6018,09867-23,DNI faltante,SI
6018,09867-23,Total no coincide con cálculo,SI
6018,09867-23,Subtotal no coincide con cálculo,SI
6019,9045-2023,DNI faltante,SI
6019,9045-2023,Total no coincide con cálculo,SI
6019,9045-2023,Subtotal no coincide con cálculo,SI
6020,9045-2023,DNI faltante,SI
6020,9045-2023,Total no coincide con cálculo,SI
6020,9045-2023,Subtotal no coincide con cálculo,SI
6021,9045-2023,DNI faltante,SI
6021,9045-2023,Total no coincide con cálculo,SI
6021,9045-2023,Subtotal no coincide con cálculo,SI
6022,8792-2023,DNI faltante,SI
6022,8792-2023,Total no coincide con cálculo,SI
6022,8792-2023,Subtotal no coincide con cálculo,SI
6023,126315-23,DNI faltante,SI
6023,126315-23,Total no coincide con cálculo,SI
6023,126315-23,Subtotal no coincide con cálculo,SI
6024,126315-23,DNI faltante,SI
6024,126315-23,Total no coincide con cálculo,SI
6024,126315-23,Subtotal no coincide con cálculo,SI
6025,126315-23,DNI faltante,SI
6025,126315-23,Total no coincide con cálculo,SI
6025,126315-23,Subtotal no coincide con cálculo,SI
6026,9126-2023,DNI faltante,SI
6026,9126-2023,Total no coincide con cálculo,SI
6026,9126-2023,Subtotal no coincide con cálculo,SI
6027,,ERROR: RAZONSOCIAL/NOMBRE is empty,NO
6031,LEGACY-6031,DNI faltante,SI
6032,A,DNI faltante,SI
6034,03846-22,DNI faltante,SI
6034,03846-22,Total no coincide con cálculo,SI
6034,03846-22,Subtotal no coincide con cálculo,SI
6035,221-2023,DNI faltante,SI
6035,221-2023,Total no coincide con cálculo,SI
6035,221-2023,Subtotal no coincide con cálculo,SI
6036,29353-23,DNI faltante,SI
6036,29353-23,Total no coincide con cálculo,SI
6036,29353-23,Subtotal no coincide con cálculo,SI
6037,9148-2023,DNI faltante,SI
6038,,ERROR: DIRECCION is empty,NO
6039,LEGACY-6039,DNI faltante,SI
6040,LEGACY-6040,DNI faltante,SI
6041,5999-2023,DNI faltante,SI
6042,LEGACY-6042,DNI faltante,SI
6043,126510-24,DNI faltante,SI
6045,16886-23,DNI faltante,SI
6047,5931-2023,DNI faltante,SI
6047,5931-2023,Total no coincide con cálculo,SI
6047,5931-2023,Subtotal no coincide con cálculo,SI
6049,5795-2023,DNI faltante,SI
6049,5795-2023,Total no coincide con cálculo,SI
6049,5795-2023,Subtotal no coincide con cálculo,SI
6051,5975-2023,DNI faltante,SI
6051,5975-2023,Total no coincide con cálculo,SI
6051,5975-2023,Subtotal no coincide con cálculo,SI
6052,7225-2023,DNI faltante,SI
6052,7225-2023,Total no coincide con cálculo,SI
6052,7225-2023,Subtotal no coincide con cálculo,SI
6053,,ERROR: RAZONSOCIAL/NOMBRE is empty,NO
6054,126010-23,DNI faltante,SI
6055,126019-23,DNI faltante,SI
6056,7754-2023,DNI faltante,SI
6056,7754-2023,Total no coincide con cálculo,SI
6056,7754-2023,Subtotal no coincide con cálculo,SI
6057,23987,Total no coincide con cálculo,SI
6060,9652-2022,Total no coincide con cálculo,SI
6060,9652-2022,Subtotal no coincide con cálculo,SI
6061,19517-2023,DNI faltante,SI
6062,17533,DNI faltante,SI
6062,17533,Total no coincide con cálculo,SI
6062,17533,Subtotal no coincide con cálculo,SI
6063,17533,DNI faltante,SI
6063,17533,Total no coincide con cálculo,SI
6063,17533,Subtotal no coincide con cálculo,SI
6064,LEGACY-6064,DNI faltante,SI
6064,LEGACY-6064,Total no coincide con cálculo,SI
6064,LEGACY-6064,Subtotal no coincide con cálculo,SI
6066,7149-2023,Total no coincide con cálculo,SI
6066,7149-2023,Subtotal no coincide con cálculo,SI
6067,3067-2023,DNI faltante,SI
6067,3067-2023,Total no coincide con cálculo,SI
6067,3067-2023,Subtotal no coincide con cálculo,SI
6068,LEGACY-6068,DNI faltante,SI
6068,LEGACY-6068,Total no coincide con cálculo,SI
6068,LEGACY-6068,Subtotal no coincide con cálculo,SI
6069,LEGACY-6069,DNI faltante,SI
6070,LEGACY-6070,DNI faltante,SI
6071,LEGACY-6071,DNI faltante,SI
6072,8361-2023,DNI faltante,SI
6072,8361-2023,Total no coincide con cálculo,SI
6072,8361-2023,Subtotal no coincide con cálculo,SI
6074,LEGACY-6074,DNI faltante,SI
6075,8874-2023,DNI faltante,SI
6075,8874-2023,Total no coincide con cálculo,SI
6075,8874-2023,Subtotal no coincide con cálculo,SI
6076,8874,DNI faltante,SI
6076,8874,Total no coincide con cálculo,SI
6076,8874,Subtotal no coincide con cálculo,SI
6077,8874-2023,DNI faltante,SI
6077,8874-2023,Total no coincide con cálculo,SI
6077,8874-2023,Subtotal no coincide con cálculo,SI
6078,8389-2023,DNI faltante,SI
6078,8389-2023,Total no coincide con cálculo,SI
6078,8389-2023,Subtotal no coincide con cálculo,SI
6079,115668-23,DNI faltante,SI
6080,24894-23,DNI faltante,SI
6081,8439-2023,DNI faltante,SI
6082,,ERROR: RAZONSOCIAL/NOMBRE is empty,NO
6084,LEGACY-6084,DNI faltante,SI
6084,LEGACY-6084,Total no coincide con cálculo,SI
6084,LEGACY-6084,Subtotal no coincide con cálculo,SI
6085,19415-2023,DNI faltante,SI
6087,24936-23,DNI faltante,SI
6088,25573-23,DNI faltante,SI
6088,25573-23,Total no coincide con cálculo,SI
6088,25573-23,Subtotal no coincide con cálculo,SI
6089,8441-2023,DNI faltante,SI
6089,8441-2023,Total no coincide con cálculo,SI
6089,8441-2023,Subtotal no coincide con cálculo,SI
6090,46408-24,DNI faltante,SI
6091,LEGACY-6091,DNI faltante,SI
6092,LEGACY-6092,DNI faltante,SI
6092,LEGACY-6092,Total no coincide con cálculo,SI
6092,LEGACY-6092,Subtotal no coincide con cálculo,SI
6093,117841-22,DNI faltante,SI
6093,117841-22,Total no coincide con cálculo,SI
6093,117841-22,Subtotal no coincide con cálculo,SI
6094,8427-2023,DNI faltante,SI
6094,8427-2023,Total no coincide con cálculo,SI
6094,8427-2023,Subtotal no coincide con cálculo,SI
6095,8427-2023,DNI faltante,SI
6095,8427-2023,Total no coincide con cálculo,SI
6095,8427-2023,Subtotal no coincide con cálculo,SI
6096,8427-2023,DNI faltante,SI
6096,8427-2023,Total no coincide con cálculo,SI
6096,8427-2023,Subtotal no coincide con cálculo,SI
6097,68172-23,DNI faltante,SI
6098,71279-23,DNI faltante,SI
6099,22481-23,DNI faltante,SI
6100,4983-2023,Total no coincide con cálculo,SI
6100,4983-2023,Subtotal no coincide con cálculo,SI
6102,25300-23,DNI faltante,SI
6103,69997-2023,DNI faltante,SI
6104,E5490-2023,DNI faltante,SI
6104,E5490-2023,Total no coincide con cálculo,SI
6104,E5490-2023,Subtotal no coincide con cálculo,SI
6105,1-02022-18,DNI faltante,SI
6105,1-02022-18,Total no coincide con cálculo,SI
6105,1-02022-18,Subtotal no coincide con cálculo,SI
6106,1-02022-18,DNI faltante,SI
6106,1-02022-18,Total no coincide con cálculo,SI
6106,1-02022-18,Subtotal no coincide con cálculo,SI
6107,1-02022-18,DNI faltante,SI
6107,1-02022-18,Total no coincide con cálculo,SI
6107,1-02022-18,Subtotal no coincide con cálculo,SI
6108,00876-2022,DNI faltante,SI
6108,00876-2022,NROREV anómalo: 7,SI
6109,00876-2022,DNI faltante,SI
6109,00876-2022,Total no coincide con cálculo,SI
6109,00876-2022,Subtotal no coincide con cálculo,SI
6110,00876-2022,DNI faltante,SI
6111,5582-23,DNI faltante,SI
6111,5582-23,Total no coincide con cálculo,SI
6111,5582-23,Subtotal no coincide con cálculo,SI
6112,LEGACY-6112,DNI faltante,SI
6112,LEGACY-6112,Total no coincide con cálculo,SI
6113,12243-2023,DNI faltante,SI
6114,109727-24,Total no coincide con cálculo,SI
6114,109727-24,Subtotal no coincide con cálculo,SI
6115,10312-2023,DNI faltante,SI
6116,4738-2023,DNI faltante,SI
6116,4738-2023,Total no coincide con cálculo,SI
6116,4738-2023,Subtotal no coincide con cálculo,SI
6117,4738-2023,DNI faltante,SI
6117,4738-2023,Total no coincide con cálculo,SI
6117,4738-2023,Subtotal no coincide con cálculo,SI
6118,4738-2023,DNI faltante,SI
6118,4738-2023,Total no coincide con cálculo,SI
6118,4738-2023,Subtotal no coincide con cálculo,SI
6119,LEGACY-6119,DNI faltante,SI
6120,8323-2023,DNI faltante,SI
6121,LEGACY-6121,DNI faltante,SI
6122,448-2023,DNI faltante,SI
6122,448-2023,Total no coincide con cálculo,SI
6122,448-2023,Subtotal no coincide con cálculo,SI
6123,448-2023,DNI faltante,SI
6123,448-2023,Total no coincide con cálculo,SI
6123,448-2023,Subtotal no coincide con cálculo,SI
6124,LEGACY-6124,DNI faltante,SI
6124,LEGACY-6124,Total no coincide con cálculo,SI
6124,LEGACY-6124,Subtotal no coincide con cálculo,SI
6125,9101-2023,DNI faltante,SI
6126,23541,Total no coincide con cálculo,SI
6126,23541,Subtotal no coincide con cálculo,SI
6127,23541,Total no coincide con cálculo,SI
6127,23541,Subtotal no coincide con cálculo,SI
6128,23541,Total no coincide con cálculo,SI
6128,23541,Subtotal no coincide con cálculo,SI
6129,162952-24,Total no coincide con cálculo,SI
6129,162952-24,Subtotal no coincide con cálculo,SI
6130,25642-23,DNI faltante,SI
6131,23292-23,DNI faltante,SI
6132,6424-2022,DNI faltante,SI
6132,6424-2022,Total no coincide con cálculo,SI
6132,6424-2022,Subtotal no coincide con cálculo,SI
6133,67620-23,DNI faltante,SI
6134,909-2020,DNI faltante,SI
6134,909-2020,Total no coincide con cálculo,SI
6134,909-2020,Subtotal no coincide con cálculo,SI
6135,909-2020,DNI faltante,SI
6135,909-2020,Total no coincide con cálculo,SI
6135,909-2020,Subtotal no coincide con cálculo,SI
6136,970-2021,DNI faltante,SI
6136,970-2021,Total no coincide con cálculo,SI
6136,970-2021,Subtotal no coincide con cálculo,SI
6137,970-2021,DNI faltante,SI
6137,970-2021,Total no coincide con cálculo,SI
6137,970-2021,Subtotal no coincide con cálculo,SI
6139,69945-22,DNI faltante,SI
6139,69945-22,Total no coincide con cálculo,SI
6139,69945-22,Subtotal no coincide con cálculo,SI
6140,69945-22,DNI faltante,SI
6140,69945-22,Total no coincide con cálculo,SI
6140,69945-22,Subtotal no coincide con cálculo,SI
6141,LEGACY-6141,DNI faltante,SI
6141,LEGACY-6141,Total no coincide con cálculo,SI
6142,12253-23,DNI faltante,SI
6143,LEGACY-6143,DNI faltante,SI
6143,LEGACY-6143,Total no coincide con cálculo,SI
6143,LEGACY-6143,Subtotal no coincide con cálculo,SI
6145,LEGACY-6145,DNI faltante,SI
6146,LEGACY-6146,DNI faltante,SI
6146,LEGACY-6146,Total no coincide con cálculo,SI
6146,LEGACY-6146,Subtotal no coincide con cálculo,SI
6148,9061-23,DNI faltante,SI
6150,,ERROR: RAZONSOCIAL/NOMBRE is empty,NO
6151,,ERROR: RAZONSOCIAL/NOMBRE is empty,NO
6152,253,DNI faltante,SI
6152,253,Total no coincide con cálculo,SI
6152,253,Subtotal no coincide con cálculo,SI
6153,LEGACY-6153,DNI faltante,SI
6154,LEGACY-6154,DNI faltante,SI
6156,7517-2022,DNI faltante,SI
6156,7517-2022,Total no coincide con cálculo,SI
6156,7517-2022,Subtotal no coincide con cálculo,SI
6157,LEGACY-6157,DNI faltante,SI
6157,LEGACY-6157,Total no coincide con cálculo,SI
6158,9126-2023,DNI faltante,SI
6158,9126-2023,Total no coincide con cálculo,SI
6160,25148-23,DNI faltante,SI
6160,25148-23,Total no coincide con cálculo,SI
6160,25148-23,Subtotal no coincide con cálculo,SI
6161,676590-23,Total no coincide con cálculo,SI
6161,676590-23,Subtotal no coincide con cálculo,SI
6162,21562-23,DNI faltante,SI
6163,109057-23,DNI faltante,SI
6163,109057-23,Total no coincide con cálculo,SI
6163,109057-23,Subtotal no coincide con cálculo,SI
6164,5903-23,DNI faltante,SI
6164,5903-23,Total no coincide con cálculo,SI
6164,5903-23,Subtotal no coincide con cálculo,SI
6166,66232-2023,DNI faltante,SI
6166,66232-2023,Total no coincide con cálculo,SI
6166,66232-2023,Subtotal no coincide con cálculo,SI
6167,8062-2023,DNI faltante,SI
6167,8062-2023,Total no coincide con cálculo,SI
6167,8062-2023,Subtotal no coincide con cálculo,SI
6168,24956-23,DNI faltante,SI
6172,80327-22,DNI faltante,SI
6172,80327-22,Total no coincide con cálculo,SI
6172,80327-22,Subtotal no coincide con cálculo,SI
6173,,ERROR: RAZONSOCIAL/NOMBRE is empty,NO
6174,125180-23,DNI faltante,SI
6175,24882-23,DNI faltante,SI
6175,24882-23,Total no coincide con cálculo,SI
6175,24882-23,Subtotal no coincide con cálculo,SI
6177,9168-2023,DNI faltante,SI
6178,C-021538,Total no coincide con cálculo,SI
6178,C-021538,Subtotal no coincide con cálculo,SI
6179,C-021538,Total no coincide con cálculo,SI
6179,C-021538,Subtotal no coincide con cálculo,SI
6180,C-021538,Total no coincide con cálculo,SI
6180,C-021538,Subtotal no coincide con cálculo,SI
6181,E2358812,DNI faltante,SI
6182,207263-23,DNI faltante,SI
6182,207263-23,Total no coincide con cálculo,SI
6182,207263-23,Subtotal no coincide con cálculo,SI
6183,23292-23,DNI faltante,SI
6183,23292-23,Total no coincide con cálculo,SI
6183,23292-23,Subtotal no coincide con cálculo,SI
6186,13927-18,Total no coincide con cálculo,SI
6186,13927-18,Subtotal no coincide con cálculo,SI
6187,51102-22,DNI faltante,SI
6187,51102-22,Total no coincide con cálculo,SI
6187,51102-22,Subtotal no coincide con cálculo,SI
6188,51102-22,DNI faltante,SI
6188,51102-22,Total no coincide con cálculo,SI
6188,51102-22,Subtotal no coincide con cálculo,SI
6189,51102-22,DNI faltante,SI
6189,51102-22,Total no coincide con cálculo,SI
6189,51102-22,Subtotal no coincide con cálculo,SI
6190,7903-2023,DNI faltante,SI
6190,7903-2023,Total no coincide con cálculo,SI
6190,7903-2023,Subtotal no coincide con cálculo,SI
6191,7903-2023,DNI faltante,SI
6191,7903-2023,Total no coincide con cálculo,SI
6191,7903-2023,Subtotal no coincide con cálculo,SI
6192,7903-2023,DNI faltante,SI
6192,7903-2023,Total no coincide con cálculo,SI
6192,7903-2023,Subtotal no coincide con cálculo,SI
6194,851-2023,DNI faltante,SI
6194,851-2023,Total no coincide con cálculo,SI
6194,851-2023,Subtotal no coincide con cálculo,SI
6195,124361-23,DNI faltante,SI
6196,LEGACY-6196,DNI faltante,SI
6197,8061-2023,DNI faltante,SI
6197,8061-2023,Total no coincide con cálculo,SI
6197,8061-2023,Subtotal no coincide con cálculo,SI
6198,0000824-24,DNI faltante,SI
6200,8163-22,Total no coincide con cálculo,SI
6200,8163-22,Subtotal no coincide con cálculo,SI
6201,8163-22,Total no coincide con cálculo,SI
6201,8163-22,Subtotal no coincide con cálculo,SI
6202,8163-22,Total no coincide con cálculo,SI
6202,8163-22,Subtotal no coincide con cálculo,SI
6203,,ERROR: RAZONSOCIAL/NOMBRE is empty,NO
6204,3605-2022,DNI faltante,SI
6204,3605-2022,Total no coincide con cálculo,SI
6204,3605-2022,Subtotal no coincide con cálculo,SI
6205,15517-23,DNI faltante,SI
6205,15517-23,Total no coincide con cálculo,SI
6205,15517-23,Subtotal no coincide con cálculo,SI
6206,15517-23,DNI faltante,SI
6206,15517-23,Total no coincide con cálculo,SI
6206,15517-23,Subtotal no coincide con cálculo,SI
6207,15517-23,DNI faltante,SI
6207,15517-23,Total no coincide con cálculo,SI
6207,15517-23,Subtotal no coincide con cálculo,SI
6208,4719-2023,DNI faltante,SI
6208,4719-2023,Total no coincide con cálculo,SI
6208,4719-2023,Subtotal no coincide con cálculo,SI
6210,LEGACY-6210,DNI faltante,SI
6210,LEGACY-6210,Total no coincide con cálculo,SI
6210,LEGACY-6210,Subtotal no coincide con cálculo,SI
6212,6141-2022,DNI faltante,SI
6212,6141-2022,Total no coincide con cálculo,SI
6212,6141-2022,Subtotal no coincide con cálculo,SI
6214,LEGACY-6214,DNI faltante,SI
6214,LEGACY-6214,Total no coincide con cálculo,SI
6214,LEGACY-6214,Subtotal no coincide con cálculo,SI
6215,LEGACY-6215,DNI faltante,SI
6215,LEGACY-6215,Total no coincide con cálculo,SI
6215,LEGACY-6215,Subtotal no coincide con cálculo,SI
6216,7951-2024,DNI faltante,SI
6216,7951-2024,Total no coincide con cálculo,SI
6216,7951-2024,Subtotal no coincide con cálculo,SI
6217,LEGACY-6217,DNI faltante,SI
6219,15386-23,DNI faltante,SI
6220,13481-23,DNI faltante,SI
6220,13481-23,Total no coincide con cálculo,SI
6220,13481-23,Subtotal no coincide con cálculo,SI
6222,LEGACY-6222,DNI faltante,SI
6222,LEGACY-6222,Total no coincide con cálculo,SI
6222,LEGACY-6222,Subtotal no coincide con cálculo,SI
6223,0023960-23,DNI faltante,SI
6224,199921-23,DNI faltante,SI
6224,199921-23,Total no coincide con cálculo,SI
6224,199921-23,Subtotal no coincide con cálculo,SI
6227,101523-23,Total no coincide con cálculo,SI
6227,101523-23,Subtotal no coincide con cálculo,SI
6228,LEGACY-6228,DNI faltante,SI
6228,LEGACY-6228,Total no coincide con cálculo,SI
6228,LEGACY-6228,Subtotal no coincide con cálculo,SI
6229,20322-23,DNI faltante,SI
6229,20322-23,Total no coincide con cálculo,SI
6229,20322-23,Subtotal no coincide con cálculo,SI
6230,20322-23,DNI faltante,SI
6230,20322-23,Total no coincide con cálculo,SI
6230,20322-23,Subtotal no coincide con cálculo,SI
6231,20322-23,DNI faltante,SI
6231,20322-23,Total no coincide con cálculo,SI
6231,20322-23,Subtotal no coincide con cálculo,SI
6232,LEGACY-6232,DNI faltante,SI
6233,127493-23,DNI faltante,SI
6234,LEGACY-6234,DNI faltante,SI
6235,15810-23,DNI faltante,SI
6237,8023-2023,DNI faltante,SI
6238,8459-2023,DNI faltante,SI
6239,15691-23,DNI faltante,SI
6240,8108-2023,DNI faltante,SI
6242,188141-23,DNI faltante,SI
6243,4077-2023,DNI faltante,SI
6243,4077-2023,Total no coincide con cálculo,SI
6243,4077-2023,Subtotal no coincide con cálculo,SI
6244,688-2022,DNI faltante,SI
6244,688-2022,Total no coincide con cálculo,SI
6244,688-2022,Subtotal no coincide con cálculo,SI
6245,3035-2023,DNI faltante,SI
6245,3035-2023,Total no coincide con cálculo,SI
6245,3035-2023,Subtotal no coincide con cálculo,SI
6246,7915-2023,DNI faltante,SI
6247,LEGACY-6247,DNI faltante,SI
6248,E2241069,DNI faltante,SI
6248,E2241069,Total no coincide con cálculo,SI
6248,E2241069,Subtotal no coincide con cálculo,SI
6249,123090-23,DNI faltante,SI
6249,123090-23,Total no coincide con cálculo,SI
6249,123090-23,Subtotal no coincide con cálculo,SI
6250,123090-23,DNI faltante,SI
6250,123090-23,Total no coincide con cálculo,SI
6250,123090-23,Subtotal no coincide con cálculo,SI
6251,123090-23,DNI faltante,SI
6251,123090-23,Total no coincide con cálculo,SI
6251,123090-23,Subtotal no coincide con cálculo,SI
6253,112701-22,Total no coincide con cálculo,SI
6253,112701-22,Subtotal no coincide con cálculo,SI
6254,5048-2023,Total no coincide con cálculo,SI
6254,5048-2023,Subtotal no coincide con cálculo,SI
6256,113964-23,Total no coincide con cálculo,SI
6256,113964-23,Subtotal no coincide con cálculo,SI
6258,8644-22,DNI faltante,SI
6258,8644-22,Total no coincide con cálculo,SI
6258,8644-22,Subtotal no coincide con cálculo,SI
6259,LEGACY-6259,DNI faltante,SI
6260,5189-2023,DNI faltante,SI
6260,5189-2023,Total no coincide con cálculo,SI
6260,5189-2023,Subtotal no coincide con cálculo,SI
6261,5189-2023,DNI faltante,SI
6261,5189-2023,Total no coincide con cálculo,SI
6261,5189-2023,Subtotal no coincide con cálculo,SI
6262,LEGACY-6262,Total no coincide con cálculo,SI
6262,LEGACY-6262,Subtotal no coincide con cálculo,SI
6263,LEGACY-6263,Total no coincide con cálculo,SI
6263,LEGACY-6263,Subtotal no coincide con cálculo,SI
6265,5933-23,DNI faltante,SI
6265,5933-23,Total no coincide con cálculo,SI
6265,5933-23,Subtotal no coincide con cálculo,SI
6266,26426-23,DNI faltante,SI
6267,3302-23,DNI faltante,SI
6267,3302-23,Total no coincide con cálculo,SI
6267,3302-23,Subtotal no coincide con cálculo,SI
6268,7906-2023,DNI faltante,SI
6269,E-1600-23,DNI faltante,SI
6270,4060-2023,DNI faltante,SI
6270,4060-2023,Total no coincide con cálculo,SI
6270,4060-2023,Subtotal no coincide con cálculo,SI
6271,4060-2023,DNI faltante,SI
6271,4060-2023,Total no coincide con cálculo,SI
6271,4060-2023,Subtotal no coincide con cálculo,SI
6272,4060-2023,DNI faltante,SI
6272,4060-2023,Total no coincide con cálculo,SI
6272,4060-2023,Subtotal no coincide con cálculo,SI
6273,62725-23,DNI faltante,SI
6275,LEGACY-6275,DNI faltante,SI
6275,LEGACY-6275,Total no coincide con cálculo,SI
6275,LEGACY-6275,Subtotal no coincide con cálculo,SI
6277,LEGACY-6277,Total no coincide con cálculo,SI
6277,LEGACY-6277,Subtotal no coincide con cálculo,SI
6278,3284-2023,DNI faltante,SI
6278,3284-2023,Total no coincide con cálculo,SI
6278,3284-2023,Subtotal no coincide con cálculo,SI
6279,7551-2023,DNI faltante,SI
6279,7551-2023,Total no coincide con cálculo,SI
6279,7551-2023,Subtotal no coincide con cálculo,SI
6281,12901-2023,DNI faltante,SI
6281,12901-2023,Total no coincide con cálculo,SI
6281,12901-2023,Subtotal no coincide con cálculo,SI
6282,LEGACY-6282,DNI faltante,SI
6283,23968,DNI faltante,SI
6284,11657-23,DNI faltante,SI
6284,11657-23,Total no coincide con cálculo,SI
6284,11657-23,Subtotal no coincide con cálculo,SI
6285,4279-23,DNI faltante,SI
6285,4279-23,Total no coincide con cálculo,SI
6285,4279-23,Subtotal no coincide con cálculo,SI
6286,,ERROR: RAZONSOCIAL/NOMBRE is empty,NO
6288,LEGACY-6288,DNI faltante,SI
6288,LEGACY-6288,Total no coincide con cálculo,SI
6288,LEGACY-6288,Subtotal no coincide con cálculo,SI
6289,LEGACY-6289,DNI faltante,SI
6290,4751-2022,DNI faltante,SI
6290,4751-2022,Total no coincide con cálculo,SI
6290,4751-2022,Subtotal no coincide con cálculo,SI
6291,30883-23,DNI faltante,SI
6292,LEGACY-6292,DNI faltante,SI
6293,LEGACY-6293,DNI faltante,SI
6293,LEGACY-6293,Total no coincide con cálculo,SI
6293,LEGACY-6293,Subtotal no coincide con cálculo,SI
6294,LEGACY-6294,DNI faltante,SI
6295,LEGACY-6295,DNI faltante,SI
6297,LEGACY-6297,DNI faltante,SI
6298,5769,DNI faltante,SI
6298,5769,Total no coincide con cálculo,SI
6298,5769,Subtotal no coincide con cálculo,SI
6299,185003,DNI faltante,SI
6301,22897-23,DNI faltante,SI
6302,5995-23,DNI faltante,SI
6302,5995-23,Total no coincide con cálculo,SI
6302,5995-23,Subtotal no coincide con cálculo,SI
6304,7452-2023,DNI faltante,SI
6304,7452-2023,Total no coincide con cálculo,SI
6304,7452-2023,Subtotal no coincide con cálculo,SI
6305,LEGACY-6305,DNI faltante,SI
6307,,ERROR: RAZONSOCIAL/NOMBRE is empty,NO
6308,LEGACY-6308,DNI faltante,SI
6310,5795-2023,DNI faltante,SI
6310,5795-2023,Total no coincide con cálculo,SI
6310,5795-2023,Subtotal no coincide con cálculo,SI
6311,3031-2022,DNI faltante,SI
6311,3031-2022,Total no coincide con cálculo,SI
6311,3031-2022,Subtotal no coincide con cálculo,SI
6312,12820-23,Total no coincide con cálculo,SI
6313,143214-23,Total no coincide con cálculo,SI
6313,143214-23,Subtotal no coincide con cálculo,SI
6314,143214-23,Total no coincide con cálculo,SI
6314,143214-23,Subtotal no coincide con cálculo,SI
6315,LEGACY-6315,Total no coincide con cálculo,SI
6315,LEGACY-6315,Subtotal no coincide con cálculo,SI
6317,LEGACY-6317,DNI faltante,SI
6317,LEGACY-6317,Total no coincide con cálculo,SI
6317,LEGACY-6317,Subtotal no coincide con cálculo,SI
6318,3047-2023,DNI faltante,SI
6318,3047-2023,Total no coincide con cálculo,SI
6318,3047-2023,Subtotal no coincide con cálculo,SI
6319,LEGACY-6319,DNI faltante,SI
6320,5437-2023,DNI faltante,SI
6320,5437-2023,Total no coincide con cálculo,SI
6320,5437-2023,Subtotal no coincide con cálculo,SI
6321,42600-23,Total no coincide con cálculo,SI
6321,42600-23,Subtotal no coincide con cálculo,SI
6324,3643-2023,Total no coincide con cálculo,SI
6324,3643-2023,Subtotal no coincide con cálculo,SI
6325,2042-2019,DNI faltante,SI
6326,23900,Total no coincide con cálculo,SI
6326,23900,Subtotal no coincide con cálculo,SI
6327,LEGACY-6327,DNI faltante,SI
6329,23897,Total no coincide con cálculo,SI
6329,23897,Subtotal no coincide con cálculo,SI
6330,83986-23,DNI faltante,SI
6330,83986-23,Total no coincide con cálculo,SI
6330,83986-23,Subtotal no coincide con cálculo,SI
6331,LEGACY-6331,Total no coincide con cálculo,SI
6331,LEGACY-6331,Subtotal no coincide con cálculo,SI
6332,117841-22,DNI faltante,SI
6332,117841-22,Total no coincide con cálculo,SI
6332,117841-22,Subtotal no coincide con cálculo,SI
6333,LEGACY-6333,DNI faltante,SI
6334,4937-2023,DNI faltante,SI
6334,4937-2023,Total no coincide con cálculo,SI
6334,4937-2023,Subtotal no coincide con cálculo,SI
6335,7674-2023,DNI faltante,SI
6338,LEGACY-6338,DNI faltante,SI
6339,7225-2023,DNI faltante,SI
6339,7225-2023,Total no coincide con cálculo,SI
6340,77406-2024,DNI faltante,SI
6340,77406-2024,Total no coincide con cálculo,SI
6340,77406-2024,Subtotal no coincide con cálculo,SI
6343,29866-2023,Total no coincide con cálculo,SI
6343,29866-2023,Subtotal no coincide con cálculo,SI
6346,LEGACY-6346,DNI faltante,SI
6346,LEGACY-6346,Total no coincide con cálculo,SI
6346,LEGACY-6346,Subtotal no coincide con cálculo,SI
6347,121999-23,DNI faltante,SI
6351,814-2019,Total no coincide con cálculo,SI
6351,814-2019,Subtotal no coincide con cálculo,SI
6352,121162,DNI faltante,SI
6353,LEGACY-6353,DNI faltante,SI
6354,7681,Total no coincide con cálculo,SI
6354,7681,Subtotal no coincide con cálculo,SI
6355,7016-2023,DNI faltante,SI
6357,17849-23,DNI faltante,SI
6358,6997-2023,DNI faltante,SI
6359,17016-23,DNI faltante,SI
6359,17016-23,Total no coincide con cálculo,SI
6359,17016-23,Subtotal no coincide con cálculo,SI
6361,9194-2023,DNI faltante,SI
6361,9194-2023,Total no coincide con cálculo,SI
6361,9194-2023,Subtotal no coincide con cálculo,SI
6362,LEGACY-6362,DNI faltante,SI
6364,4052-2023,DNI faltante,SI
6364,4052-2023,Total no coincide con cálculo,SI
6364,4052-2023,Subtotal no coincide con cálculo,SI
6365,10116-2023,DNI faltante,SI
6365,10116-2023,Total no coincide con cálculo,SI
6365,10116-2023,Subtotal no coincide con cálculo,SI
6367,56836-23,DNI faltante,SI
6369,121192-23,DNI faltante,SI
6371,253,DNI faltante,SI
6372,4710-2022,DNI faltante,SI
6372,4710-2022,Total no coincide con cálculo,SI
6372,4710-2022,Subtotal no coincide con cálculo,SI
6374,29124-23,DNI faltante,SI
6374,29124-23,Total no coincide con cálculo,SI
6374,29124-23,Subtotal no coincide con cálculo,SI
6375,LEGACY-6375,DNI faltante,SI
6376,5268-2022,DNI faltante,SI
6376,5268-2022,Total no coincide con cálculo,SI
6376,5268-2022,Subtotal no coincide con cálculo,SI
6377,5268-2022,DNI faltante,SI
6377,5268-2022,Total no coincide con cálculo,SI
6377,5268-2022,Subtotal no coincide con cálculo,SI
6378,4404-2023,DNI faltante,SI
6378,4404-2023,Total no coincide con cálculo,SI
6378,4404-2023,Subtotal no coincide con cálculo,SI
6379,4404-2023,DNI faltante,SI
6379,4404-2023,Total no coincide con cálculo,SI
6379,4404-2023,Subtotal no coincide con cálculo,SI
6380,4404-2023,DNI faltante,SI
6380,4404-2023,Total no coincide con cálculo,SI
6380,4404-2023,Subtotal no coincide con cálculo,SI
6381,,ERROR: RAZONSOCIAL/NOMBRE is empty,NO
6382,18223-2023,DNI faltante,SI
6382,18223-2023,Total no coincide con cálculo,SI
6382,18223-2023,Subtotal no coincide con cálculo,SI
6383,104024-23,Total no coincide con cálculo,SI
6383,104024-23,Subtotal no coincide con cálculo,SI
6384,173057-23,DNI faltante,SI
6385,120902-23,DNI faltante,SI
6385,120902-23,Total no coincide con cálculo,SI
6385,120902-23,Subtotal no coincide con cálculo,SI
6386,186226-23,DNI faltante,SI
6387,116557,DNI faltante,SI
6387,116557,Total no coincide con cálculo,SI
6387,116557,Subtotal no coincide con cálculo,SI
6388,116557-23,DNI faltante,SI
6388,116557-23,Total no coincide con cálculo,SI
6388,116557-23,Subtotal no coincide con cálculo,SI
6389,116557-23,DNI faltante,SI
6389,116557-23,Total no coincide con cálculo,SI
6389,116557-23,Subtotal no coincide con cálculo,SI
6390,,Distrito vacío (DPTOPRDI),NO
6391,171528-23,DNI faltante,SI
6391,171528-23,Total no coincide con cálculo,SI
6391,171528-23,Subtotal no coincide con cálculo,SI
6392,4732-2023,DNI faltante,SI
6392,4732-2023,Total no coincide con cálculo,SI
6392,4732-2023,Subtotal no coincide con cálculo,SI
6394,LEGACY-6394,Total no coincide con cálculo,SI
6395,21521-23,DNI faltante,SI
6395,21521-23,Total no coincide con cálculo,SI
6396,E-4120-202,DNI faltante,SI
6396,E-4120-202,Total no coincide con cálculo,SI
6396,E-4120-202,Subtotal no coincide con cálculo,SI
6397,1554-2024,DNI faltante,SI
6397,1554-2024,Total no coincide con cálculo,SI
6397,1554-2024,Subtotal no coincide con cálculo,SI
6398,17849-23,DNI faltante,SI
6399,03566-2020,DNI faltante,SI
6399,03566-2020,Total no coincide con cálculo,SI
6399,03566-2020,Subtotal no coincide con cálculo,SI
6400,03566-2020,DNI faltante,SI
6400,03566-2020,Total no coincide con cálculo,SI
6400,03566-2020,Subtotal no coincide con cálculo,SI
6401,5372-2024,DNI faltante,SI
6401,5372-2024,Total no coincide con cálculo,SI
6401,5372-2024,Subtotal no coincide con cálculo,SI
6402,5372-2024,DNI faltante,SI
6402,5372-2024,Total no coincide con cálculo,SI
6402,5372-2024,Subtotal no coincide con cálculo,SI
6403,5372-2024,DNI faltante,SI
6403,5372-2024,Total no coincide con cálculo,SI
6403,5372-2024,Subtotal no coincide con cálculo,SI
6404,LEGACY-6404,DNI faltante,SI
6404,LEGACY-6404,Total no coincide con cálculo,SI
6404,LEGACY-6404,Subtotal no coincide con cálculo,SI
6405,23406,Total no coincide con cálculo,SI
6405,23406,Subtotal no coincide con cálculo,SI
6406,6958-2022,DNI faltante,SI
6406,6958-2022,Total no coincide con cálculo,SI
6406,6958-2022,Subtotal no coincide con cálculo,SI
6407,6958-2022,DNI faltante,SI
6407,6958-2022,Total no coincide con cálculo,SI
6407,6958-2022,Subtotal no coincide con cálculo,SI
6408,56413-2023,DNI faltante,SI
6410,6800-2023,DNI faltante,SI
6411,21457-23,DNI faltante,SI
6412,21466-23,Total no coincide con cálculo,SI
6413,58810-23,DNI faltante,SI
6415,3523-2023,DNI faltante,SI
6415,3523-2023,Total no coincide con cálculo,SI
6415,3523-2023,Subtotal no coincide con cálculo,SI
6416,120395-23,DNI faltante,SI
6416,120395-23,Total no coincide con cálculo,SI
6416,120395-23,Subtotal no coincide con cálculo,SI
6417,LEGACY-6417,DNI faltante,SI
6418,5221-2023,DNI faltante,SI
6418,5221-2023,Total no coincide con cálculo,SI
6418,5221-2023,Subtotal no coincide con cálculo,SI
6419,6751-2023,DNI faltante,SI
6420,8791-2023,Total no coincide con cálculo,SI
6420,8791-2023,Subtotal no coincide con cálculo,SI
6421,4374-2023,DNI faltante,SI
6422,LEGACY-6422,DNI faltante,SI
6423,1880-2023,DNI faltante,SI
6423,1880-2023,Total no coincide con cálculo,SI
6423,1880-2023,Subtotal no coincide con cálculo,SI
6424,LEGACY-6424,Total no coincide con cálculo,SI
6424,LEGACY-6424,Subtotal no coincide con cálculo,SI
6425,17533,DNI faltante,SI
6425,17533,Total no coincide con cálculo,SI
6425,17533,Subtotal no coincide con cálculo,SI
6426,25306-2023,DNI faltante,SI
6426,25306-2023,Total no coincide con cálculo,SI
6428,13199-23,DNI faltante,SI
6428,13199-23,Total no coincide con cálculo,SI
6428,13199-23,Subtotal no coincide con cálculo,SI
6429,13199-23,DNI faltante,SI
6429,13199-23,Total no coincide con cálculo,SI
6429,13199-23,Subtotal no coincide con cálculo,SI
6430,13199-23,DNI faltante,SI
6430,13199-23,Total no coincide con cálculo,SI
6430,13199-23,Subtotal no coincide con cálculo,SI
6431,121682-23,DNI faltante,SI
6434,LEGACY-6434,DNI faltante,SI
6435,7180-2023,DNI faltante,SI
6435,7180-2023,Total no coincide con cálculo,SI
6435,7180-2023,Subtotal no coincide con cálculo,SI
6436,LEGACY-6436,DNI faltante,SI
6436,LEGACY-6436,Total no coincide con cálculo,SI
6436,LEGACY-6436,Subtotal no coincide con cálculo,SI
6437,LEGACY-6437,DNI faltante,SI
6438,LEGACY-6438,DNI faltante,SI
6438,LEGACY-6438,Total no coincide con cálculo,SI
6438,LEGACY-6438,Subtotal no coincide con cálculo,SI
6439,17283-23,DNI faltante,SI
6441,28541-23,Total no coincide con cálculo,SI
6441,28541-23,Subtotal no coincide con cálculo,SI
6442,7031-2024,DNI faltante,SI
6443,,ERROR: RAZONSOCIAL/NOMBRE is empty,NO
6446,3528-2022,DNI faltante,SI
6446,3528-2022,Total no coincide con cálculo,SI
6446,3528-2022,Subtotal no coincide con cálculo,SI
6447,3528-2022,DNI faltante,SI
6447,3528-2022,Total no coincide con cálculo,SI
6447,3528-2022,Subtotal no coincide con cálculo,SI
6448,3528-2022,DNI faltante,SI
6448,3528-2022,Total no coincide con cálculo,SI
6448,3528-2022,Subtotal no coincide con cálculo,SI
6449,18682-23,DNI faltante,SI
6449,18682-23,Total no coincide con cálculo,SI
6449,18682-23,Subtotal no coincide con cálculo,SI
6450,LEGACY-6450,DNI faltante,SI
6452,,ERROR: RAZONSOCIAL/NOMBRE is empty,NO
6453,06214-22,DNI faltante,SI
6453,06214-22,Total no coincide con cálculo,SI
6453,06214-22,Subtotal no coincide con cálculo,SI
6455,4492-2023,Total no coincide con cálculo,SI
6455,4492-2023,Subtotal no coincide con cálculo,SI
6456,LEGACY-6456,DNI faltante,SI
6457,24147-23,DNI faltante,SI
6457,24147-23,Total no coincide con cálculo,SI
6457,24147-23,Subtotal no coincide con cálculo,SI
6458,6782-2023,DNI faltante,SI
6459,19693-23,DNI faltante,SI
6460,20068-23,DNI faltante,SI
6461,218795-23,DNI faltante,SI
6463,15731-2023,DNI faltante,SI
6463,15731-2023,Total no coincide con cálculo,SI
6463,15731-2023,Subtotal no coincide con cálculo,SI
6464,LEGACY-6464,DNI faltante,SI
6464,LEGACY-6464,Total no coincide con cálculo,SI
6464,LEGACY-6464,Subtotal no coincide con cálculo,SI
6465,23545,Total no coincide con cálculo,SI
6465,23545,Subtotal no coincide con cálculo,SI
6466,0423-2023,DNI faltante,SI
6466,0423-2023,Total no coincide con cálculo,SI
6466,0423-2023,Subtotal no coincide con cálculo,SI
6468,239-16,DNI faltante,SI
6468,239-16,NROREV anómalo: 9,SI
6468,239-16,Total no coincide con cálculo,SI
6468,239-16,Subtotal no coincide con cálculo,SI
6469,17284-2023,DNI faltante,SI
6470,2246-2023,DNI faltante,SI
6470,2246-2023,Total no coincide con cálculo,SI
6470,2246-2023,Subtotal no coincide con cálculo,SI
6471,LEGACY-6471,DNI faltante,SI
6472,LEGACY-6472,DNI faltante,SI
6472,LEGACY-6472,Total no coincide con cálculo,SI
6472,LEGACY-6472,Subtotal no coincide con cálculo,SI
6473,LEGACY-6473,DNI faltante,SI
6474,17054-23,DNI faltante,SI
6474,17054-23,Total no coincide con cálculo,SI
6474,17054-23,Subtotal no coincide con cálculo,SI
6478,3702-2023,Total no coincide con cálculo,SI
6478,3702-2023,Subtotal no coincide con cálculo,SI
6479,4199-2023,DNI faltante,SI
6479,4199-2023,Total no coincide con cálculo,SI
6479,4199-2023,Subtotal no coincide con cálculo,SI
6480,23655,Total no coincide con cálculo,SI
6480,23655,Subtotal no coincide con cálculo,SI
6482,,ERROR: RAZONSOCIAL/NOMBRE is empty,NO
6483,23655,Total no coincide con cálculo,SI
6483,23655,Subtotal no coincide con cálculo,SI
6484,,ERROR: RAZONSOCIAL/NOMBRE is empty,NO
6485,LEGACY-6485,DNI faltante,SI
6487,1028-2023,DNI faltante,SI
6487,1028-2023,Total no coincide con cálculo,SI
6487,1028-2023,Subtotal no coincide con cálculo,SI
6488,LEGACY-6488,DNI faltante,SI
6488,LEGACY-6488,Total no coincide con cálculo,SI
6488,LEGACY-6488,Subtotal no coincide con cálculo,SI
6489,4157-2023,DNI faltante,SI
6489,4157-2023,Total no coincide con cálculo,SI
6489,4157-2023,Subtotal no coincide con cálculo,SI
6490,104493-23,DNI faltante,SI
6490,104493-23,Total no coincide con cálculo,SI
6490,104493-23,Subtotal no coincide con cálculo,SI
6491,4157-2023,DNI faltante,SI
6491,4157-2023,Total no coincide con cálculo,SI
6491,4157-2023,Subtotal no coincide con cálculo,SI
6492,104493-23,DNI faltante,SI
6492,104493-23,Total no coincide con cálculo,SI
6492,104493-23,Subtotal no coincide con cálculo,SI
6494,4011-2023,Total no coincide con cálculo,SI
6494,4011-2023,Subtotal no coincide con cálculo,SI
6495,LEGACY-6495,DNI faltante,SI
6496,14322-23,DNI faltante,SI
6496,14322-23,Total no coincide con cálculo,SI
6496,14322-23,Subtotal no coincide con cálculo,SI
6497,6513-2023,DNI faltante,SI
6499,112759-23,DNI faltante,SI
6499,112759-23,Total no coincide con cálculo,SI
6499,112759-23,Subtotal no coincide con cálculo,SI
6500,8163,DNI faltante,SI
6500,8163,Total no coincide con cálculo,SI
6500,8163,Subtotal no coincide con cálculo,SI
6501,8163,DNI faltante,SI
6501,8163,Total no coincide con cálculo,SI
6501,8163,Subtotal no coincide con cálculo,SI
6502,09089-2022,Total no coincide con cálculo,SI
6502,09089-2022,Subtotal no coincide con cálculo,SI
6503,09089-2022,Total no coincide con cálculo,SI
6503,09089-2022,Subtotal no coincide con cálculo,SI
6504,8163,DNI faltante,SI
6504,8163,Total no coincide con cálculo,SI
6504,8163,Subtotal no coincide con cálculo,SI
6505,09089-2022,Total no coincide con cálculo,SI
6505,09089-2022,Subtotal no coincide con cálculo,SI
6507,19946-23,Total no coincide con cálculo,SI
6507,19946-23,Subtotal no coincide con cálculo,SI
6508,6782-2023,DNI faltante,SI
6510,LEGACY-6510,DNI faltante,SI
6510,LEGACY-6510,Total no coincide con cálculo,SI
6510,LEGACY-6510,Subtotal no coincide con cálculo,SI
6511,,NRO == 0,NO
6512,,NRO == 0,NO
6513,,NRO == 0,NO
6514,,NRO == 0,NO
6515,,NRO == 0,NO
6516,,NRO == 0,NO
6517,,NRO == 0,NO
6518,,NRO == 0,NO
6519,,NRO == 0,NO
6520,,NRO == 0,NO
6521,,NRO == 0,NO
6522,,NRO == 0,NO
6523,,NRO == 0,NO
6524,,NRO == 0,NO
6525,,NRO == 0,NO
6526,,NRO == 0,NO
6527,,NRO == 0,NO
