periodo,tipo_comision,especialidad,documento,nro_original,municipalidad,municipalidad_orden_en_fila,municipalidades_en_fila,es_fila_desagregada,municipalidades_original,titular_1_cip,titular_1_nombre,titular_2_cip,titular_2_nombre,alterno_cip,alterno_nombre,source_url,observaciones
SEPTIEMBRE 2025 A AGOSTO 2026,EDIFICACION,INGENIERIA SANITARIA,Comisiones Técnicas Calificadoras de Proyectos de Edificación - Delegados titulares y alternos de Ingeniería Sanitaria,1,CERCADO DE LIMA,1,1,FALSE,CERCADO DE LIMA,6502,ALBINAGORTA JARAMILLO JORGE ALBERTO,,,8311,RAMOS SAAVEDRA JOSE UBALDO,https://cam.ciplima.org.pe/wp-content/uploads/2025/10/Comision-Tecnica-Edificacion-Ingenieria-Sanitaria-1.pdf,
SEPTIEMBRE 2025 A AGOSTO 2026,EDIFICACION,INGENIERIA SANITARIA,Comisiones Técnicas Calificadoras de Proyectos de Edificación - Delegados titulares y alternos de Ingeniería Sanitaria,1-1,CENTRO HISTORICO,1,1,FALSE,CENTRO HISTORICO,8311,RAMOS SAAVEDRA JOSE UBALDO,,,53133,HIDALGO HUERTAS GUSTAVO ADOLFO,https://cam.ciplima.org.pe/wp-content/uploads/2025/10/Comision-Tecnica-Edificacion-Ingenieria-Sanitaria-1.pdf,
SEPTIEMBRE 2025 A AGOSTO 2026,EDIFICACION,INGENIERIA SANITARIA,Comisiones Técnicas Calificadoras de Proyectos de Edificación - Delegados titulares y alternos de Ingeniería Sanitaria,1-2,COMISION AD HOC,1,1,FALSE,COMISION AD HOC,53133,HIDALGO HUERTAS GUSTAVO ADOLFO,,,28365,TAY WO CHONG TANG JULIO,https://cam.ciplima.org.pe/wp-content/uploads/2025/10/Comision-Tecnica-Edificacion-Ingenieria-Sanitaria-1.pdf,
SEPTIEMBRE 2025 A AGOSTO 2026,EDIFICACION,INGENIERIA SANITARIA,Comisiones Técnicas Calificadoras de Proyectos de Edificación - Delegados titulares y alternos de Ingeniería Sanitaria,2,ANCON,1,1,FALSE,ANCON,8311,RAMOS SAAVEDRA JOSE UBALDO,,,77632,LOPEZ DIAZ JUAN CARLOS,https://cam.ciplima.org.pe/wp-content/uploads/2025/10/Comision-Tecnica-Edificacion-Ingenieria-Sanitaria-1.pdf,
SEPTIEMBRE 2025 A AGOSTO 2026,EDIFICACION,INGENIERIA SANITARIA,Comisiones Técnicas Calificadoras de Proyectos de Edificación - Delegados titulares y alternos de Ingeniería Sanitaria,3,ATE VITARTE,1,1,FALSE,ATE VITARTE,141145,DE LA CRUZ ALIAGA CARMEN JULIA,,,16932,ESTEBAN PALOMINO YONEL CLEVER,https://cam.ciplima.org.pe/wp-content/uploads/2025/10/Comision-Tecnica-Edificacion-Ingenieria-Sanitaria-1.pdf,
SEPTIEMBRE 2025 A AGOSTO 2026,EDIFICACION,INGENIERIA SANITARIA,Comisiones Técnicas Calificadoras de Proyectos de Edificación - Delegados titulares y alternos de Ingeniería Sanitaria,4,BARRANCO,1,1,FALSE,BARRANCO,42568,SIERRA SERRANO TIMOTEO ALEJANDRO,,,102986,VILLEGAS ORIHUELA ALFREDO MARIANO,https://cam.ciplima.org.pe/wp-content/uploads/2025/10/Comision-Tecnica-Edificacion-Ingenieria-Sanitaria-1.pdf,
SEPTIEMBRE 2025 A AGOSTO 2026,EDIFICACION,INGENIERIA SANITARIA,Comisiones Técnicas Calificadoras de Proyectos de Edificación - Delegados titulares y alternos de Ingeniería Sanitaria,5,BREÑA,1,1,FALSE,BREÑA,16932,ESTEBAN PALOMINO YONEL CLEVER,,,141145,DE LA CRUZ ALIAGA CARMEN JULIA,https://cam.ciplima.org.pe/wp-content/uploads/2025/10/Comision-Tecnica-Edificacion-Ingenieria-Sanitaria-1.pdf,
SEPTIEMBRE 2025 A AGOSTO 2026,EDIFICACION,INGENIERIA SANITARIA,Comisiones Técnicas Calificadoras de Proyectos de Edificación - Delegados titulares y alternos de Ingeniería Sanitaria,6,CARABAYLLO,1,1,FALSE,CARABAYLLO,28365,TAY WO CHONG TANG JULIO,,,60441,ALBUJAR ESCUDERO SOCIMO TOMAS,https://cam.ciplima.org.pe/wp-content/uploads/2025/10/Comision-Tecnica-Edificacion-Ingenieria-Sanitaria-1.pdf,
SEPTIEMBRE 2025 A AGOSTO 2026,EDIFICACION,INGENIERIA SANITARIA,Comisiones Técnicas Calificadoras de Proyectos de Edificación - Delegados titulares y alternos de Ingeniería Sanitaria,7,COMAS,1,1,FALSE,COMAS,28365,TAY WO CHONG TANG JULIO,,,77632,LOPEZ DIAZ JUAN CARLOS,https://cam.ciplima.org.pe/wp-content/uploads/2025/10/Comision-Tecnica-Edificacion-Ingenieria-Sanitaria-1.pdf,
SEPTIEMBRE 2025 A AGOSTO 2026,EDIFICACION,INGENIERIA SANITARIA,Comisiones Técnicas Calificadoras de Proyectos de Edificación - Delegados titulares y alternos de Ingeniería Sanitaria,8,CHACLACAYO,1,1,FALSE,CHACLACAYO,28365,TAY WO CHONG TANG JULIO,,,42568,SIERRA SERRANO TIMOTEO ALEJANDRO,https://cam.ciplima.org.pe/wp-content/uploads/2025/10/Comision-Tecnica-Edificacion-Ingenieria-Sanitaria-1.pdf,
SEPTIEMBRE 2025 A AGOSTO 2026,EDIFICACION,INGENIERIA SANITARIA,Comisiones Técnicas Calificadoras de Proyectos de Edificación - Delegados titulares y alternos de Ingeniería Sanitaria,9,CHORRILLOS,1,1,FALSE,CHORRILLOS,77632,LOPEZ DIAZ JUAN CARLOS,,,115447,PADILLA MISAJEL ROMULO ALBERTO,https://cam.ciplima.org.pe/wp-content/uploads/2025/10/Comision-Tecnica-Edificacion-Ingenieria-Sanitaria-1.pdf,
SEPTIEMBRE 2025 A AGOSTO 2026,EDIFICACION,INGENIERIA SANITARIA,Comisiones Técnicas Calificadoras de Proyectos de Edificación - Delegados titulares y alternos de Ingeniería Sanitaria,10,EL AGUSTINO,1,1,FALSE,EL AGUSTINO,141145,DE LA CRUZ ALIAGA CARMEN JULIA,,,100721,PERCCA ALAMO MANUEL ANGEL,https://cam.ciplima.org.pe/wp-content/uploads/2025/10/Comision-Tecnica-Edificacion-Ingenieria-Sanitaria-1.pdf,
SEPTIEMBRE 2025 A AGOSTO 2026,EDIFICACION,INGENIERIA SANITARIA,Comisiones Técnicas Calificadoras de Proyectos de Edificación - Delegados titulares y alternos de Ingeniería Sanitaria,11,JESUS MARIA,1,1,FALSE,JESUS MARIA,102986,VILLEGAS ORIHUELA ALFREDO MARIANO,,,8311,RAMOS SAAVEDRA JOSE UBALDO,https://cam.ciplima.org.pe/wp-content/uploads/2025/10/Comision-Tecnica-Edificacion-Ingenieria-Sanitaria-1.pdf,
SEPTIEMBRE 2025 A AGOSTO 2026,EDIFICACION,INGENIERIA SANITARIA,Comisiones Técnicas Calificadoras de Proyectos de Edificación - Delegados titulares y alternos de Ingeniería Sanitaria,12,LA MOLINA,1,1,FALSE,LA MOLINA,183026,MATOS HUAMAN RONEL DAVID,,,100721,PERCCA ALAMO MANUEL ANGEL,https://cam.ciplima.org.pe/wp-content/uploads/2025/10/Comision-Tecnica-Edificacion-Ingenieria-Sanitaria-1.pdf,
SEPTIEMBRE 2025 A AGOSTO 2026,EDIFICACION,INGENIERIA SANITARIA,Comisiones Técnicas Calificadoras de Proyectos de Edificación - Delegados titulares y alternos de Ingeniería Sanitaria,13,LA VICTORIA,1,1,FALSE,LA VICTORIA,57822,MENDOZA GUIDO JOSE RAFAEL,,,38284,VIDAL VALENZUELA ERNESTO ABELARDO,https://cam.ciplima.org.pe/wp-content/uploads/2025/10/Comision-Tecnica-Edificacion-Ingenieria-Sanitaria-1.pdf,
SEPTIEMBRE 2025 A AGOSTO 2026,EDIFICACION,INGENIERIA SANITARIA,Comisiones Técnicas Calificadoras de Proyectos de Edificación - Delegados titulares y alternos de Ingeniería Sanitaria,14,LINCE,1,1,FALSE,LINCE,102986,VILLEGAS ORIHUELA ALFREDO MARIANO,,,77632,LOPEZ DIAZ JUAN CARLOS,https://cam.ciplima.org.pe/wp-content/uploads/2025/10/Comision-Tecnica-Edificacion-Ingenieria-Sanitaria-1.pdf,
SEPTIEMBRE 2025 A AGOSTO 2026,EDIFICACION,INGENIERIA SANITARIA,Comisiones Técnicas Calificadoras de Proyectos de Edificación - Delegados titulares y alternos de Ingeniería Sanitaria,15,LURIGANCHO – CHOSICA,1,1,FALSE,LURIGANCHO – CHOSICA,183026,MATOS HUAMAN RONEL DAVID,,,42568,SIERRA SERRANO TIMOTEO ALEJANDRO,https://cam.ciplima.org.pe/wp-content/uploads/2025/10/Comision-Tecnica-Edificacion-Ingenieria-Sanitaria-1.pdf,
SEPTIEMBRE 2025 A AGOSTO 2026,EDIFICACION,INGENIERIA SANITARIA,Comisiones Técnicas Calificadoras de Proyectos de Edificación - Delegados titulares y alternos de Ingeniería Sanitaria,15-1,SANTA MARIA DE HUACHIPA,1,1,FALSE,SANTA MARIA DE HUACHIPA,141145,DE LA CRUZ ALIAGA CARMEN JULIA,,,23593,CORNEJO ALVARADO JORGE FRANCISCO,https://cam.ciplima.org.pe/wp-content/uploads/2025/10/Comision-Tecnica-Edificacion-Ingenieria-Sanitaria-1.pdf,
SEPTIEMBRE 2025 A AGOSTO 2026,EDIFICACION,INGENIERIA SANITARIA,Comisiones Técnicas Calificadoras de Proyectos de Edificación - Delegados titulares y alternos de Ingeniería Sanitaria,16,LURIN,1,1,FALSE,LURIN,141145,DE LA CRUZ ALIAGA CARMEN JULIA,,,28365,TAY WO CHONG TANG JULIO,https://cam.ciplima.org.pe/wp-content/uploads/2025/10/Comision-Tecnica-Edificacion-Ingenieria-Sanitaria-1.pdf,
SEPTIEMBRE 2025 A AGOSTO 2026,EDIFICACION,INGENIERIA SANITARIA,Comisiones Técnicas Calificadoras de Proyectos de Edificación - Delegados titulares y alternos de Ingeniería Sanitaria,17,MAGDALENA DEL MAR,1,1,FALSE,MAGDALENA DEL MAR,23593,CORNEJO ALVARADO JORGE FRANCISCO,,,102986,VILLEGAS ORIHUELA ALFREDO MARIANO,https://cam.ciplima.org.pe/wp-content/uploads/2025/10/Comision-Tecnica-Edificacion-Ingenieria-Sanitaria-1.pdf,
SEPTIEMBRE 2025 A AGOSTO 2026,EDIFICACION,INGENIERIA SANITARIA,Comisiones Técnicas Calificadoras de Proyectos de Edificación - Delegados titulares y alternos de Ingeniería Sanitaria,18,MIRAFLORES,1,1,FALSE,MIRAFLORES,115447,PADILLA MISAJEL ROMULO ALBERTO,38284,VIDAL VALENZUELA ERNESTO ABELARDO,16932,ESTEBAN PALOMINO YONEL CLEVER,https://cam.ciplima.org.pe/wp-content/uploads/2025/10/Comision-Tecnica-Edificacion-Ingenieria-Sanitaria-1.pdf,
SEPTIEMBRE 2025 A AGOSTO 2026,EDIFICACION,INGENIERIA SANITARIA,Comisiones Técnicas Calificadoras de Proyectos de Edificación - Delegados titulares y alternos de Ingeniería Sanitaria,19,PACHACAMAC,1,1,FALSE,PACHACAMAC,53133,HIDALGO HUERTAS GUSTAVO ADOLFO,,,141145,DE LA CRUZ ALIAGA CARMEN JULIA,https://cam.ciplima.org.pe/wp-content/uploads/2025/10/Comision-Tecnica-Edificacion-Ingenieria-Sanitaria-1.pdf,
SEPTIEMBRE 2025 A AGOSTO 2026,EDIFICACION,INGENIERIA SANITARIA,Comisiones Técnicas Calificadoras de Proyectos de Edificación - Delegados titulares y alternos de Ingeniería Sanitaria,20,PUCUSANA,1,1,FALSE,PUCUSANA,72389,CASTILLO CHAVEZ JORGE LUIS,,,74281,LOPEZ REAL GABRIEL ROBERTO,https://cam.ciplima.org.pe/wp-content/uploads/2025/10/Comision-Tecnica-Edificacion-Ingenieria-Sanitaria-1.pdf,
SEPTIEMBRE 2025 A AGOSTO 2026,EDIFICACION,INGENIERIA SANITARIA,Comisiones Técnicas Calificadoras de Proyectos de Edificación - Delegados titulares y alternos de Ingeniería Sanitaria,21,PUEBLO LIBRE,1,1,FALSE,PUEBLO LIBRE,57822,MENDOZA GUIDO JOSE RAFAEL,,,183026,MATOS HUAMAN RONEL DAVID,https://cam.ciplima.org.pe/wp-content/uploads/2025/10/Comision-Tecnica-Edificacion-Ingenieria-Sanitaria-1.pdf,
SEPTIEMBRE 2025 A AGOSTO 2026,EDIFICACION,INGENIERIA SANITARIA,Comisiones Técnicas Calificadoras de Proyectos de Edificación - Delegados titulares y alternos de Ingeniería Sanitaria,22,PUENTE PIEDRA,1,1,FALSE,PUENTE PIEDRA,77632,LOPEZ DIAZ JUAN CARLOS,,,42568,SIERRA SERRANO TIMOTEO ALEJANDRO,https://cam.ciplima.org.pe/wp-content/uploads/2025/10/Comision-Tecnica-Edificacion-Ingenieria-Sanitaria-1.pdf,
SEPTIEMBRE 2025 A AGOSTO 2026,EDIFICACION,INGENIERIA SANITARIA,Comisiones Técnicas Calificadoras de Proyectos de Edificación - Delegados titulares y alternos de Ingeniería Sanitaria,23,PUNTA NEGRA,1,1,FALSE,PUNTA NEGRA,100721,PERCCA ALAMO MANUEL ANGEL,,,183026,MATOS HUAMAN RONEL DAVID,https://cam.ciplima.org.pe/wp-content/uploads/2025/10/Comision-Tecnica-Edificacion-Ingenieria-Sanitaria-1.pdf,
SEPTIEMBRE 2025 A AGOSTO 2026,EDIFICACION,INGENIERIA SANITARIA,Comisiones Técnicas Calificadoras de Proyectos de Edificación - Delegados titulares y alternos de Ingeniería Sanitaria,24,PUNTA HERMOSA,1,1,FALSE,PUNTA HERMOSA,183026,MATOS HUAMAN RONEL DAVID,,,141145,DE LA CRUZ ALIAGA CARMEN JULIA,https://cam.ciplima.org.pe/wp-content/uploads/2025/10/Comision-Tecnica-Edificacion-Ingenieria-Sanitaria-1.pdf,
SEPTIEMBRE 2025 A AGOSTO 2026,EDIFICACION,INGENIERIA SANITARIA,Comisiones Técnicas Calificadoras de Proyectos de Edificación - Delegados titulares y alternos de Ingeniería Sanitaria,25,RIMAC,1,1,FALSE,RIMAC,42568,SIERRA SERRANO TIMOTEO ALEJANDRO,,,28365,TAY WO CHONG TANG JULIO,https://cam.ciplima.org.pe/wp-content/uploads/2025/10/Comision-Tecnica-Edificacion-Ingenieria-Sanitaria-1.pdf,
SEPTIEMBRE 2025 A AGOSTO 2026,EDIFICACION,INGENIERIA SANITARIA,Comisiones Técnicas Calificadoras de Proyectos de Edificación - Delegados titulares y alternos de Ingeniería Sanitaria,26,SAN BARTOLO,1,1,FALSE,SAN BARTOLO,8311,RAMOS SAAVEDRA JOSE UBALDO,,,100721,PERCCA ALAMO MANUEL ANGEL,https://cam.ciplima.org.pe/wp-content/uploads/2025/10/Comision-Tecnica-Edificacion-Ingenieria-Sanitaria-1.pdf,
SEPTIEMBRE 2025 A AGOSTO 2026,EDIFICACION,INGENIERIA SANITARIA,Comisiones Técnicas Calificadoras de Proyectos de Edificación - Delegados titulares y alternos de Ingeniería Sanitaria,27,SAN ISIDRO,1,1,FALSE,SAN ISIDRO,38284,VIDAL VALENZUELA ERNESTO ABELARDO,77632,LOPEZ DIAZ JUAN CARLOS,100721,PERCCA ALAMO MANUEL ANGEL,https://cam.ciplima.org.pe/wp-content/uploads/2025/10/Comision-Tecnica-Edificacion-Ingenieria-Sanitaria-1.pdf,
SEPTIEMBRE 2025 A AGOSTO 2026,EDIFICACION,INGENIERIA SANITARIA,Comisiones Técnicas Calificadoras de Proyectos de Edificación - Delegados titulares y alternos de Ingeniería Sanitaria,28,INDEPENDENCIA,1,1,FALSE,INDEPENDENCIA,183026,MATOS HUAMAN RONEL DAVID,,,8311,RAMOS SAAVEDRA JOSE UBALDO,https://cam.ciplima.org.pe/wp-content/uploads/2025/10/Comision-Tecnica-Edificacion-Ingenieria-Sanitaria-1.pdf,
SEPTIEMBRE 2025 A AGOSTO 2026,EDIFICACION,INGENIERIA SANITARIA,Comisiones Técnicas Calificadoras de Proyectos de Edificación - Delegados titulares y alternos de Ingeniería Sanitaria,29,SAN JUAN DE MIRAFLORES,1,1,FALSE,SAN JUAN DE MIRAFLORES,115447,PADILLA MISAJEL ROMULO ALBERTO,,,23593,CORNEJO ALVARADO JORGE FRANCISCO,https://cam.ciplima.org.pe/wp-content/uploads/2025/10/Comision-Tecnica-Edificacion-Ingenieria-Sanitaria-1.pdf,
SEPTIEMBRE 2025 A AGOSTO 2026,EDIFICACION,INGENIERIA SANITARIA,Comisiones Técnicas Calificadoras de Proyectos de Edificación - Delegados titulares y alternos de Ingeniería Sanitaria,30,SAN LUIS,1,1,FALSE,SAN LUIS,115447,PADILLA MISAJEL ROMULO ALBERTO,,,102986,VILLEGAS ORIHUELA ALFREDO MARIANO,https://cam.ciplima.org.pe/wp-content/uploads/2025/10/Comision-Tecnica-Edificacion-Ingenieria-Sanitaria-1.pdf,
SEPTIEMBRE 2025 A AGOSTO 2026,EDIFICACION,INGENIERIA SANITARIA,Comisiones Técnicas Calificadoras de Proyectos de Edificación - Delegados titulares y alternos de Ingeniería Sanitaria,31,SAN MARTIN DE PORRES,1,1,FALSE,SAN MARTIN DE PORRES,16932,ESTEBAN PALOMINO YONEL CLEVER,,,8311,RAMOS SAAVEDRA JOSE UBALDO,https://cam.ciplima.org.pe/wp-content/uploads/2025/10/Comision-Tecnica-Edificacion-Ingenieria-Sanitaria-1.pdf,
SEPTIEMBRE 2025 A AGOSTO 2026,EDIFICACION,INGENIERIA SANITARIA,Comisiones Técnicas Calificadoras de Proyectos de Edificación - Delegados titulares y alternos de Ingeniería Sanitaria,32,SAN MIGUEL,1,1,FALSE,SAN MIGUEL,28365,TAY WO CHONG TANG JULIO,57822,MENDOZA GUIDO JOSE RAFAEL,100721,PERCCA ALAMO MANUEL ANGEL,https://cam.ciplima.org.pe/wp-content/uploads/2025/10/Comision-Tecnica-Edificacion-Ingenieria-Sanitaria-1.pdf,
SEPTIEMBRE 2025 A AGOSTO 2026,EDIFICACION,INGENIERIA SANITARIA,Comisiones Técnicas Calificadoras de Proyectos de Edificación - Delegados titulares y alternos de Ingeniería Sanitaria,33,SANTIAGO DE SURCO,1,1,FALSE,SANTIAGO DE SURCO,23593,CORNEJO ALVARADO JORGE FRANCISCO,38284,VIDAL VALENZUELA ERNESTO ABELARDO,100721,PERCCA ALAMO MANUEL ANGEL,https://cam.ciplima.org.pe/wp-content/uploads/2025/10/Comision-Tecnica-Edificacion-Ingenieria-Sanitaria-1.pdf,
SEPTIEMBRE 2025 A AGOSTO 2026,EDIFICACION,INGENIERIA SANITARIA,Comisiones Técnicas Calificadoras de Proyectos de Edificación - Delegados titulares y alternos de Ingeniería Sanitaria,34,SURQUILLO,1,1,FALSE,SURQUILLO,53133,HIDALGO HUERTAS GUSTAVO ADOLFO,,,6502,ALBINAGORTA JARAMILLO JORGE ALBERTO,https://cam.ciplima.org.pe/wp-content/uploads/2025/10/Comision-Tecnica-Edificacion-Ingenieria-Sanitaria-1.pdf,
SEPTIEMBRE 2025 A AGOSTO 2026,EDIFICACION,INGENIERIA SANITARIA,Comisiones Técnicas Calificadoras de Proyectos de Edificación - Delegados titulares y alternos de Ingeniería Sanitaria,35,VILLA MARIA DEL TRIUNFO,1,1,FALSE,VILLA MARIA DEL TRIUNFO,42568,SIERRA SERRANO TIMOTEO ALEJANDRO,,,77632,LOPEZ DIAZ JUAN CARLOS,https://cam.ciplima.org.pe/wp-content/uploads/2025/10/Comision-Tecnica-Edificacion-Ingenieria-Sanitaria-1.pdf,
SEPTIEMBRE 2025 A AGOSTO 2026,EDIFICACION,INGENIERIA SANITARIA,Comisiones Técnicas Calificadoras de Proyectos de Edificación - Delegados titulares y alternos de Ingeniería Sanitaria,36,SAN JUAN DE LURIGANCHO,1,1,FALSE,SAN JUAN DE LURIGANCHO,77632,LOPEZ DIAZ JUAN CARLOS,,,183026,MATOS HUAMAN RONEL DAVID,https://cam.ciplima.org.pe/wp-content/uploads/2025/10/Comision-Tecnica-Edificacion-Ingenieria-Sanitaria-1.pdf,
SEPTIEMBRE 2025 A AGOSTO 2026,EDIFICACION,INGENIERIA SANITARIA,Comisiones Técnicas Calificadoras de Proyectos de Edificación - Delegados titulares y alternos de Ingeniería Sanitaria,37,SANTA MARIA DEL MAR,1,1,FALSE,SANTA MARIA DEL MAR,74281,LOPEZ REAL GABRIEL ROBERTO,,,72389,CASTILLO CHAVEZ JORGE LUIS,https://cam.ciplima.org.pe/wp-content/uploads/2025/10/Comision-Tecnica-Edificacion-Ingenieria-Sanitaria-1.pdf,
SEPTIEMBRE 2025 A AGOSTO 2026,EDIFICACION,INGENIERIA SANITARIA,Comisiones Técnicas Calificadoras de Proyectos de Edificación - Delegados titulares y alternos de Ingeniería Sanitaria,38,SANTA ROSA,1,1,FALSE,SANTA ROSA,42568,SIERRA SERRANO TIMOTEO ALEJANDRO,,,53133,HIDALGO HUERTAS GUSTAVO ADOLFO,https://cam.ciplima.org.pe/wp-content/uploads/2025/10/Comision-Tecnica-Edificacion-Ingenieria-Sanitaria-1.pdf,
SEPTIEMBRE 2025 A AGOSTO 2026,EDIFICACION,INGENIERIA SANITARIA,Comisiones Técnicas Calificadoras de Proyectos de Edificación - Delegados titulares y alternos de Ingeniería Sanitaria,39,LOS OLIVOS,1,1,FALSE,LOS OLIVOS,60441,ALBUJAR ESCUDERO SOCIMO TOMAS,,,28365,TAY WO CHONG TANG JULIO,https://cam.ciplima.org.pe/wp-content/uploads/2025/10/Comision-Tecnica-Edificacion-Ingenieria-Sanitaria-1.pdf,
SEPTIEMBRE 2025 A AGOSTO 2026,EDIFICACION,INGENIERIA SANITARIA,Comisiones Técnicas Calificadoras de Proyectos de Edificación - Delegados titulares y alternos de Ingeniería Sanitaria,40,CIENEGUILLA,1,1,FALSE,CIENEGUILLA,72389,CASTILLO CHAVEZ JORGE LUIS,,,74281,LOPEZ REAL GABRIEL ROBERTO,https://cam.ciplima.org.pe/wp-content/uploads/2025/10/Comision-Tecnica-Edificacion-Ingenieria-Sanitaria-1.pdf,
SEPTIEMBRE 2025 A AGOSTO 2026,EDIFICACION,INGENIERIA SANITARIA,Comisiones Técnicas Calificadoras de Proyectos de Edificación - Delegados titulares y alternos de Ingeniería Sanitaria,41,SAN BORJA,1,1,FALSE,SAN BORJA,183026,MATOS HUAMAN RONEL DAVID,53133,HIDALGO HUERTAS GUSTAVO ADOLFO,57822,MENDOZA GUIDO JOSE RAFAEL,https://cam.ciplima.org.pe/wp-content/uploads/2025/10/Comision-Tecnica-Edificacion-Ingenieria-Sanitaria-1.pdf,
SEPTIEMBRE 2025 A AGOSTO 2026,EDIFICACION,INGENIERIA SANITARIA,Comisiones Técnicas Calificadoras de Proyectos de Edificación - Delegados titulares y alternos de Ingeniería Sanitaria,42,VILLA EL SALVADOR,1,1,FALSE,VILLA EL SALVADOR,23593,CORNEJO ALVARADO JORGE FRANCISCO,,,42568,SIERRA SERRANO TIMOTEO ALEJANDRO,https://cam.ciplima.org.pe/wp-content/uploads/2025/10/Comision-Tecnica-Edificacion-Ingenieria-Sanitaria-1.pdf,
SEPTIEMBRE 2025 A AGOSTO 2026,EDIFICACION,INGENIERIA SANITARIA,Comisiones Técnicas Calificadoras de Proyectos de Edificación - Delegados titulares y alternos de Ingeniería Sanitaria,43,SANTA ANITA,1,1,FALSE,SANTA ANITA,16932,ESTEBAN PALOMINO YONEL CLEVER,,,141145,DE LA CRUZ ALIAGA CARMEN JULIA,https://cam.ciplima.org.pe/wp-content/uploads/2025/10/Comision-Tecnica-Edificacion-Ingenieria-Sanitaria-1.pdf,
SEPTIEMBRE 2025 A AGOSTO 2026,EDIFICACION,INGENIERIA SANITARIA,Comisiones Técnicas Calificadoras de Proyectos de Edificación - Delegados titulares y alternos de Ingeniería Sanitaria,44,PROVINCIAL DE CAÑETE,1,16,TRUE,"PROVINCIAL DE CAÑETE, SAN ANTONIO DE CAÑETE, ASIA, CERRO AZUL, LUNAHUANA, MALA, CHILCA, IMPERIAL, NUEVO IMPERIAL, SAN LUIS DE CAÑETE, CALANGO, COAYLLO, PACARAN, QUILMANA, SANTA CRUZ DE FLORES, ZUÑIGA",74281,LOPEZ REAL GABRIEL ROBERTO,,,72389,CASTILLO CHAVEZ JORGE LUIS,https://cam.ciplima.org.pe/wp-content/uploads/2025/10/Comision-Tecnica-Edificacion-Ingenieria-Sanitaria-1.pdf,
SEPTIEMBRE 2025 A AGOSTO 2026,EDIFICACION,INGENIERIA SANITARIA,Comisiones Técnicas Calificadoras de Proyectos de Edificación - Delegados titulares y alternos de Ingeniería Sanitaria,44,SAN ANTONIO DE CAÑETE,2,16,TRUE,"PROVINCIAL DE CAÑETE, SAN ANTONIO DE CAÑETE, ASIA, CERRO AZUL, LUNAHUANA, MALA, CHILCA, IMPERIAL, NUEVO IMPERIAL, SAN LUIS DE CAÑETE, CALANGO, COAYLLO, PACARAN, QUILMANA, SANTA CRUZ DE FLORES, ZUÑIGA",74281,LOPEZ REAL GABRIEL ROBERTO,,,72389,CASTILLO CHAVEZ JORGE LUIS,https://cam.ciplima.org.pe/wp-content/uploads/2025/10/Comision-Tecnica-Edificacion-Ingenieria-Sanitaria-1.pdf,
SEPTIEMBRE 2025 A AGOSTO 2026,EDIFICACION,INGENIERIA SANITARIA,Comisiones Técnicas Calificadoras de Proyectos de Edificación - Delegados titulares y alternos de Ingeniería Sanitaria,44,ASIA,3,16,TRUE,"PROVINCIAL DE CAÑETE, SAN ANTONIO DE CAÑETE, ASIA, CERRO AZUL, LUNAHUANA, MALA, CHILCA, IMPERIAL, NUEVO IMPERIAL, SAN LUIS DE CAÑETE, CALANGO, COAYLLO, PACARAN, QUILMANA, SANTA CRUZ DE FLORES, ZUÑIGA",74281,LOPEZ REAL GABRIEL ROBERTO,,,72389,CASTILLO CHAVEZ JORGE LUIS,https://cam.ciplima.org.pe/wp-content/uploads/2025/10/Comision-Tecnica-Edificacion-Ingenieria-Sanitaria-1.pdf,
SEPTIEMBRE 2025 A AGOSTO 2026,EDIFICACION,INGENIERIA SANITARIA,Comisiones Técnicas Calificadoras de Proyectos de Edificación - Delegados titulares y alternos de Ingeniería Sanitaria,44,CERRO AZUL,4,16,TRUE,"PROVINCIAL DE CAÑETE, SAN ANTONIO DE CAÑETE, ASIA, CERRO AZUL, LUNAHUANA, MALA, CHILCA, IMPERIAL, NUEVO IMPERIAL, SAN LUIS DE CAÑETE, CALANGO, COAYLLO, PACARAN, QUILMANA, SANTA CRUZ DE FLORES, ZUÑIGA",74281,LOPEZ REAL GABRIEL ROBERTO,,,72389,CASTILLO CHAVEZ JORGE LUIS,https://cam.ciplima.org.pe/wp-content/uploads/2025/10/Comision-Tecnica-Edificacion-Ingenieria-Sanitaria-1.pdf,
SEPTIEMBRE 2025 A AGOSTO 2026,EDIFICACION,INGENIERIA SANITARIA,Comisiones Técnicas Calificadoras de Proyectos de Edificación - Delegados titulares y alternos de Ingeniería Sanitaria,44,LUNAHUANA,5,16,TRUE,"PROVINCIAL DE CAÑETE, SAN ANTONIO DE CAÑETE, ASIA, CERRO AZUL, LUNAHUANA, MALA, CHILCA, IMPERIAL, NUEVO IMPERIAL, SAN LUIS DE CAÑETE, CALANGO, COAYLLO, PACARAN, QUILMANA, SANTA CRUZ DE FLORES, ZUÑIGA",74281,LOPEZ REAL GABRIEL ROBERTO,,,72389,CASTILLO CHAVEZ JORGE LUIS,https://cam.ciplima.org.pe/wp-content/uploads/2025/10/Comision-Tecnica-Edificacion-Ingenieria-Sanitaria-1.pdf,
SEPTIEMBRE 2025 A AGOSTO 2026,EDIFICACION,INGENIERIA SANITARIA,Comisiones Técnicas Calificadoras de Proyectos de Edificación - Delegados titulares y alternos de Ingeniería Sanitaria,44,MALA,6,16,TRUE,"PROVINCIAL DE CAÑETE, SAN ANTONIO DE CAÑETE, ASIA, CERRO AZUL, LUNAHUANA, MALA, CHILCA, IMPERIAL, NUEVO IMPERIAL, SAN LUIS DE CAÑETE, CALANGO, COAYLLO, PACARAN, QUILMANA, SANTA CRUZ DE FLORES, ZUÑIGA",74281,LOPEZ REAL GABRIEL ROBERTO,,,72389,CASTILLO CHAVEZ JORGE LUIS,https://cam.ciplima.org.pe/wp-content/uploads/2025/10/Comision-Tecnica-Edificacion-Ingenieria-Sanitaria-1.pdf,
SEPTIEMBRE 2025 A AGOSTO 2026,EDIFICACION,INGENIERIA SANITARIA,Comisiones Técnicas Calificadoras de Proyectos de Edificación - Delegados titulares y alternos de Ingeniería Sanitaria,44,CHILCA,7,16,TRUE,"PROVINCIAL DE CAÑETE, SAN ANTONIO DE CAÑETE, ASIA, CERRO AZUL, LUNAHUANA, MALA, CHILCA, IMPERIAL, NUEVO IMPERIAL, SAN LUIS DE CAÑETE, CALANGO, COAYLLO, PACARAN, QUILMANA, SANTA CRUZ DE FLORES, ZUÑIGA",74281,LOPEZ REAL GABRIEL ROBERTO,,,72389,CASTILLO CHAVEZ JORGE LUIS,https://cam.ciplima.org.pe/wp-content/uploads/2025/10/Comision-Tecnica-Edificacion-Ingenieria-Sanitaria-1.pdf,
SEPTIEMBRE 2025 A AGOSTO 2026,EDIFICACION,INGENIERIA SANITARIA,Comisiones Técnicas Calificadoras de Proyectos de Edificación - Delegados titulares y alternos de Ingeniería Sanitaria,44,IMPERIAL,8,16,TRUE,"PROVINCIAL DE CAÑETE, SAN ANTONIO DE CAÑETE, ASIA, CERRO AZUL, LUNAHUANA, MALA, CHILCA, IMPERIAL, NUEVO IMPERIAL, SAN LUIS DE CAÑETE, CALANGO, COAYLLO, PACARAN, QUILMANA, SANTA CRUZ DE FLORES, ZUÑIGA",74281,LOPEZ REAL GABRIEL ROBERTO,,,72389,CASTILLO CHAVEZ JORGE LUIS,https://cam.ciplima.org.pe/wp-content/uploads/2025/10/Comision-Tecnica-Edificacion-Ingenieria-Sanitaria-1.pdf,
SEPTIEMBRE 2025 A AGOSTO 2026,EDIFICACION,INGENIERIA SANITARIA,Comisiones Técnicas Calificadoras de Proyectos de Edificación - Delegados titulares y alternos de Ingeniería Sanitaria,44,NUEVO IMPERIAL,9,16,TRUE,"PROVINCIAL DE CAÑETE, SAN ANTONIO DE CAÑETE, ASIA, CERRO AZUL, LUNAHUANA, MALA, CHILCA, IMPERIAL, NUEVO IMPERIAL, SAN LUIS DE CAÑETE, CALANGO, COAYLLO, PACARAN, QUILMANA, SANTA CRUZ DE FLORES, ZUÑIGA",74281,LOPEZ REAL GABRIEL ROBERTO,,,72389,CASTILLO CHAVEZ JORGE LUIS,https://cam.ciplima.org.pe/wp-content/uploads/2025/10/Comision-Tecnica-Edificacion-Ingenieria-Sanitaria-1.pdf,
SEPTIEMBRE 2025 A AGOSTO 2026,EDIFICACION,INGENIERIA SANITARIA,Comisiones Técnicas Calificadoras de Proyectos de Edificación - Delegados titulares y alternos de Ingeniería Sanitaria,44,SAN LUIS DE CAÑETE,10,16,TRUE,"PROVINCIAL DE CAÑETE, SAN ANTONIO DE CAÑETE, ASIA, CERRO AZUL, LUNAHUANA, MALA, CHILCA, IMPERIAL, NUEVO IMPERIAL, SAN LUIS DE CAÑETE, CALANGO, COAYLLO, PACARAN, QUILMANA, SANTA CRUZ DE FLORES, ZUÑIGA",74281,LOPEZ REAL GABRIEL ROBERTO,,,72389,CASTILLO CHAVEZ JORGE LUIS,https://cam.ciplima.org.pe/wp-content/uploads/2025/10/Comision-Tecnica-Edificacion-Ingenieria-Sanitaria-1.pdf,
SEPTIEMBRE 2025 A AGOSTO 2026,EDIFICACION,INGENIERIA SANITARIA,Comisiones Técnicas Calificadoras de Proyectos de Edificación - Delegados titulares y alternos de Ingeniería Sanitaria,44,CALANGO,11,16,TRUE,"PROVINCIAL DE CAÑETE, SAN ANTONIO DE CAÑETE, ASIA, CERRO AZUL, LUNAHUANA, MALA, CHILCA, IMPERIAL, NUEVO IMPERIAL, SAN LUIS DE CAÑETE, CALANGO, COAYLLO, PACARAN, QUILMANA, SANTA CRUZ DE FLORES, ZUÑIGA",74281,LOPEZ REAL GABRIEL ROBERTO,,,72389,CASTILLO CHAVEZ JORGE LUIS,https://cam.ciplima.org.pe/wp-content/uploads/2025/10/Comision-Tecnica-Edificacion-Ingenieria-Sanitaria-1.pdf,
SEPTIEMBRE 2025 A AGOSTO 2026,EDIFICACION,INGENIERIA SANITARIA,Comisiones Técnicas Calificadoras de Proyectos de Edificación - Delegados titulares y alternos de Ingeniería Sanitaria,44,COAYLLO,12,16,TRUE,"PROVINCIAL DE CAÑETE, SAN ANTONIO DE CAÑETE, ASIA, CERRO AZUL, LUNAHUANA, MALA, CHILCA, IMPERIAL, NUEVO IMPERIAL, SAN LUIS DE CAÑETE, CALANGO, COAYLLO, PACARAN, QUILMANA, SANTA CRUZ DE FLORES, ZUÑIGA",74281,LOPEZ REAL GABRIEL ROBERTO,,,72389,CASTILLO CHAVEZ JORGE LUIS,https://cam.ciplima.org.pe/wp-content/uploads/2025/10/Comision-Tecnica-Edificacion-Ingenieria-Sanitaria-1.pdf,
SEPTIEMBRE 2025 A AGOSTO 2026,EDIFICACION,INGENIERIA SANITARIA,Comisiones Técnicas Calificadoras de Proyectos de Edificación - Delegados titulares y alternos de Ingeniería Sanitaria,44,PACARAN,13,16,TRUE,"PROVINCIAL DE CAÑETE, SAN ANTONIO DE CAÑETE, ASIA, CERRO AZUL, LUNAHUANA, MALA, CHILCA, IMPERIAL, NUEVO IMPERIAL, SAN LUIS DE CAÑETE, CALANGO, COAYLLO, PACARAN, QUILMANA, SANTA CRUZ DE FLORES, ZUÑIGA",74281,LOPEZ REAL GABRIEL ROBERTO,,,72389,CASTILLO CHAVEZ JORGE LUIS,https://cam.ciplima.org.pe/wp-content/uploads/2025/10/Comision-Tecnica-Edificacion-Ingenieria-Sanitaria-1.pdf,
SEPTIEMBRE 2025 A AGOSTO 2026,EDIFICACION,INGENIERIA SANITARIA,Comisiones Técnicas Calificadoras de Proyectos de Edificación - Delegados titulares y alternos de Ingeniería Sanitaria,44,QUILMANA,14,16,TRUE,"PROVINCIAL DE CAÑETE, SAN ANTONIO DE CAÑETE, ASIA, CERRO AZUL, LUNAHUANA, MALA, CHILCA, IMPERIAL, NUEVO IMPERIAL, SAN LUIS DE CAÑETE, CALANGO, COAYLLO, PACARAN, QUILMANA, SANTA CRUZ DE FLORES, ZUÑIGA",74281,LOPEZ REAL GABRIEL ROBERTO,,,72389,CASTILLO CHAVEZ JORGE LUIS,https://cam.ciplima.org.pe/wp-content/uploads/2025/10/Comision-Tecnica-Edificacion-Ingenieria-Sanitaria-1.pdf,
SEPTIEMBRE 2025 A AGOSTO 2026,EDIFICACION,INGENIERIA SANITARIA,Comisiones Técnicas Calificadoras de Proyectos de Edificación - Delegados titulares y alternos de Ingeniería Sanitaria,44,SANTA CRUZ DE FLORES,15,16,TRUE,"PROVINCIAL DE CAÑETE, SAN ANTONIO DE CAÑETE, ASIA, CERRO AZUL, LUNAHUANA, MALA, CHILCA, IMPERIAL, NUEVO IMPERIAL, SAN LUIS DE CAÑETE, CALANGO, COAYLLO, PACARAN, QUILMANA, SANTA CRUZ DE FLORES, ZUÑIGA",74281,LOPEZ REAL GABRIEL ROBERTO,,,72389,CASTILLO CHAVEZ JORGE LUIS,https://cam.ciplima.org.pe/wp-content/uploads/2025/10/Comision-Tecnica-Edificacion-Ingenieria-Sanitaria-1.pdf,
SEPTIEMBRE 2025 A AGOSTO 2026,EDIFICACION,INGENIERIA SANITARIA,Comisiones Técnicas Calificadoras de Proyectos de Edificación - Delegados titulares y alternos de Ingeniería Sanitaria,44,ZUÑIGA,16,16,TRUE,"PROVINCIAL DE CAÑETE, SAN ANTONIO DE CAÑETE, ASIA, CERRO AZUL, LUNAHUANA, MALA, CHILCA, IMPERIAL, NUEVO IMPERIAL, SAN LUIS DE CAÑETE, CALANGO, COAYLLO, PACARAN, QUILMANA, SANTA CRUZ DE FLORES, ZUÑIGA",74281,LOPEZ REAL GABRIEL ROBERTO,,,72389,CASTILLO CHAVEZ JORGE LUIS,https://cam.ciplima.org.pe/wp-content/uploads/2025/10/Comision-Tecnica-Edificacion-Ingenieria-Sanitaria-1.pdf,
SEPTIEMBRE 2025 A AGOSTO 2026,EDIFICACION,INGENIERIA SANITARIA,Comisiones Técnicas Calificadoras de Proyectos de Edificación - Delegados titulares y alternos de Ingeniería Sanitaria,45,HUARAL,1,11,TRUE,"HUARAL, IHUARI, SUMBILCA, PACARAOS, LAMPIAN, ATAVILLOS ALTO, ATAVILLOS BAJO, SAN MIGUEL DE ACOS, SANTA CRUZ DE ANDAMARCA, AUCALLAMA, 27 DE NOVIEMBRE",23593,CORNEJO ALVARADO JORGE FRANCISCO,,,16932,ESTEBAN PALOMINO YONEL CLEVER,https://cam.ciplima.org.pe/wp-content/uploads/2025/10/Comision-Tecnica-Edificacion-Ingenieria-Sanitaria-1.pdf,
SEPTIEMBRE 2025 A AGOSTO 2026,EDIFICACION,INGENIERIA SANITARIA,Comisiones Técnicas Calificadoras de Proyectos de Edificación - Delegados titulares y alternos de Ingeniería Sanitaria,45,IHUARI,2,11,TRUE,"HUARAL, IHUARI, SUMBILCA, PACARAOS, LAMPIAN, ATAVILLOS ALTO, ATAVILLOS BAJO, SAN MIGUEL DE ACOS, SANTA CRUZ DE ANDAMARCA, AUCALLAMA, 27 DE NOVIEMBRE",23593,CORNEJO ALVARADO JORGE FRANCISCO,,,16932,ESTEBAN PALOMINO YONEL CLEVER,https://cam.ciplima.org.pe/wp-content/uploads/2025/10/Comision-Tecnica-Edificacion-Ingenieria-Sanitaria-1.pdf,
SEPTIEMBRE 2025 A AGOSTO 2026,EDIFICACION,INGENIERIA SANITARIA,Comisiones Técnicas Calificadoras de Proyectos de Edificación - Delegados titulares y alternos de Ingeniería Sanitaria,45,SUMBILCA,3,11,TRUE,"HUARAL, IHUARI, SUMBILCA, PACARAOS, LAMPIAN, ATAVILLOS ALTO, ATAVILLOS BAJO, SAN MIGUEL DE ACOS, SANTA CRUZ DE ANDAMARCA, AUCALLAMA, 27 DE NOVIEMBRE",23593,CORNEJO ALVARADO JORGE FRANCISCO,,,16932,ESTEBAN PALOMINO YONEL CLEVER,https://cam.ciplima.org.pe/wp-content/uploads/2025/10/Comision-Tecnica-Edificacion-Ingenieria-Sanitaria-1.pdf,
SEPTIEMBRE 2025 A AGOSTO 2026,EDIFICACION,INGENIERIA SANITARIA,Comisiones Técnicas Calificadoras de Proyectos de Edificación - Delegados titulares y alternos de Ingeniería Sanitaria,45,PACARAOS,4,11,TRUE,"HUARAL, IHUARI, SUMBILCA, PACARAOS, LAMPIAN, ATAVILLOS ALTO, ATAVILLOS BAJO, SAN MIGUEL DE ACOS, SANTA CRUZ DE ANDAMARCA, AUCALLAMA, 27 DE NOVIEMBRE",23593,CORNEJO ALVARADO JORGE FRANCISCO,,,16932,ESTEBAN PALOMINO YONEL CLEVER,https://cam.ciplima.org.pe/wp-content/uploads/2025/10/Comision-Tecnica-Edificacion-Ingenieria-Sanitaria-1.pdf,
SEPTIEMBRE 2025 A AGOSTO 2026,EDIFICACION,INGENIERIA SANITARIA,Comisiones Técnicas Calificadoras de Proyectos de Edificación - Delegados titulares y alternos de Ingeniería Sanitaria,45,LAMPIAN,5,11,TRUE,"HUARAL, IHUARI, SUMBILCA, PACARAOS, LAMPIAN, ATAVILLOS ALTO, ATAVILLOS BAJO, SAN MIGUEL DE ACOS, SANTA CRUZ DE ANDAMARCA, AUCALLAMA, 27 DE NOVIEMBRE",23593,CORNEJO ALVARADO JORGE FRANCISCO,,,16932,ESTEBAN PALOMINO YONEL CLEVER,https://cam.ciplima.org.pe/wp-content/uploads/2025/10/Comision-Tecnica-Edificacion-Ingenieria-Sanitaria-1.pdf,
SEPTIEMBRE 2025 A AGOSTO 2026,EDIFICACION,INGENIERIA SANITARIA,Comisiones Técnicas Calificadoras de Proyectos de Edificación - Delegados titulares y alternos de Ingeniería Sanitaria,45,ATAVILLOS ALTO,6,11,TRUE,"HUARAL, IHUARI, SUMBILCA, PACARAOS, LAMPIAN, ATAVILLOS ALTO, ATAVILLOS BAJO, SAN MIGUEL DE ACOS, SANTA CRUZ DE ANDAMARCA, AUCALLAMA, 27 DE NOVIEMBRE",23593,CORNEJO ALVARADO JORGE FRANCISCO,,,16932,ESTEBAN PALOMINO YONEL CLEVER,https://cam.ciplima.org.pe/wp-content/uploads/2025/10/Comision-Tecnica-Edificacion-Ingenieria-Sanitaria-1.pdf,
SEPTIEMBRE 2025 A AGOSTO 2026,EDIFICACION,INGENIERIA SANITARIA,Comisiones Técnicas Calificadoras de Proyectos de Edificación - Delegados titulares y alternos de Ingeniería Sanitaria,45,ATAVILLOS BAJO,7,11,TRUE,"HUARAL, IHUARI, SUMBILCA, PACARAOS, LAMPIAN, ATAVILLOS ALTO, ATAVILLOS BAJO, SAN MIGUEL DE ACOS, SANTA CRUZ DE ANDAMARCA, AUCALLAMA, 27 DE NOVIEMBRE",23593,CORNEJO ALVARADO JORGE FRANCISCO,,,16932,ESTEBAN PALOMINO YONEL CLEVER,https://cam.ciplima.org.pe/wp-content/uploads/2025/10/Comision-Tecnica-Edificacion-Ingenieria-Sanitaria-1.pdf,
SEPTIEMBRE 2025 A AGOSTO 2026,EDIFICACION,INGENIERIA SANITARIA,Comisiones Técnicas Calificadoras de Proyectos de Edificación - Delegados titulares y alternos de Ingeniería Sanitaria,45,SAN MIGUEL DE ACOS,8,11,TRUE,"HUARAL, IHUARI, SUMBILCA, PACARAOS, LAMPIAN, ATAVILLOS ALTO, ATAVILLOS BAJO, SAN MIGUEL DE ACOS, SANTA CRUZ DE ANDAMARCA, AUCALLAMA, 27 DE NOVIEMBRE",23593,CORNEJO ALVARADO JORGE FRANCISCO,,,16932,ESTEBAN PALOMINO YONEL CLEVER,https://cam.ciplima.org.pe/wp-content/uploads/2025/10/Comision-Tecnica-Edificacion-Ingenieria-Sanitaria-1.pdf,
SEPTIEMBRE 2025 A AGOSTO 2026,EDIFICACION,INGENIERIA SANITARIA,Comisiones Técnicas Calificadoras de Proyectos de Edificación - Delegados titulares y alternos de Ingeniería Sanitaria,45,SANTA CRUZ DE ANDAMARCA,9,11,TRUE,"HUARAL, IHUARI, SUMBILCA, PACARAOS, LAMPIAN, ATAVILLOS ALTO, ATAVILLOS BAJO, SAN MIGUEL DE ACOS, SANTA CRUZ DE ANDAMARCA, AUCALLAMA, 27 DE NOVIEMBRE",23593,CORNEJO ALVARADO JORGE FRANCISCO,,,16932,ESTEBAN PALOMINO YONEL CLEVER,https://cam.ciplima.org.pe/wp-content/uploads/2025/10/Comision-Tecnica-Edificacion-Ingenieria-Sanitaria-1.pdf,
SEPTIEMBRE 2025 A AGOSTO 2026,EDIFICACION,INGENIERIA SANITARIA,Comisiones Técnicas Calificadoras de Proyectos de Edificación - Delegados titulares y alternos de Ingeniería Sanitaria,45,AUCALLAMA,10,11,TRUE,"HUARAL, IHUARI, SUMBILCA, PACARAOS, LAMPIAN, ATAVILLOS ALTO, ATAVILLOS BAJO, SAN MIGUEL DE ACOS, SANTA CRUZ DE ANDAMARCA, AUCALLAMA, 27 DE NOVIEMBRE",23593,CORNEJO ALVARADO JORGE FRANCISCO,,,16932,ESTEBAN PALOMINO YONEL CLEVER,https://cam.ciplima.org.pe/wp-content/uploads/2025/10/Comision-Tecnica-Edificacion-Ingenieria-Sanitaria-1.pdf,
SEPTIEMBRE 2025 A AGOSTO 2026,EDIFICACION,INGENIERIA SANITARIA,Comisiones Técnicas Calificadoras de Proyectos de Edificación - Delegados titulares y alternos de Ingeniería Sanitaria,45,27 DE NOVIEMBRE,11,11,TRUE,"HUARAL, IHUARI, SUMBILCA, PACARAOS, LAMPIAN, ATAVILLOS ALTO, ATAVILLOS BAJO, SAN MIGUEL DE ACOS, SANTA CRUZ DE ANDAMARCA, AUCALLAMA, 27 DE NOVIEMBRE",23593,CORNEJO ALVARADO JORGE FRANCISCO,,,16932,ESTEBAN PALOMINO YONEL CLEVER,https://cam.ciplima.org.pe/wp-content/uploads/2025/10/Comision-Tecnica-Edificacion-Ingenieria-Sanitaria-1.pdf,
SEPTIEMBRE 2025 A AGOSTO 2026,EDIFICACION,INGENIERIA SANITARIA,Comisiones Técnicas Calificadoras de Proyectos de Edificación - Delegados titulares y alternos de Ingeniería Sanitaria,46,CHANCAY,1,1,FALSE,CHANCAY,60441,ALBUJAR ESCUDERO SOCIMO TOMAS,,,77632,LOPEZ DIAZ JUAN CARLOS,https://cam.ciplima.org.pe/wp-content/uploads/2025/10/Comision-Tecnica-Edificacion-Ingenieria-Sanitaria-1.pdf,
SEPTIEMBRE 2025 A AGOSTO 2026,EDIFICACION,INGENIERIA SANITARIA,Comisiones Técnicas Calificadoras de Proyectos de Edificación - Delegados titulares y alternos de Ingeniería Sanitaria,47,HUAURA,1,12,TRUE,"HUAURA, CALETA DE CARQUIN, HUACHO, SAYAN, VEGUETA, AMBAR, CHECRAS, LEONCIO PRADO, SANTA LEONOR, PACCHO, HUALMAY, STA MARIA",16932,ESTEBAN PALOMINO YONEL CLEVER,,,60441,ALBUJAR ESCUDERO SOCIMO TOMAS,https://cam.ciplima.org.pe/wp-content/uploads/2025/10/Comision-Tecnica-Edificacion-Ingenieria-Sanitaria-1.pdf,
SEPTIEMBRE 2025 A AGOSTO 2026,EDIFICACION,INGENIERIA SANITARIA,Comisiones Técnicas Calificadoras de Proyectos de Edificación - Delegados titulares y alternos de Ingeniería Sanitaria,47,CALETA DE CARQUIN,2,12,TRUE,"HUAURA, CALETA DE CARQUIN, HUACHO, SAYAN, VEGUETA, AMBAR, CHECRAS, LEONCIO PRADO, SANTA LEONOR, PACCHO, HUALMAY, STA MARIA",16932,ESTEBAN PALOMINO YONEL CLEVER,,,60441,ALBUJAR ESCUDERO SOCIMO TOMAS,https://cam.ciplima.org.pe/wp-content/uploads/2025/10/Comision-Tecnica-Edificacion-Ingenieria-Sanitaria-1.pdf,
SEPTIEMBRE 2025 A AGOSTO 2026,EDIFICACION,INGENIERIA SANITARIA,Comisiones Técnicas Calificadoras de Proyectos de Edificación - Delegados titulares y alternos de Ingeniería Sanitaria,47,HUACHO,3,12,TRUE,"HUAURA, CALETA DE CARQUIN, HUACHO, SAYAN, VEGUETA, AMBAR, CHECRAS, LEONCIO PRADO, SANTA LEONOR, PACCHO, HUALMAY, STA MARIA",16932,ESTEBAN PALOMINO YONEL CLEVER,,,60441,ALBUJAR ESCUDERO SOCIMO TOMAS,https://cam.ciplima.org.pe/wp-content/uploads/2025/10/Comision-Tecnica-Edificacion-Ingenieria-Sanitaria-1.pdf,
SEPTIEMBRE 2025 A AGOSTO 2026,EDIFICACION,INGENIERIA SANITARIA,Comisiones Técnicas Calificadoras de Proyectos de Edificación - Delegados titulares y alternos de Ingeniería Sanitaria,47,SAYAN,4,12,TRUE,"HUAURA, CALETA DE CARQUIN, HUACHO, SAYAN, VEGUETA, AMBAR, CHECRAS, LEONCIO PRADO, SANTA LEONOR, PACCHO, HUALMAY, STA MARIA",16932,ESTEBAN PALOMINO YONEL CLEVER,,,60441,ALBUJAR ESCUDERO SOCIMO TOMAS,https://cam.ciplima.org.pe/wp-content/uploads/2025/10/Comision-Tecnica-Edificacion-Ingenieria-Sanitaria-1.pdf,
SEPTIEMBRE 2025 A AGOSTO 2026,EDIFICACION,INGENIERIA SANITARIA,Comisiones Técnicas Calificadoras de Proyectos de Edificación - Delegados titulares y alternos de Ingeniería Sanitaria,47,VEGUETA,5,12,TRUE,"HUAURA, CALETA DE CARQUIN, HUACHO, SAYAN, VEGUETA, AMBAR, CHECRAS, LEONCIO PRADO, SANTA LEONOR, PACCHO, HUALMAY, STA MARIA",16932,ESTEBAN PALOMINO YONEL CLEVER,,,60441,ALBUJAR ESCUDERO SOCIMO TOMAS,https://cam.ciplima.org.pe/wp-content/uploads/2025/10/Comision-Tecnica-Edificacion-Ingenieria-Sanitaria-1.pdf,
SEPTIEMBRE 2025 A AGOSTO 2026,EDIFICACION,INGENIERIA SANITARIA,Comisiones Técnicas Calificadoras de Proyectos de Edificación - Delegados titulares y alternos de Ingeniería Sanitaria,47,AMBAR,6,12,TRUE,"HUAURA, CALETA DE CARQUIN, HUACHO, SAYAN, VEGUETA, AMBAR, CHECRAS, LEONCIO PRADO, SANTA LEONOR, PACCHO, HUALMAY, STA MARIA",16932,ESTEBAN PALOMINO YONEL CLEVER,,,60441,ALBUJAR ESCUDERO SOCIMO TOMAS,https://cam.ciplima.org.pe/wp-content/uploads/2025/10/Comision-Tecnica-Edificacion-Ingenieria-Sanitaria-1.pdf,
SEPTIEMBRE 2025 A AGOSTO 2026,EDIFICACION,INGENIERIA SANITARIA,Comisiones Técnicas Calificadoras de Proyectos de Edificación - Delegados titulares y alternos de Ingeniería Sanitaria,47,CHECRAS,7,12,TRUE,"HUAURA, CALETA DE CARQUIN, HUACHO, SAYAN, VEGUETA, AMBAR, CHECRAS, LEONCIO PRADO, SANTA LEONOR, PACCHO, HUALMAY, STA MARIA",16932,ESTEBAN PALOMINO YONEL CLEVER,,,60441,ALBUJAR ESCUDERO SOCIMO TOMAS,https://cam.ciplima.org.pe/wp-content/uploads/2025/10/Comision-Tecnica-Edificacion-Ingenieria-Sanitaria-1.pdf,
SEPTIEMBRE 2025 A AGOSTO 2026,EDIFICACION,INGENIERIA SANITARIA,Comisiones Técnicas Calificadoras de Proyectos de Edificación - Delegados titulares y alternos de Ingeniería Sanitaria,47,LEONCIO PRADO,8,12,TRUE,"HUAURA, CALETA DE CARQUIN, HUACHO, SAYAN, VEGUETA, AMBAR, CHECRAS, LEONCIO PRADO, SANTA LEONOR, PACCHO, HUALMAY, STA MARIA",16932,ESTEBAN PALOMINO YONEL CLEVER,,,60441,ALBUJAR ESCUDERO SOCIMO TOMAS,https://cam.ciplima.org.pe/wp-content/uploads/2025/10/Comision-Tecnica-Edificacion-Ingenieria-Sanitaria-1.pdf,
SEPTIEMBRE 2025 A AGOSTO 2026,EDIFICACION,INGENIERIA SANITARIA,Comisiones Técnicas Calificadoras de Proyectos de Edificación - Delegados titulares y alternos de Ingeniería Sanitaria,47,SANTA LEONOR,9,12,TRUE,"HUAURA, CALETA DE CARQUIN, HUACHO, SAYAN, VEGUETA, AMBAR, CHECRAS, LEONCIO PRADO, SANTA LEONOR, PACCHO, HUALMAY, STA MARIA",16932,ESTEBAN PALOMINO YONEL CLEVER,,,60441,ALBUJAR ESCUDERO SOCIMO TOMAS,https://cam.ciplima.org.pe/wp-content/uploads/2025/10/Comision-Tecnica-Edificacion-Ingenieria-Sanitaria-1.pdf,
SEPTIEMBRE 2025 A AGOSTO 2026,EDIFICACION,INGENIERIA SANITARIA,Comisiones Técnicas Calificadoras de Proyectos de Edificación - Delegados titulares y alternos de Ingeniería Sanitaria,47,PACCHO,10,12,TRUE,"HUAURA, CALETA DE CARQUIN, HUACHO, SAYAN, VEGUETA, AMBAR, CHECRAS, LEONCIO PRADO, SANTA LEONOR, PACCHO, HUALMAY, STA MARIA",16932,ESTEBAN PALOMINO YONEL CLEVER,,,60441,ALBUJAR ESCUDERO SOCIMO TOMAS,https://cam.ciplima.org.pe/wp-content/uploads/2025/10/Comision-Tecnica-Edificacion-Ingenieria-Sanitaria-1.pdf,
SEPTIEMBRE 2025 A AGOSTO 2026,EDIFICACION,INGENIERIA SANITARIA,Comisiones Técnicas Calificadoras de Proyectos de Edificación - Delegados titulares y alternos de Ingeniería Sanitaria,47,HUALMAY,11,12,TRUE,"HUAURA, CALETA DE CARQUIN, HUACHO, SAYAN, VEGUETA, AMBAR, CHECRAS, LEONCIO PRADO, SANTA LEONOR, PACCHO, HUALMAY, STA MARIA",16932,ESTEBAN PALOMINO YONEL CLEVER,,,60441,ALBUJAR ESCUDERO SOCIMO TOMAS,https://cam.ciplima.org.pe/wp-content/uploads/2025/10/Comision-Tecnica-Edificacion-Ingenieria-Sanitaria-1.pdf,
SEPTIEMBRE 2025 A AGOSTO 2026,EDIFICACION,INGENIERIA SANITARIA,Comisiones Técnicas Calificadoras de Proyectos de Edificación - Delegados titulares y alternos de Ingeniería Sanitaria,47,STA MARIA,12,12,TRUE,"HUAURA, CALETA DE CARQUIN, HUACHO, SAYAN, VEGUETA, AMBAR, CHECRAS, LEONCIO PRADO, SANTA LEONOR, PACCHO, HUALMAY, STA MARIA",16932,ESTEBAN PALOMINO YONEL CLEVER,,,60441,ALBUJAR ESCUDERO SOCIMO TOMAS,https://cam.ciplima.org.pe/wp-content/uploads/2025/10/Comision-Tecnica-Edificacion-Ingenieria-Sanitaria-1.pdf,
SEPTIEMBRE 2025 A AGOSTO 2026,EDIFICACION,INGENIERIA SANITARIA,Comisiones Técnicas Calificadoras de Proyectos de Edificación - Delegados titulares y alternos de Ingeniería Sanitaria,48,BARRANCA,1,5,TRUE,"BARRANCA, SUPE, SUPE PUERTO, PARAMONGA, PATIVILCA",183026,MATOS HUAMAN RONEL DAVID,,,23593,CORNEJO ALVARADO JORGE FRANCISCO,https://cam.ciplima.org.pe/wp-content/uploads/2025/10/Comision-Tecnica-Edificacion-Ingenieria-Sanitaria-1.pdf,
SEPTIEMBRE 2025 A AGOSTO 2026,EDIFICACION,INGENIERIA SANITARIA,Comisiones Técnicas Calificadoras de Proyectos de Edificación - Delegados titulares y alternos de Ingeniería Sanitaria,48,SUPE,2,5,TRUE,"BARRANCA, SUPE, SUPE PUERTO, PARAMONGA, PATIVILCA",183026,MATOS HUAMAN RONEL DAVID,,,23593,CORNEJO ALVARADO JORGE FRANCISCO,https://cam.ciplima.org.pe/wp-content/uploads/2025/10/Comision-Tecnica-Edificacion-Ingenieria-Sanitaria-1.pdf,
SEPTIEMBRE 2025 A AGOSTO 2026,EDIFICACION,INGENIERIA SANITARIA,Comisiones Técnicas Calificadoras de Proyectos de Edificación - Delegados titulares y alternos de Ingeniería Sanitaria,48,SUPE PUERTO,3,5,TRUE,"BARRANCA, SUPE, SUPE PUERTO, PARAMONGA, PATIVILCA",183026,MATOS HUAMAN RONEL DAVID,,,23593,CORNEJO ALVARADO JORGE FRANCISCO,https://cam.ciplima.org.pe/wp-content/uploads/2025/10/Comision-Tecnica-Edificacion-Ingenieria-Sanitaria-1.pdf,
SEPTIEMBRE 2025 A AGOSTO 2026,EDIFICACION,INGENIERIA SANITARIA,Comisiones Técnicas Calificadoras de Proyectos de Edificación - Delegados titulares y alternos de Ingeniería Sanitaria,48,PARAMONGA,4,5,TRUE,"BARRANCA, SUPE, SUPE PUERTO, PARAMONGA, PATIVILCA",183026,MATOS HUAMAN RONEL DAVID,,,23593,CORNEJO ALVARADO JORGE FRANCISCO,https://cam.ciplima.org.pe/wp-content/uploads/2025/10/Comision-Tecnica-Edificacion-Ingenieria-Sanitaria-1.pdf,
SEPTIEMBRE 2025 A AGOSTO 2026,EDIFICACION,INGENIERIA SANITARIA,Comisiones Técnicas Calificadoras de Proyectos de Edificación - Delegados titulares y alternos de Ingeniería Sanitaria,48,PATIVILCA,5,5,TRUE,"BARRANCA, SUPE, SUPE PUERTO, PARAMONGA, PATIVILCA",183026,MATOS HUAMAN RONEL DAVID,,,23593,CORNEJO ALVARADO JORGE FRANCISCO,https://cam.ciplima.org.pe/wp-content/uploads/2025/10/Comision-Tecnica-Edificacion-Ingenieria-Sanitaria-1.pdf,
SEPTIEMBRE 2025 A AGOSTO 2026,EDIFICACION,INGENIERIA SANITARIA,Comisiones Técnicas Calificadoras de Proyectos de Edificación - Delegados titulares y alternos de Ingeniería Sanitaria,49,HUAROCHIRI,1,2,TRUE,"HUAROCHIRI, SAN ANTONIO DE HUAROCHIRI",23593,CORNEJO ALVARADO JORGE FRANCISCO,,,53133,HIDALGO HUERTAS GUSTAVO ADOLFO,https://cam.ciplima.org.pe/wp-content/uploads/2025/10/Comision-Tecnica-Edificacion-Ingenieria-Sanitaria-1.pdf,
SEPTIEMBRE 2025 A AGOSTO 2026,EDIFICACION,INGENIERIA SANITARIA,Comisiones Técnicas Calificadoras de Proyectos de Edificación - Delegados titulares y alternos de Ingeniería Sanitaria,49,SAN ANTONIO DE HUAROCHIRI,2,2,TRUE,"HUAROCHIRI, SAN ANTONIO DE HUAROCHIRI",23593,CORNEJO ALVARADO JORGE FRANCISCO,,,53133,HIDALGO HUERTAS GUSTAVO ADOLFO,https://cam.ciplima.org.pe/wp-content/uploads/2025/10/Comision-Tecnica-Edificacion-Ingenieria-Sanitaria-1.pdf,
SEPTIEMBRE 2025 A AGOSTO 2026,EDIFICACION,INGENIERIA SANITARIA,Comisiones Técnicas Calificadoras de Proyectos de Edificación - Delegados titulares y alternos de Ingeniería Sanitaria,50,PROVINCIA CANTA,1,1,FALSE,PROVINCIA CANTA,77632,LOPEZ DIAZ JUAN CARLOS,,,53133,HIDALGO HUERTAS GUSTAVO ADOLFO,https://cam.ciplima.org.pe/wp-content/uploads/2025/10/Comision-Tecnica-Edificacion-Ingenieria-Sanitaria-1.pdf,
SEPTIEMBRE 2025 A AGOSTO 2026,EDIFICACION,INGENIERIA ELECTRICA Y MECANICA ELECTRICA,Comisiones Técnicas Calificadoras de Proyectos de Edificación - Delegados titulares y alternos de Ingeniería Eléctrica y Mecánica Eléctrica,1,CERCADO DE LIMA,1,1,FALSE,CERCADO DE LIMA,18554,ALEGRE MERINO CESAR JOSE,,,50393,MANSILLA GARAYAR JAVIER,https://cam.ciplima.org.pe/wp-content/uploads/2025/08/Comisi%C3%B3n%20T%C3%A9cnica%20Edificaci%C3%B3n%20-Ingenier%C3%ADa%20El%C3%A9ctrica%20y%20Mec%C3%A1nica%20El%C3%A9ctrica.pdf,
SEPTIEMBRE 2025 A AGOSTO 2026,EDIFICACION,INGENIERIA ELECTRICA Y MECANICA ELECTRICA,Comisiones Técnicas Calificadoras de Proyectos de Edificación - Delegados titulares y alternos de Ingeniería Eléctrica y Mecánica Eléctrica,1-1,CENTRO HISTORICO,1,1,FALSE,CENTRO HISTORICO,114633,FALCON DOMINGUEZ FLAVIO,,,114939,RODRIGUEZ FLORES LUIS ANTONIO,https://cam.ciplima.org.pe/wp-content/uploads/2025/08/Comisi%C3%B3n%20T%C3%A9cnica%20Edificaci%C3%B3n%20-Ingenier%C3%ADa%20El%C3%A9ctrica%20y%20Mec%C3%A1nica%20El%C3%A9ctrica.pdf,
SEPTIEMBRE 2025 A AGOSTO 2026,EDIFICACION,INGENIERIA ELECTRICA Y MECANICA ELECTRICA,Comisiones Técnicas Calificadoras de Proyectos de Edificación - Delegados titulares y alternos de Ingeniería Eléctrica y Mecánica Eléctrica,1-2,COMISION AD HOC,1,1,FALSE,COMISION AD HOC,52942,ALVARADO ARELLANO ALBERTO DANTE,,,202264,HEREDIA ZEVALLOS JUAN CARLOS,https://cam.ciplima.org.pe/wp-content/uploads/2025/08/Comisi%C3%B3n%20T%C3%A9cnica%20Edificaci%C3%B3n%20-Ingenier%C3%ADa%20El%C3%A9ctrica%20y%20Mec%C3%A1nica%20El%C3%A9ctrica.pdf,
SEPTIEMBRE 2025 A AGOSTO 2026,EDIFICACION,INGENIERIA ELECTRICA Y MECANICA ELECTRICA,Comisiones Técnicas Calificadoras de Proyectos de Edificación - Delegados titulares y alternos de Ingeniería Eléctrica y Mecánica Eléctrica,2,ANCON,1,1,FALSE,ANCON,36721,MORENO GUTIERREZ SEGUNDO ANTERO,,,28219,ROSADO AGUIRRE ESTANISLAO UBALDO,https://cam.ciplima.org.pe/wp-content/uploads/2025/08/Comisi%C3%B3n%20T%C3%A9cnica%20Edificaci%C3%B3n%20-Ingenier%C3%ADa%20El%C3%A9ctrica%20y%20Mec%C3%A1nica%20El%C3%A9ctrica.pdf,
SEPTIEMBRE 2025 A AGOSTO 2026,EDIFICACION,INGENIERIA ELECTRICA Y MECANICA ELECTRICA,Comisiones Técnicas Calificadoras de Proyectos de Edificación - Delegados titulares y alternos de Ingeniería Eléctrica y Mecánica Eléctrica,3,ATE VITARTE,1,1,FALSE,ATE VITARTE,36721,MORENO GUTIERREZ SEGUNDO ANTERO,,,66213,PALOMINO ESCALANTE HUGO ENRIQUE,https://cam.ciplima.org.pe/wp-content/uploads/2025/08/Comisi%C3%B3n%20T%C3%A9cnica%20Edificaci%C3%B3n%20-Ingenier%C3%ADa%20El%C3%A9ctrica%20y%20Mec%C3%A1nica%20El%C3%A9ctrica.pdf,
SEPTIEMBRE 2025 A AGOSTO 2026,EDIFICACION,INGENIERIA ELECTRICA Y MECANICA ELECTRICA,Comisiones Técnicas Calificadoras de Proyectos de Edificación - Delegados titulares y alternos de Ingeniería Eléctrica y Mecánica Eléctrica,4,BARRANCO,1,1,FALSE,BARRANCO,51921,MARTINEZ CARRASCO JAIME HIPOLITO,,,21758,CEPERO FELIPE WALTER ERICH,https://cam.ciplima.org.pe/wp-content/uploads/2025/08/Comisi%C3%B3n%20T%C3%A9cnica%20Edificaci%C3%B3n%20-Ingenier%C3%ADa%20El%C3%A9ctrica%20y%20Mec%C3%A1nica%20El%C3%A9ctrica.pdf,
SEPTIEMBRE 2025 A AGOSTO 2026,EDIFICACION,INGENIERIA ELECTRICA Y MECANICA ELECTRICA,Comisiones Técnicas Calificadoras de Proyectos de Edificación - Delegados titulares y alternos de Ingeniería Eléctrica y Mecánica Eléctrica,5,BREÑA,1,1,FALSE,BREÑA,70258,PAREDES MACEDO LUIS ENRIQUE,,,18554,ALEGRE MERINO CESAR JOSE,https://cam.ciplima.org.pe/wp-content/uploads/2025/08/Comisi%C3%B3n%20T%C3%A9cnica%20Edificaci%C3%B3n%20-Ingenier%C3%ADa%20El%C3%A9ctrica%20y%20Mec%C3%A1nica%20El%C3%A9ctrica.pdf,
SEPTIEMBRE 2025 A AGOSTO 2026,EDIFICACION,INGENIERIA ELECTRICA Y MECANICA ELECTRICA,Comisiones Técnicas Calificadoras de Proyectos de Edificación - Delegados titulares y alternos de Ingeniería Eléctrica y Mecánica Eléctrica,6,CARABAYLLO,1,1,FALSE,CARABAYLLO,44963,CACCHA HUAMANI ORLANDO,,,38222,FERREYRA CAYO ISAAC HILARIO,https://cam.ciplima.org.pe/wp-content/uploads/2025/08/Comisi%C3%B3n%20T%C3%A9cnica%20Edificaci%C3%B3n%20-Ingenier%C3%ADa%20El%C3%A9ctrica%20y%20Mec%C3%A1nica%20El%C3%A9ctrica.pdf,
SEPTIEMBRE 2025 A AGOSTO 2026,EDIFICACION,INGENIERIA ELECTRICA Y MECANICA ELECTRICA,Comisiones Técnicas Calificadoras de Proyectos de Edificación - Delegados titulares y alternos de Ingeniería Eléctrica y Mecánica Eléctrica,7,COMAS,1,1,FALSE,COMAS,92116,CHAVEZ CAJAHUANCA RENATO,,,63147,SOTO EVANGELISTA RICHARD AMADEO,https://cam.ciplima.org.pe/wp-content/uploads/2025/08/Comisi%C3%B3n%20T%C3%A9cnica%20Edificaci%C3%B3n%20-Ingenier%C3%ADa%20El%C3%A9ctrica%20y%20Mec%C3%A1nica%20El%C3%A9ctrica.pdf,
SEPTIEMBRE 2025 A AGOSTO 2026,EDIFICACION,INGENIERIA ELECTRICA Y MECANICA ELECTRICA,Comisiones Técnicas Calificadoras de Proyectos de Edificación - Delegados titulares y alternos de Ingeniería Eléctrica y Mecánica Eléctrica,8,CHACLACAYO,1,1,FALSE,CHACLACAYO,114939,RODRIGUEZ FLORES LUIS ANTONIO,,,47691,FERNANDEZ VALDERRAMA GONZALO EMILIO,https://cam.ciplima.org.pe/wp-content/uploads/2025/08/Comisi%C3%B3n%20T%C3%A9cnica%20Edificaci%C3%B3n%20-Ingenier%C3%ADa%20El%C3%A9ctrica%20y%20Mec%C3%A1nica%20El%C3%A9ctrica.pdf,
SEPTIEMBRE 2025 A AGOSTO 2026,EDIFICACION,INGENIERIA ELECTRICA Y MECANICA ELECTRICA,Comisiones Técnicas Calificadoras de Proyectos de Edificación - Delegados titulares y alternos de Ingeniería Eléctrica y Mecánica Eléctrica,9,CHORRILLOS,1,1,FALSE,CHORRILLOS,202264,HEREDIA ZEVALLOS JUAN CARLOS,,,158119,FAUSTOR SIANCAS OMAR FERNANDO,https://cam.ciplima.org.pe/wp-content/uploads/2025/08/Comisi%C3%B3n%20T%C3%A9cnica%20Edificaci%C3%B3n%20-Ingenier%C3%ADa%20El%C3%A9ctrica%20y%20Mec%C3%A1nica%20El%C3%A9ctrica.pdf,
SEPTIEMBRE 2025 A AGOSTO 2026,EDIFICACION,INGENIERIA ELECTRICA Y MECANICA ELECTRICA,Comisiones Técnicas Calificadoras de Proyectos de Edificación - Delegados titulares y alternos de Ingeniería Eléctrica y Mecánica Eléctrica,10,EL AGUSTINO,1,1,FALSE,EL AGUSTINO,38222,FERREYRA CAYO ISAAC HILARIO,,,31156,ARIAS ORTIZ ROBERTO JESUS,https://cam.ciplima.org.pe/wp-content/uploads/2025/08/Comisi%C3%B3n%20T%C3%A9cnica%20Edificaci%C3%B3n%20-Ingenier%C3%ADa%20El%C3%A9ctrica%20y%20Mec%C3%A1nica%20El%C3%A9ctrica.pdf,
SEPTIEMBRE 2025 A AGOSTO 2026,EDIFICACION,INGENIERIA ELECTRICA Y MECANICA ELECTRICA,Comisiones Técnicas Calificadoras de Proyectos de Edificación - Delegados titulares y alternos de Ingeniería Eléctrica y Mecánica Eléctrica,11,JESUS MARIA,1,1,FALSE,JESUS MARIA,58751,MONTES ALVAREZ RICARDO NICANOR,,,155883,QUISPEALAYA HERNANDEZ MARIO FELIX,https://cam.ciplima.org.pe/wp-content/uploads/2025/08/Comisi%C3%B3n%20T%C3%A9cnica%20Edificaci%C3%B3n%20-Ingenier%C3%ADa%20El%C3%A9ctrica%20y%20Mec%C3%A1nica%20El%C3%A9ctrica.pdf,
SEPTIEMBRE 2025 A AGOSTO 2026,EDIFICACION,INGENIERIA ELECTRICA Y MECANICA ELECTRICA,Comisiones Técnicas Calificadoras de Proyectos de Edificación - Delegados titulares y alternos de Ingeniería Eléctrica y Mecánica Eléctrica,12,LA MOLINA,1,1,FALSE,LA MOLINA,17893,RUIZ DILLON KUOWENG,,,47691,FERNANDEZ VALDERRAMA GONZALO EMILIO,https://cam.ciplima.org.pe/wp-content/uploads/2025/08/Comisi%C3%B3n%20T%C3%A9cnica%20Edificaci%C3%B3n%20-Ingenier%C3%ADa%20El%C3%A9ctrica%20y%20Mec%C3%A1nica%20El%C3%A9ctrica.pdf,
SEPTIEMBRE 2025 A AGOSTO 2026,EDIFICACION,INGENIERIA ELECTRICA Y MECANICA ELECTRICA,Comisiones Técnicas Calificadoras de Proyectos de Edificación - Delegados titulares y alternos de Ingeniería Eléctrica y Mecánica Eléctrica,13,LA VICTORIA,1,1,FALSE,LA VICTORIA,114939,RODRIGUEZ FLORES LUIS ANTONIO,,,51921,MARTINEZ CARRASCO JAIME HIPOLITO,https://cam.ciplima.org.pe/wp-content/uploads/2025/08/Comisi%C3%B3n%20T%C3%A9cnica%20Edificaci%C3%B3n%20-Ingenier%C3%ADa%20El%C3%A9ctrica%20y%20Mec%C3%A1nica%20El%C3%A9ctrica.pdf,
SEPTIEMBRE 2025 A AGOSTO 2026,EDIFICACION,INGENIERIA ELECTRICA Y MECANICA ELECTRICA,Comisiones Técnicas Calificadoras de Proyectos de Edificación - Delegados titulares y alternos de Ingeniería Eléctrica y Mecánica Eléctrica,14,LINCE,1,1,FALSE,LINCE,63147,SOTO EVANGELISTA RICHARD AMADEO,,,52942,ALVARADO ARELLANO ALBERTO DANTE,https://cam.ciplima.org.pe/wp-content/uploads/2025/08/Comisi%C3%B3n%20T%C3%A9cnica%20Edificaci%C3%B3n%20-Ingenier%C3%ADa%20El%C3%A9ctrica%20y%20Mec%C3%A1nica%20El%C3%A9ctrica.pdf,
SEPTIEMBRE 2025 A AGOSTO 2026,EDIFICACION,INGENIERIA ELECTRICA Y MECANICA ELECTRICA,Comisiones Técnicas Calificadoras de Proyectos de Edificación - Delegados titulares y alternos de Ingeniería Eléctrica y Mecánica Eléctrica,15,LURIGANCHO – CHOSICA,1,1,FALSE,LURIGANCHO – CHOSICA,58751,MONTES ALVAREZ RICARDO NICANOR,,,38225,SANDOVAL CUCHO CARLOS ROLANDO,https://cam.ciplima.org.pe/wp-content/uploads/2025/08/Comisi%C3%B3n%20T%C3%A9cnica%20Edificaci%C3%B3n%20-Ingenier%C3%ADa%20El%C3%A9ctrica%20y%20Mec%C3%A1nica%20El%C3%A9ctrica.pdf,
SEPTIEMBRE 2025 A AGOSTO 2026,EDIFICACION,INGENIERIA ELECTRICA Y MECANICA ELECTRICA,Comisiones Técnicas Calificadoras de Proyectos de Edificación - Delegados titulares y alternos de Ingeniería Eléctrica y Mecánica Eléctrica,15-1,SANTA MARIA DE HUACHIPA,1,1,FALSE,SANTA MARIA DE HUACHIPA,38003,MIRANDA VEGA JOSE,,,38222,FERREYRA CAYO ISAAC HILARIO,https://cam.ciplima.org.pe/wp-content/uploads/2025/08/Comisi%C3%B3n%20T%C3%A9cnica%20Edificaci%C3%B3n%20-Ingenier%C3%ADa%20El%C3%A9ctrica%20y%20Mec%C3%A1nica%20El%C3%A9ctrica.pdf,
SEPTIEMBRE 2025 A AGOSTO 2026,EDIFICACION,INGENIERIA ELECTRICA Y MECANICA ELECTRICA,Comisiones Técnicas Calificadoras de Proyectos de Edificación - Delegados titulares y alternos de Ingeniería Eléctrica y Mecánica Eléctrica,16,LURIN,1,1,FALSE,LURIN,125641,JURADO HUAMANI PEÑAFORT TOLEDO,,,41426,HURTADO PANUERA ANA BASILIA,https://cam.ciplima.org.pe/wp-content/uploads/2025/08/Comisi%C3%B3n%20T%C3%A9cnica%20Edificaci%C3%B3n%20-Ingenier%C3%ADa%20El%C3%A9ctrica%20y%20Mec%C3%A1nica%20El%C3%A9ctrica.pdf,
SEPTIEMBRE 2025 A AGOSTO 2026,EDIFICACION,INGENIERIA ELECTRICA Y MECANICA ELECTRICA,Comisiones Técnicas Calificadoras de Proyectos de Edificación - Delegados titulares y alternos de Ingeniería Eléctrica y Mecánica Eléctrica,17,MAGDALENA DEL MAR,1,1,FALSE,MAGDALENA DEL MAR,73932,TALLA CONDEZO ROBERTO EDGARDO,,,31156,ARIAS ORTIZ ROBERTO JESUS,https://cam.ciplima.org.pe/wp-content/uploads/2025/08/Comisi%C3%B3n%20T%C3%A9cnica%20Edificaci%C3%B3n%20-Ingenier%C3%ADa%20El%C3%A9ctrica%20y%20Mec%C3%A1nica%20El%C3%A9ctrica.pdf,
SEPTIEMBRE 2025 A AGOSTO 2026,EDIFICACION,INGENIERIA ELECTRICA Y MECANICA ELECTRICA,Comisiones Técnicas Calificadoras de Proyectos de Edificación - Delegados titulares y alternos de Ingeniería Eléctrica y Mecánica Eléctrica,18,MIRAFLORES,1,1,FALSE,MIRAFLORES,57838,ALCANTARA GABRIEL ROSA ZULEMA,51921,MARTINEZ CARRASCO JAIME HIPOLITO,38003,MIRANDA VEGA JOSE,https://cam.ciplima.org.pe/wp-content/uploads/2025/08/Comisi%C3%B3n%20T%C3%A9cnica%20Edificaci%C3%B3n%20-Ingenier%C3%ADa%20El%C3%A9ctrica%20y%20Mec%C3%A1nica%20El%C3%A9ctrica.pdf,
SEPTIEMBRE 2025 A AGOSTO 2026,EDIFICACION,INGENIERIA ELECTRICA Y MECANICA ELECTRICA,Comisiones Técnicas Calificadoras de Proyectos de Edificación - Delegados titulares y alternos de Ingeniería Eléctrica y Mecánica Eléctrica,19,PACHACAMAC,1,1,FALSE,PACHACAMAC,21758,CEPERO FELIPE WALTER ERICH,,,17893,RUIZ DILLON KUOWENG,https://cam.ciplima.org.pe/wp-content/uploads/2025/08/Comisi%C3%B3n%20T%C3%A9cnica%20Edificaci%C3%B3n%20-Ingenier%C3%ADa%20El%C3%A9ctrica%20y%20Mec%C3%A1nica%20El%C3%A9ctrica.pdf,
SEPTIEMBRE 2025 A AGOSTO 2026,EDIFICACION,INGENIERIA ELECTRICA Y MECANICA ELECTRICA,Comisiones Técnicas Calificadoras de Proyectos de Edificación - Delegados titulares y alternos de Ingeniería Eléctrica y Mecánica Eléctrica,20,PUCUSANA,1,1,FALSE,PUCUSANA,38225,SANDOVAL CUCHO CARLOS ROLANDO,,,70258,PAREDES MACEDO LUIS ENRIQUE,https://cam.ciplima.org.pe/wp-content/uploads/2025/08/Comisi%C3%B3n%20T%C3%A9cnica%20Edificaci%C3%B3n%20-Ingenier%C3%ADa%20El%C3%A9ctrica%20y%20Mec%C3%A1nica%20El%C3%A9ctrica.pdf,
SEPTIEMBRE 2025 A AGOSTO 2026,EDIFICACION,INGENIERIA ELECTRICA Y MECANICA ELECTRICA,Comisiones Técnicas Calificadoras de Proyectos de Edificación - Delegados titulares y alternos de Ingeniería Eléctrica y Mecánica Eléctrica,21,PUEBLO LIBRE,1,1,FALSE,PUEBLO LIBRE,41426,HURTADO PANUERA ANA BASILIA,,,58751,MONTES ALVAREZ RICARDO NICANOR,https://cam.ciplima.org.pe/wp-content/uploads/2025/08/Comisi%C3%B3n%20T%C3%A9cnica%20Edificaci%C3%B3n%20-Ingenier%C3%ADa%20El%C3%A9ctrica%20y%20Mec%C3%A1nica%20El%C3%A9ctrica.pdf,
SEPTIEMBRE 2025 A AGOSTO 2026,EDIFICACION,INGENIERIA ELECTRICA Y MECANICA ELECTRICA,Comisiones Técnicas Calificadoras de Proyectos de Edificación - Delegados titulares y alternos de Ingeniería Eléctrica y Mecánica Eléctrica,22,PUENTE PIEDRA,1,1,FALSE,PUENTE PIEDRA,57838,ALCANTARA GABRIEL ROSA ZULEMA,,,114633,FALCON DOMINGUEZ FLAVIO,https://cam.ciplima.org.pe/wp-content/uploads/2025/08/Comisi%C3%B3n%20T%C3%A9cnica%20Edificaci%C3%B3n%20-Ingenier%C3%ADa%20El%C3%A9ctrica%20y%20Mec%C3%A1nica%20El%C3%A9ctrica.pdf,
SEPTIEMBRE 2025 A AGOSTO 2026,EDIFICACION,INGENIERIA ELECTRICA Y MECANICA ELECTRICA,Comisiones Técnicas Calificadoras de Proyectos de Edificación - Delegados titulares y alternos de Ingeniería Eléctrica y Mecánica Eléctrica,23,PUNTA NEGRA,1,1,FALSE,PUNTA NEGRA,70258,PAREDES MACEDO LUIS ENRIQUE,,,158119,FAUSTOR SIANCAS OMAR FERNANDO,https://cam.ciplima.org.pe/wp-content/uploads/2025/08/Comisi%C3%B3n%20T%C3%A9cnica%20Edificaci%C3%B3n%20-Ingenier%C3%ADa%20El%C3%A9ctrica%20y%20Mec%C3%A1nica%20El%C3%A9ctrica.pdf,
SEPTIEMBRE 2025 A AGOSTO 2026,EDIFICACION,INGENIERIA ELECTRICA Y MECANICA ELECTRICA,Comisiones Técnicas Calificadoras de Proyectos de Edificación - Delegados titulares y alternos de Ingeniería Eléctrica y Mecánica Eléctrica,24,PUNTA HERMOSA,1,1,FALSE,PUNTA HERMOSA,17893,RUIZ DILLON KUOWENG,,,124694,MOREYRA VIZCARRA PORFIDIO LUIS,https://cam.ciplima.org.pe/wp-content/uploads/2025/08/Comisi%C3%B3n%20T%C3%A9cnica%20Edificaci%C3%B3n%20-Ingenier%C3%ADa%20El%C3%A9ctrica%20y%20Mec%C3%A1nica%20El%C3%A9ctrica.pdf,
SEPTIEMBRE 2025 A AGOSTO 2026,EDIFICACION,INGENIERIA ELECTRICA Y MECANICA ELECTRICA,Comisiones Técnicas Calificadoras de Proyectos de Edificación - Delegados titulares y alternos de Ingeniería Eléctrica y Mecánica Eléctrica,25,RIMAC,1,1,FALSE,RIMAC,21758,CEPERO FELIPE WALTER ERICH,,,44963,CACCHA HUAMANI ORLANDO,https://cam.ciplima.org.pe/wp-content/uploads/2025/08/Comisi%C3%B3n%20T%C3%A9cnica%20Edificaci%C3%B3n%20-Ingenier%C3%ADa%20El%C3%A9ctrica%20y%20Mec%C3%A1nica%20El%C3%A9ctrica.pdf,
SEPTIEMBRE 2025 A AGOSTO 2026,EDIFICACION,INGENIERIA ELECTRICA Y MECANICA ELECTRICA,Comisiones Técnicas Calificadoras de Proyectos de Edificación - Delegados titulares y alternos de Ingeniería Eléctrica y Mecánica Eléctrica,26,SAN BARTOLO,1,1,FALSE,SAN BARTOLO,73932,TALLA CONDEZO ROBERTO EDGARDO,,,66213,PALOMINO ESCALANTE HUGO ENRIQUE,https://cam.ciplima.org.pe/wp-content/uploads/2025/08/Comisi%C3%B3n%20T%C3%A9cnica%20Edificaci%C3%B3n%20-Ingenier%C3%ADa%20El%C3%A9ctrica%20y%20Mec%C3%A1nica%20El%C3%A9ctrica.pdf,
SEPTIEMBRE 2025 A AGOSTO 2026,EDIFICACION,INGENIERIA ELECTRICA Y MECANICA ELECTRICA,Comisiones Técnicas Calificadoras de Proyectos de Edificación - Delegados titulares y alternos de Ingeniería Eléctrica y Mecánica Eléctrica,27,SAN ISIDRO,1,1,FALSE,SAN ISIDRO,52942,ALVARADO ARELLANO ALBERTO DANTE,47691,FERNANDEZ VALDERRAMA GONZALO EMILIO,57838,ALCANTARA GABRIEL ROSA ZULEMA,https://cam.ciplima.org.pe/wp-content/uploads/2025/08/Comisi%C3%B3n%20T%C3%A9cnica%20Edificaci%C3%B3n%20-Ingenier%C3%ADa%20El%C3%A9ctrica%20y%20Mec%C3%A1nica%20El%C3%A9ctrica.pdf,
SEPTIEMBRE 2025 A AGOSTO 2026,EDIFICACION,INGENIERIA ELECTRICA Y MECANICA ELECTRICA,Comisiones Técnicas Calificadoras de Proyectos de Edificación - Delegados titulares y alternos de Ingeniería Eléctrica y Mecánica Eléctrica,28,INDEPENDENCIA,1,1,FALSE,INDEPENDENCIA,28219,ROSADO AGUIRRE ESTANISLAO UBALDO,,,38225,SANDOVAL CUCHO CARLOS ROLANDO,https://cam.ciplima.org.pe/wp-content/uploads/2025/08/Comisi%C3%B3n%20T%C3%A9cnica%20Edificaci%C3%B3n%20-Ingenier%C3%ADa%20El%C3%A9ctrica%20y%20Mec%C3%A1nica%20El%C3%A9ctrica.pdf,
SEPTIEMBRE 2025 A AGOSTO 2026,EDIFICACION,INGENIERIA ELECTRICA Y MECANICA ELECTRICA,Comisiones Técnicas Calificadoras de Proyectos de Edificación - Delegados titulares y alternos de Ingeniería Eléctrica y Mecánica Eléctrica,29,SAN JUAN DE MIRAFLORES,1,1,FALSE,SAN JUAN DE MIRAFLORES,50393,MANSILLA GARAYAR JAVIER,,,18554,ALEGRE MERINO CESAR JOSE,https://cam.ciplima.org.pe/wp-content/uploads/2025/08/Comisi%C3%B3n%20T%C3%A9cnica%20Edificaci%C3%B3n%20-Ingenier%C3%ADa%20El%C3%A9ctrica%20y%20Mec%C3%A1nica%20El%C3%A9ctrica.pdf,
SEPTIEMBRE 2025 A AGOSTO 2026,EDIFICACION,INGENIERIA ELECTRICA Y MECANICA ELECTRICA,Comisiones Técnicas Calificadoras de Proyectos de Edificación - Delegados titulares y alternos de Ingeniería Eléctrica y Mecánica Eléctrica,30,SAN LUIS,1,1,FALSE,SAN LUIS,151817,WHARTON CRUZ MARIA ELIZABETH,,,17893,RUIZ DILLON KUOWENG,https://cam.ciplima.org.pe/wp-content/uploads/2025/08/Comisi%C3%B3n%20T%C3%A9cnica%20Edificaci%C3%B3n%20-Ingenier%C3%ADa%20El%C3%A9ctrica%20y%20Mec%C3%A1nica%20El%C3%A9ctrica.pdf,
SEPTIEMBRE 2025 A AGOSTO 2026,EDIFICACION,INGENIERIA ELECTRICA Y MECANICA ELECTRICA,Comisiones Técnicas Calificadoras de Proyectos de Edificación - Delegados titulares y alternos de Ingeniería Eléctrica y Mecánica Eléctrica,31,SAN MARTIN DE PORRES,1,1,FALSE,SAN MARTIN DE PORRES,138328,BRINGAS ENCISO FEIDER PAVEL,,,36721,MORENO GUTIERREZ SEGUNDO ANTERO,https://cam.ciplima.org.pe/wp-content/uploads/2025/08/Comisi%C3%B3n%20T%C3%A9cnica%20Edificaci%C3%B3n%20-Ingenier%C3%ADa%20El%C3%A9ctrica%20y%20Mec%C3%A1nica%20El%C3%A9ctrica.pdf,
SEPTIEMBRE 2025 A AGOSTO 2026,EDIFICACION,INGENIERIA ELECTRICA Y MECANICA ELECTRICA,Comisiones Técnicas Calificadoras de Proyectos de Edificación - Delegados titulares y alternos de Ingeniería Eléctrica y Mecánica Eléctrica,32,SAN MIGUEL,1,1,FALSE,SAN MIGUEL,155883,QUISPEALAYA HERNANDEZ MARIO FELIX,31156,ARIAS ORTIZ ROBERTO JESUS,73932,TALLA CONDEZO ROBERTO EDGARDO,https://cam.ciplima.org.pe/wp-content/uploads/2025/08/Comisi%C3%B3n%20T%C3%A9cnica%20Edificaci%C3%B3n%20-Ingenier%C3%ADa%20El%C3%A9ctrica%20y%20Mec%C3%A1nica%20El%C3%A9ctrica.pdf,
SEPTIEMBRE 2025 A AGOSTO 2026,EDIFICACION,INGENIERIA ELECTRICA Y MECANICA ELECTRICA,Comisiones Técnicas Calificadoras de Proyectos de Edificación - Delegados titulares y alternos de Ingeniería Eléctrica y Mecánica Eléctrica,33,SANTIAGO DE SURCO,1,1,FALSE,SANTIAGO DE SURCO,32452,RAMIREZ LI JOSE RICARDO,38003,MIRANDA VEGA JOSE,151817,WHARTON CRUZ MARIA ELIZABETH,https://cam.ciplima.org.pe/wp-content/uploads/2025/08/Comisi%C3%B3n%20T%C3%A9cnica%20Edificaci%C3%B3n%20-Ingenier%C3%ADa%20El%C3%A9ctrica%20y%20Mec%C3%A1nica%20El%C3%A9ctrica.pdf,
SEPTIEMBRE 2025 A AGOSTO 2026,EDIFICACION,INGENIERIA ELECTRICA Y MECANICA ELECTRICA,Comisiones Técnicas Calificadoras de Proyectos de Edificación - Delegados titulares y alternos de Ingeniería Eléctrica y Mecánica Eléctrica,34,SURQUILLO,1,1,FALSE,SURQUILLO,158119,FAUSTOR SIANCAS OMAR FERNANDO,,,15492,LEON JERI VICTOR TEODOSIO,https://cam.ciplima.org.pe/wp-content/uploads/2025/08/Comisi%C3%B3n%20T%C3%A9cnica%20Edificaci%C3%B3n%20-Ingenier%C3%ADa%20El%C3%A9ctrica%20y%20Mec%C3%A1nica%20El%C3%A9ctrica.pdf,
SEPTIEMBRE 2025 A AGOSTO 2026,EDIFICACION,INGENIERIA ELECTRICA Y MECANICA ELECTRICA,Comisiones Técnicas Calificadoras de Proyectos de Edificación - Delegados titulares y alternos de Ingeniería Eléctrica y Mecánica Eléctrica,35,VILLA MARIA DEL TRIUNFO,1,1,FALSE,VILLA MARIA DEL TRIUNFO,111665,TORRES SOTO LUIS DAVID,,,73932,TALLA CONDEZO ROBERTO EDGARDO,https://cam.ciplima.org.pe/wp-content/uploads/2025/08/Comisi%C3%B3n%20T%C3%A9cnica%20Edificaci%C3%B3n%20-Ingenier%C3%ADa%20El%C3%A9ctrica%20y%20Mec%C3%A1nica%20El%C3%A9ctrica.pdf,
SEPTIEMBRE 2025 A AGOSTO 2026,EDIFICACION,INGENIERIA ELECTRICA Y MECANICA ELECTRICA,Comisiones Técnicas Calificadoras de Proyectos de Edificación - Delegados titulares y alternos de Ingeniería Eléctrica y Mecánica Eléctrica,36,SAN JUAN DE LURIGANCHO,1,1,FALSE,SAN JUAN DE LURIGANCHO,38225,SANDOVAL CUCHO CARLOS ROLANDO,,,57281,OVIEDO ANASTACIO GERMAN MARCELINO,https://cam.ciplima.org.pe/wp-content/uploads/2025/08/Comisi%C3%B3n%20T%C3%A9cnica%20Edificaci%C3%B3n%20-Ingenier%C3%ADa%20El%C3%A9ctrica%20y%20Mec%C3%A1nica%20El%C3%A9ctrica.pdf,
SEPTIEMBRE 2025 A AGOSTO 2026,EDIFICACION,INGENIERIA ELECTRICA Y MECANICA ELECTRICA,Comisiones Técnicas Calificadoras de Proyectos de Edificación - Delegados titulares y alternos de Ingeniería Eléctrica y Mecánica Eléctrica,37,SANTA MARIA DEL MAR,1,1,FALSE,SANTA MARIA DEL MAR,124694,MOREYRA VIZCARRA PORFIDIO LUIS,,,155883,QUISPEALAYA HERNANDEZ MARIO FELIX,https://cam.ciplima.org.pe/wp-content/uploads/2025/08/Comisi%C3%B3n%20T%C3%A9cnica%20Edificaci%C3%B3n%20-Ingenier%C3%ADa%20El%C3%A9ctrica%20y%20Mec%C3%A1nica%20El%C3%A9ctrica.pdf,
SEPTIEMBRE 2025 A AGOSTO 2026,EDIFICACION,INGENIERIA ELECTRICA Y MECANICA ELECTRICA,Comisiones Técnicas Calificadoras de Proyectos de Edificación - Delegados titulares y alternos de Ingeniería Eléctrica y Mecánica Eléctrica,38,SANTA ROSA,1,1,FALSE,SANTA ROSA,63147,SOTO EVANGELISTA RICHARD AMADEO,,,111665,TORRES SOTO LUIS DAVID,https://cam.ciplima.org.pe/wp-content/uploads/2025/08/Comisi%C3%B3n%20T%C3%A9cnica%20Edificaci%C3%B3n%20-Ingenier%C3%ADa%20El%C3%A9ctrica%20y%20Mec%C3%A1nica%20El%C3%A9ctrica.pdf,
SEPTIEMBRE 2025 A AGOSTO 2026,EDIFICACION,INGENIERIA ELECTRICA Y MECANICA ELECTRICA,Comisiones Técnicas Calificadoras de Proyectos de Edificación - Delegados titulares y alternos de Ingeniería Eléctrica y Mecánica Eléctrica,39,LOS OLIVOS,1,1,FALSE,LOS OLIVOS,66213,PALOMINO ESCALANTE HUGO ENRIQUE,,,70258,PAREDES MACEDO LUIS ENRIQUE,https://cam.ciplima.org.pe/wp-content/uploads/2025/08/Comisi%C3%B3n%20T%C3%A9cnica%20Edificaci%C3%B3n%20-Ingenier%C3%ADa%20El%C3%A9ctrica%20y%20Mec%C3%A1nica%20El%C3%A9ctrica.pdf,
SEPTIEMBRE 2025 A AGOSTO 2026,EDIFICACION,INGENIERIA ELECTRICA Y MECANICA ELECTRICA,Comisiones Técnicas Calificadoras de Proyectos de Edificación - Delegados titulares y alternos de Ingeniería Eléctrica y Mecánica Eléctrica,40,CIENEGUILLA,1,1,FALSE,CIENEGUILLA,47691,FERNANDEZ VALDERRAMA GONZALO EMILIO,,,58751,MONTES ALVAREZ RICARDO NICANOR,https://cam.ciplima.org.pe/wp-content/uploads/2025/08/Comisi%C3%B3n%20T%C3%A9cnica%20Edificaci%C3%B3n%20-Ingenier%C3%ADa%20El%C3%A9ctrica%20y%20Mec%C3%A1nica%20El%C3%A9ctrica.pdf,
SEPTIEMBRE 2025 A AGOSTO 2026,EDIFICACION,INGENIERIA ELECTRICA Y MECANICA ELECTRICA,Comisiones Técnicas Calificadoras de Proyectos de Edificación - Delegados titulares y alternos de Ingeniería Eléctrica y Mecánica Eléctrica,41,SAN BORJA,1,1,FALSE,SAN BORJA,38222,FERREYRA CAYO ISAAC HILARIO,57281,OVIEDO ANASTACIO GERMAN MARCELINO,32452,RAMIREZ LI JOSE RICARDO,https://cam.ciplima.org.pe/wp-content/uploads/2025/08/Comisi%C3%B3n%20T%C3%A9cnica%20Edificaci%C3%B3n%20-Ingenier%C3%ADa%20El%C3%A9ctrica%20y%20Mec%C3%A1nica%20El%C3%A9ctrica.pdf,
SEPTIEMBRE 2025 A AGOSTO 2026,EDIFICACION,INGENIERIA ELECTRICA Y MECANICA ELECTRICA,Comisiones Técnicas Calificadoras de Proyectos de Edificación - Delegados titulares y alternos de Ingeniería Eléctrica y Mecánica Eléctrica,42,VILLA EL SALVADOR,1,1,FALSE,VILLA EL SALVADOR,158119,FAUSTOR SIANCAS OMAR FERNANDO,,,125641,JURADO HUAMANI PEÑAFORT TOLEDO,https://cam.ciplima.org.pe/wp-content/uploads/2025/08/Comisi%C3%B3n%20T%C3%A9cnica%20Edificaci%C3%B3n%20-Ingenier%C3%ADa%20El%C3%A9ctrica%20y%20Mec%C3%A1nica%20El%C3%A9ctrica.pdf,
SEPTIEMBRE 2025 A AGOSTO 2026,EDIFICACION,INGENIERIA ELECTRICA Y MECANICA ELECTRICA,Comisiones Técnicas Calificadoras de Proyectos de Edificación - Delegados titulares y alternos de Ingeniería Eléctrica y Mecánica Eléctrica,43,SANTA ANITA,1,1,FALSE,SANTA ANITA,15492,LEON JERI VICTOR TEODOSIO,,,41426,HURTADO PANUERA ANA BASILIA,https://cam.ciplima.org.pe/wp-content/uploads/2025/08/Comisi%C3%B3n%20T%C3%A9cnica%20Edificaci%C3%B3n%20-Ingenier%C3%ADa%20El%C3%A9ctrica%20y%20Mec%C3%A1nica%20El%C3%A9ctrica.pdf,
SEPTIEMBRE 2025 A AGOSTO 2026,EDIFICACION,INGENIERIA ELECTRICA Y MECANICA ELECTRICA,Comisiones Técnicas Calificadoras de Proyectos de Edificación - Delegados titulares y alternos de Ingeniería Eléctrica y Mecánica Eléctrica,44,PROVINCIAL DE CAÑETE,1,16,TRUE,"PROVINCIAL DE CAÑETE, SAN ANTONIO DE CAÑETE, ASIA, CERRO AZUL, LUNAHUANA, MALA, CHILCA, IMPERIAL, NUEVO IMPERIAL, SAN LUIS DE CAÑETE, CALANGO, COAYLLO, PACARAN, QUILMANA, SANTA CRUZ DE FLORES, ZUÑIGA",155883,QUISPEALAYA HERNANDEZ MARIO FELIX,,,52942,ALVARADO ARELLANO ALBERTO DANTE,https://cam.ciplima.org.pe/wp-content/uploads/2025/08/Comisi%C3%B3n%20T%C3%A9cnica%20Edificaci%C3%B3n%20-Ingenier%C3%ADa%20El%C3%A9ctrica%20y%20Mec%C3%A1nica%20El%C3%A9ctrica.pdf,
SEPTIEMBRE 2025 A AGOSTO 2026,EDIFICACION,INGENIERIA ELECTRICA Y MECANICA ELECTRICA,Comisiones Técnicas Calificadoras de Proyectos de Edificación - Delegados titulares y alternos de Ingeniería Eléctrica y Mecánica Eléctrica,44,SAN ANTONIO DE CAÑETE,2,16,TRUE,"PROVINCIAL DE CAÑETE, SAN ANTONIO DE CAÑETE, ASIA, CERRO AZUL, LUNAHUANA, MALA, CHILCA, IMPERIAL, NUEVO IMPERIAL, SAN LUIS DE CAÑETE, CALANGO, COAYLLO, PACARAN, QUILMANA, SANTA CRUZ DE FLORES, ZUÑIGA",155883,QUISPEALAYA HERNANDEZ MARIO FELIX,,,52942,ALVARADO ARELLANO ALBERTO DANTE,https://cam.ciplima.org.pe/wp-content/uploads/2025/08/Comisi%C3%B3n%20T%C3%A9cnica%20Edificaci%C3%B3n%20-Ingenier%C3%ADa%20El%C3%A9ctrica%20y%20Mec%C3%A1nica%20El%C3%A9ctrica.pdf,
SEPTIEMBRE 2025 A AGOSTO 2026,EDIFICACION,INGENIERIA ELECTRICA Y MECANICA ELECTRICA,Comisiones Técnicas Calificadoras de Proyectos de Edificación - Delegados titulares y alternos de Ingeniería Eléctrica y Mecánica Eléctrica,44,ASIA,3,16,TRUE,"PROVINCIAL DE CAÑETE, SAN ANTONIO DE CAÑETE, ASIA, CERRO AZUL, LUNAHUANA, MALA, CHILCA, IMPERIAL, NUEVO IMPERIAL, SAN LUIS DE CAÑETE, CALANGO, COAYLLO, PACARAN, QUILMANA, SANTA CRUZ DE FLORES, ZUÑIGA",155883,QUISPEALAYA HERNANDEZ MARIO FELIX,,,52942,ALVARADO ARELLANO ALBERTO DANTE,https://cam.ciplima.org.pe/wp-content/uploads/2025/08/Comisi%C3%B3n%20T%C3%A9cnica%20Edificaci%C3%B3n%20-Ingenier%C3%ADa%20El%C3%A9ctrica%20y%20Mec%C3%A1nica%20El%C3%A9ctrica.pdf,
SEPTIEMBRE 2025 A AGOSTO 2026,EDIFICACION,INGENIERIA ELECTRICA Y MECANICA ELECTRICA,Comisiones Técnicas Calificadoras de Proyectos de Edificación - Delegados titulares y alternos de Ingeniería Eléctrica y Mecánica Eléctrica,44,CERRO AZUL,4,16,TRUE,"PROVINCIAL DE CAÑETE, SAN ANTONIO DE CAÑETE, ASIA, CERRO AZUL, LUNAHUANA, MALA, CHILCA, IMPERIAL, NUEVO IMPERIAL, SAN LUIS DE CAÑETE, CALANGO, COAYLLO, PACARAN, QUILMANA, SANTA CRUZ DE FLORES, ZUÑIGA",155883,QUISPEALAYA HERNANDEZ MARIO FELIX,,,52942,ALVARADO ARELLANO ALBERTO DANTE,https://cam.ciplima.org.pe/wp-content/uploads/2025/08/Comisi%C3%B3n%20T%C3%A9cnica%20Edificaci%C3%B3n%20-Ingenier%C3%ADa%20El%C3%A9ctrica%20y%20Mec%C3%A1nica%20El%C3%A9ctrica.pdf,
SEPTIEMBRE 2025 A AGOSTO 2026,EDIFICACION,INGENIERIA ELECTRICA Y MECANICA ELECTRICA,Comisiones Técnicas Calificadoras de Proyectos de Edificación - Delegados titulares y alternos de Ingeniería Eléctrica y Mecánica Eléctrica,44,LUNAHUANA,5,16,TRUE,"PROVINCIAL DE CAÑETE, SAN ANTONIO DE CAÑETE, ASIA, CERRO AZUL, LUNAHUANA, MALA, CHILCA, IMPERIAL, NUEVO IMPERIAL, SAN LUIS DE CAÑETE, CALANGO, COAYLLO, PACARAN, QUILMANA, SANTA CRUZ DE FLORES, ZUÑIGA",155883,QUISPEALAYA HERNANDEZ MARIO FELIX,,,52942,ALVARADO ARELLANO ALBERTO DANTE,https://cam.ciplima.org.pe/wp-content/uploads/2025/08/Comisi%C3%B3n%20T%C3%A9cnica%20Edificaci%C3%B3n%20-Ingenier%C3%ADa%20El%C3%A9ctrica%20y%20Mec%C3%A1nica%20El%C3%A9ctrica.pdf,
SEPTIEMBRE 2025 A AGOSTO 2026,EDIFICACION,INGENIERIA ELECTRICA Y MECANICA ELECTRICA,Comisiones Técnicas Calificadoras de Proyectos de Edificación - Delegados titulares y alternos de Ingeniería Eléctrica y Mecánica Eléctrica,44,MALA,6,16,TRUE,"PROVINCIAL DE CAÑETE, SAN ANTONIO DE CAÑETE, ASIA, CERRO AZUL, LUNAHUANA, MALA, CHILCA, IMPERIAL, NUEVO IMPERIAL, SAN LUIS DE CAÑETE, CALANGO, COAYLLO, PACARAN, QUILMANA, SANTA CRUZ DE FLORES, ZUÑIGA",155883,QUISPEALAYA HERNANDEZ MARIO FELIX,,,52942,ALVARADO ARELLANO ALBERTO DANTE,https://cam.ciplima.org.pe/wp-content/uploads/2025/08/Comisi%C3%B3n%20T%C3%A9cnica%20Edificaci%C3%B3n%20-Ingenier%C3%ADa%20El%C3%A9ctrica%20y%20Mec%C3%A1nica%20El%C3%A9ctrica.pdf,
SEPTIEMBRE 2025 A AGOSTO 2026,EDIFICACION,INGENIERIA ELECTRICA Y MECANICA ELECTRICA,Comisiones Técnicas Calificadoras de Proyectos de Edificación - Delegados titulares y alternos de Ingeniería Eléctrica y Mecánica Eléctrica,44,CHILCA,7,16,TRUE,"PROVINCIAL DE CAÑETE, SAN ANTONIO DE CAÑETE, ASIA, CERRO AZUL, LUNAHUANA, MALA, CHILCA, IMPERIAL, NUEVO IMPERIAL, SAN LUIS DE CAÑETE, CALANGO, COAYLLO, PACARAN, QUILMANA, SANTA CRUZ DE FLORES, ZUÑIGA",155883,QUISPEALAYA HERNANDEZ MARIO FELIX,,,52942,ALVARADO ARELLANO ALBERTO DANTE,https://cam.ciplima.org.pe/wp-content/uploads/2025/08/Comisi%C3%B3n%20T%C3%A9cnica%20Edificaci%C3%B3n%20-Ingenier%C3%ADa%20El%C3%A9ctrica%20y%20Mec%C3%A1nica%20El%C3%A9ctrica.pdf,
SEPTIEMBRE 2025 A AGOSTO 2026,EDIFICACION,INGENIERIA ELECTRICA Y MECANICA ELECTRICA,Comisiones Técnicas Calificadoras de Proyectos de Edificación - Delegados titulares y alternos de Ingeniería Eléctrica y Mecánica Eléctrica,44,IMPERIAL,8,16,TRUE,"PROVINCIAL DE CAÑETE, SAN ANTONIO DE CAÑETE, ASIA, CERRO AZUL, LUNAHUANA, MALA, CHILCA, IMPERIAL, NUEVO IMPERIAL, SAN LUIS DE CAÑETE, CALANGO, COAYLLO, PACARAN, QUILMANA, SANTA CRUZ DE FLORES, ZUÑIGA",155883,QUISPEALAYA HERNANDEZ MARIO FELIX,,,52942,ALVARADO ARELLANO ALBERTO DANTE,https://cam.ciplima.org.pe/wp-content/uploads/2025/08/Comisi%C3%B3n%20T%C3%A9cnica%20Edificaci%C3%B3n%20-Ingenier%C3%ADa%20El%C3%A9ctrica%20y%20Mec%C3%A1nica%20El%C3%A9ctrica.pdf,
SEPTIEMBRE 2025 A AGOSTO 2026,EDIFICACION,INGENIERIA ELECTRICA Y MECANICA ELECTRICA,Comisiones Técnicas Calificadoras de Proyectos de Edificación - Delegados titulares y alternos de Ingeniería Eléctrica y Mecánica Eléctrica,44,NUEVO IMPERIAL,9,16,TRUE,"PROVINCIAL DE CAÑETE, SAN ANTONIO DE CAÑETE, ASIA, CERRO AZUL, LUNAHUANA, MALA, CHILCA, IMPERIAL, NUEVO IMPERIAL, SAN LUIS DE CAÑETE, CALANGO, COAYLLO, PACARAN, QUILMANA, SANTA CRUZ DE FLORES, ZUÑIGA",155883,QUISPEALAYA HERNANDEZ MARIO FELIX,,,52942,ALVARADO ARELLANO ALBERTO DANTE,https://cam.ciplima.org.pe/wp-content/uploads/2025/08/Comisi%C3%B3n%20T%C3%A9cnica%20Edificaci%C3%B3n%20-Ingenier%C3%ADa%20El%C3%A9ctrica%20y%20Mec%C3%A1nica%20El%C3%A9ctrica.pdf,
SEPTIEMBRE 2025 A AGOSTO 2026,EDIFICACION,INGENIERIA ELECTRICA Y MECANICA ELECTRICA,Comisiones Técnicas Calificadoras de Proyectos de Edificación - Delegados titulares y alternos de Ingeniería Eléctrica y Mecánica Eléctrica,44,SAN LUIS DE CAÑETE,10,16,TRUE,"PROVINCIAL DE CAÑETE, SAN ANTONIO DE CAÑETE, ASIA, CERRO AZUL, LUNAHUANA, MALA, CHILCA, IMPERIAL, NUEVO IMPERIAL, SAN LUIS DE CAÑETE, CALANGO, COAYLLO, PACARAN, QUILMANA, SANTA CRUZ DE FLORES, ZUÑIGA",155883,QUISPEALAYA HERNANDEZ MARIO FELIX,,,52942,ALVARADO ARELLANO ALBERTO DANTE,https://cam.ciplima.org.pe/wp-content/uploads/2025/08/Comisi%C3%B3n%20T%C3%A9cnica%20Edificaci%C3%B3n%20-Ingenier%C3%ADa%20El%C3%A9ctrica%20y%20Mec%C3%A1nica%20El%C3%A9ctrica.pdf,
SEPTIEMBRE 2025 A AGOSTO 2026,EDIFICACION,INGENIERIA ELECTRICA Y MECANICA ELECTRICA,Comisiones Técnicas Calificadoras de Proyectos de Edificación - Delegados titulares y alternos de Ingeniería Eléctrica y Mecánica Eléctrica,44,CALANGO,11,16,TRUE,"PROVINCIAL DE CAÑETE, SAN ANTONIO DE CAÑETE, ASIA, CERRO AZUL, LUNAHUANA, MALA, CHILCA, IMPERIAL, NUEVO IMPERIAL, SAN LUIS DE CAÑETE, CALANGO, COAYLLO, PACARAN, QUILMANA, SANTA CRUZ DE FLORES, ZUÑIGA",155883,QUISPEALAYA HERNANDEZ MARIO FELIX,,,52942,ALVARADO ARELLANO ALBERTO DANTE,https://cam.ciplima.org.pe/wp-content/uploads/2025/08/Comisi%C3%B3n%20T%C3%A9cnica%20Edificaci%C3%B3n%20-Ingenier%C3%ADa%20El%C3%A9ctrica%20y%20Mec%C3%A1nica%20El%C3%A9ctrica.pdf,
SEPTIEMBRE 2025 A AGOSTO 2026,EDIFICACION,INGENIERIA ELECTRICA Y MECANICA ELECTRICA,Comisiones Técnicas Calificadoras de Proyectos de Edificación - Delegados titulares y alternos de Ingeniería Eléctrica y Mecánica Eléctrica,44,COAYLLO,12,16,TRUE,"PROVINCIAL DE CAÑETE, SAN ANTONIO DE CAÑETE, ASIA, CERRO AZUL, LUNAHUANA, MALA, CHILCA, IMPERIAL, NUEVO IMPERIAL, SAN LUIS DE CAÑETE, CALANGO, COAYLLO, PACARAN, QUILMANA, SANTA CRUZ DE FLORES, ZUÑIGA",155883,QUISPEALAYA HERNANDEZ MARIO FELIX,,,52942,ALVARADO ARELLANO ALBERTO DANTE,https://cam.ciplima.org.pe/wp-content/uploads/2025/08/Comisi%C3%B3n%20T%C3%A9cnica%20Edificaci%C3%B3n%20-Ingenier%C3%ADa%20El%C3%A9ctrica%20y%20Mec%C3%A1nica%20El%C3%A9ctrica.pdf,
SEPTIEMBRE 2025 A AGOSTO 2026,EDIFICACION,INGENIERIA ELECTRICA Y MECANICA ELECTRICA,Comisiones Técnicas Calificadoras de Proyectos de Edificación - Delegados titulares y alternos de Ingeniería Eléctrica y Mecánica Eléctrica,44,PACARAN,13,16,TRUE,"PROVINCIAL DE CAÑETE, SAN ANTONIO DE CAÑETE, ASIA, CERRO AZUL, LUNAHUANA, MALA, CHILCA, IMPERIAL, NUEVO IMPERIAL, SAN LUIS DE CAÑETE, CALANGO, COAYLLO, PACARAN, QUILMANA, SANTA CRUZ DE FLORES, ZUÑIGA",155883,QUISPEALAYA HERNANDEZ MARIO FELIX,,,52942,ALVARADO ARELLANO ALBERTO DANTE,https://cam.ciplima.org.pe/wp-content/uploads/2025/08/Comisi%C3%B3n%20T%C3%A9cnica%20Edificaci%C3%B3n%20-Ingenier%C3%ADa%20El%C3%A9ctrica%20y%20Mec%C3%A1nica%20El%C3%A9ctrica.pdf,
SEPTIEMBRE 2025 A AGOSTO 2026,EDIFICACION,INGENIERIA ELECTRICA Y MECANICA ELECTRICA,Comisiones Técnicas Calificadoras de Proyectos de Edificación - Delegados titulares y alternos de Ingeniería Eléctrica y Mecánica Eléctrica,44,QUILMANA,14,16,TRUE,"PROVINCIAL DE CAÑETE, SAN ANTONIO DE CAÑETE, ASIA, CERRO AZUL, LUNAHUANA, MALA, CHILCA, IMPERIAL, NUEVO IMPERIAL, SAN LUIS DE CAÑETE, CALANGO, COAYLLO, PACARAN, QUILMANA, SANTA CRUZ DE FLORES, ZUÑIGA",155883,QUISPEALAYA HERNANDEZ MARIO FELIX,,,52942,ALVARADO ARELLANO ALBERTO DANTE,https://cam.ciplima.org.pe/wp-content/uploads/2025/08/Comisi%C3%B3n%20T%C3%A9cnica%20Edificaci%C3%B3n%20-Ingenier%C3%ADa%20El%C3%A9ctrica%20y%20Mec%C3%A1nica%20El%C3%A9ctrica.pdf,
SEPTIEMBRE 2025 A AGOSTO 2026,EDIFICACION,INGENIERIA ELECTRICA Y MECANICA ELECTRICA,Comisiones Técnicas Calificadoras de Proyectos de Edificación - Delegados titulares y alternos de Ingeniería Eléctrica y Mecánica Eléctrica,44,SANTA CRUZ DE FLORES,15,16,TRUE,"PROVINCIAL DE CAÑETE, SAN ANTONIO DE CAÑETE, ASIA, CERRO AZUL, LUNAHUANA, MALA, CHILCA, IMPERIAL, NUEVO IMPERIAL, SAN LUIS DE CAÑETE, CALANGO, COAYLLO, PACARAN, QUILMANA, SANTA CRUZ DE FLORES, ZUÑIGA",155883,QUISPEALAYA HERNANDEZ MARIO FELIX,,,52942,ALVARADO ARELLANO ALBERTO DANTE,https://cam.ciplima.org.pe/wp-content/uploads/2025/08/Comisi%C3%B3n%20T%C3%A9cnica%20Edificaci%C3%B3n%20-Ingenier%C3%ADa%20El%C3%A9ctrica%20y%20Mec%C3%A1nica%20El%C3%A9ctrica.pdf,
SEPTIEMBRE 2025 A AGOSTO 2026,EDIFICACION,INGENIERIA ELECTRICA Y MECANICA ELECTRICA,Comisiones Técnicas Calificadoras de Proyectos de Edificación - Delegados titulares y alternos de Ingeniería Eléctrica y Mecánica Eléctrica,44,ZUÑIGA,16,16,TRUE,"PROVINCIAL DE CAÑETE, SAN ANTONIO DE CAÑETE, ASIA, CERRO AZUL, LUNAHUANA, MALA, CHILCA, IMPERIAL, NUEVO IMPERIAL, SAN LUIS DE CAÑETE, CALANGO, COAYLLO, PACARAN, QUILMANA, SANTA CRUZ DE FLORES, ZUÑIGA",155883,QUISPEALAYA HERNANDEZ MARIO FELIX,,,52942,ALVARADO ARELLANO ALBERTO DANTE,https://cam.ciplima.org.pe/wp-content/uploads/2025/08/Comisi%C3%B3n%20T%C3%A9cnica%20Edificaci%C3%B3n%20-Ingenier%C3%ADa%20El%C3%A9ctrica%20y%20Mec%C3%A1nica%20El%C3%A9ctrica.pdf,
SEPTIEMBRE 2025 A AGOSTO 2026,EDIFICACION,INGENIERIA ELECTRICA Y MECANICA ELECTRICA,Comisiones Técnicas Calificadoras de Proyectos de Edificación - Delegados titulares y alternos de Ingeniería Eléctrica y Mecánica Eléctrica,45,HUARAL,1,11,TRUE,"HUARAL, IHUARI, SUMBILCA, PACARAOS, LAMPIAN, ATAVILLOS ALTO, ATAVILLOS BAJO, SAN MIGUEL DE ACOS, SANTA CRUZ DE ANDAMARCA, AUCALLAMA, 27 DE NOVIEMBRE",66213,PALOMINO ESCALANTE HUGO ENRIQUE,,,92116,CHAVEZ CAJAHUANCA RENATO,https://cam.ciplima.org.pe/wp-content/uploads/2025/08/Comisi%C3%B3n%20T%C3%A9cnica%20Edificaci%C3%B3n%20-Ingenier%C3%ADa%20El%C3%A9ctrica%20y%20Mec%C3%A1nica%20El%C3%A9ctrica.pdf,
SEPTIEMBRE 2025 A AGOSTO 2026,EDIFICACION,INGENIERIA ELECTRICA Y MECANICA ELECTRICA,Comisiones Técnicas Calificadoras de Proyectos de Edificación - Delegados titulares y alternos de Ingeniería Eléctrica y Mecánica Eléctrica,45,IHUARI,2,11,TRUE,"HUARAL, IHUARI, SUMBILCA, PACARAOS, LAMPIAN, ATAVILLOS ALTO, ATAVILLOS BAJO, SAN MIGUEL DE ACOS, SANTA CRUZ DE ANDAMARCA, AUCALLAMA, 27 DE NOVIEMBRE",66213,PALOMINO ESCALANTE HUGO ENRIQUE,,,92116,CHAVEZ CAJAHUANCA RENATO,https://cam.ciplima.org.pe/wp-content/uploads/2025/08/Comisi%C3%B3n%20T%C3%A9cnica%20Edificaci%C3%B3n%20-Ingenier%C3%ADa%20El%C3%A9ctrica%20y%20Mec%C3%A1nica%20El%C3%A9ctrica.pdf,
SEPTIEMBRE 2025 A AGOSTO 2026,EDIFICACION,INGENIERIA ELECTRICA Y MECANICA ELECTRICA,Comisiones Técnicas Calificadoras de Proyectos de Edificación - Delegados titulares y alternos de Ingeniería Eléctrica y Mecánica Eléctrica,45,SUMBILCA,3,11,TRUE,"HUARAL, IHUARI, SUMBILCA, PACARAOS, LAMPIAN, ATAVILLOS ALTO, ATAVILLOS BAJO, SAN MIGUEL DE ACOS, SANTA CRUZ DE ANDAMARCA, AUCALLAMA, 27 DE NOVIEMBRE",66213,PALOMINO ESCALANTE HUGO ENRIQUE,,,92116,CHAVEZ CAJAHUANCA RENATO,https://cam.ciplima.org.pe/wp-content/uploads/2025/08/Comisi%C3%B3n%20T%C3%A9cnica%20Edificaci%C3%B3n%20-Ingenier%C3%ADa%20El%C3%A9ctrica%20y%20Mec%C3%A1nica%20El%C3%A9ctrica.pdf,
SEPTIEMBRE 2025 A AGOSTO 2026,EDIFICACION,INGENIERIA ELECTRICA Y MECANICA ELECTRICA,Comisiones Técnicas Calificadoras de Proyectos de Edificación - Delegados titulares y alternos de Ingeniería Eléctrica y Mecánica Eléctrica,45,PACARAOS,4,11,TRUE,"HUARAL, IHUARI, SUMBILCA, PACARAOS, LAMPIAN, ATAVILLOS ALTO, ATAVILLOS BAJO, SAN MIGUEL DE ACOS, SANTA CRUZ DE ANDAMARCA, AUCALLAMA, 27 DE NOVIEMBRE",66213,PALOMINO ESCALANTE HUGO ENRIQUE,,,92116,CHAVEZ CAJAHUANCA RENATO,https://cam.ciplima.org.pe/wp-content/uploads/2025/08/Comisi%C3%B3n%20T%C3%A9cnica%20Edificaci%C3%B3n%20-Ingenier%C3%ADa%20El%C3%A9ctrica%20y%20Mec%C3%A1nica%20El%C3%A9ctrica.pdf,
SEPTIEMBRE 2025 A AGOSTO 2026,EDIFICACION,INGENIERIA ELECTRICA Y MECANICA ELECTRICA,Comisiones Técnicas Calificadoras de Proyectos de Edificación - Delegados titulares y alternos de Ingeniería Eléctrica y Mecánica Eléctrica,45,LAMPIAN,5,11,TRUE,"HUARAL, IHUARI, SUMBILCA, PACARAOS, LAMPIAN, ATAVILLOS ALTO, ATAVILLOS BAJO, SAN MIGUEL DE ACOS, SANTA CRUZ DE ANDAMARCA, AUCALLAMA, 27 DE NOVIEMBRE",66213,PALOMINO ESCALANTE HUGO ENRIQUE,,,92116,CHAVEZ CAJAHUANCA RENATO,https://cam.ciplima.org.pe/wp-content/uploads/2025/08/Comisi%C3%B3n%20T%C3%A9cnica%20Edificaci%C3%B3n%20-Ingenier%C3%ADa%20El%C3%A9ctrica%20y%20Mec%C3%A1nica%20El%C3%A9ctrica.pdf,
SEPTIEMBRE 2025 A AGOSTO 2026,EDIFICACION,INGENIERIA ELECTRICA Y MECANICA ELECTRICA,Comisiones Técnicas Calificadoras de Proyectos de Edificación - Delegados titulares y alternos de Ingeniería Eléctrica y Mecánica Eléctrica,45,ATAVILLOS ALTO,6,11,TRUE,"HUARAL, IHUARI, SUMBILCA, PACARAOS, LAMPIAN, ATAVILLOS ALTO, ATAVILLOS BAJO, SAN MIGUEL DE ACOS, SANTA CRUZ DE ANDAMARCA, AUCALLAMA, 27 DE NOVIEMBRE",66213,PALOMINO ESCALANTE HUGO ENRIQUE,,,92116,CHAVEZ CAJAHUANCA RENATO,https://cam.ciplima.org.pe/wp-content/uploads/2025/08/Comisi%C3%B3n%20T%C3%A9cnica%20Edificaci%C3%B3n%20-Ingenier%C3%ADa%20El%C3%A9ctrica%20y%20Mec%C3%A1nica%20El%C3%A9ctrica.pdf,
SEPTIEMBRE 2025 A AGOSTO 2026,EDIFICACION,INGENIERIA ELECTRICA Y MECANICA ELECTRICA,Comisiones Técnicas Calificadoras de Proyectos de Edificación - Delegados titulares y alternos de Ingeniería Eléctrica y Mecánica Eléctrica,45,ATAVILLOS BAJO,7,11,TRUE,"HUARAL, IHUARI, SUMBILCA, PACARAOS, LAMPIAN, ATAVILLOS ALTO, ATAVILLOS BAJO, SAN MIGUEL DE ACOS, SANTA CRUZ DE ANDAMARCA, AUCALLAMA, 27 DE NOVIEMBRE",66213,PALOMINO ESCALANTE HUGO ENRIQUE,,,92116,CHAVEZ CAJAHUANCA RENATO,https://cam.ciplima.org.pe/wp-content/uploads/2025/08/Comisi%C3%B3n%20T%C3%A9cnica%20Edificaci%C3%B3n%20-Ingenier%C3%ADa%20El%C3%A9ctrica%20y%20Mec%C3%A1nica%20El%C3%A9ctrica.pdf,
SEPTIEMBRE 2025 A AGOSTO 2026,EDIFICACION,INGENIERIA ELECTRICA Y MECANICA ELECTRICA,Comisiones Técnicas Calificadoras de Proyectos de Edificación - Delegados titulares y alternos de Ingeniería Eléctrica y Mecánica Eléctrica,45,SAN MIGUEL DE ACOS,8,11,TRUE,"HUARAL, IHUARI, SUMBILCA, PACARAOS, LAMPIAN, ATAVILLOS ALTO, ATAVILLOS BAJO, SAN MIGUEL DE ACOS, SANTA CRUZ DE ANDAMARCA, AUCALLAMA, 27 DE NOVIEMBRE",66213,PALOMINO ESCALANTE HUGO ENRIQUE,,,92116,CHAVEZ CAJAHUANCA RENATO,https://cam.ciplima.org.pe/wp-content/uploads/2025/08/Comisi%C3%B3n%20T%C3%A9cnica%20Edificaci%C3%B3n%20-Ingenier%C3%ADa%20El%C3%A9ctrica%20y%20Mec%C3%A1nica%20El%C3%A9ctrica.pdf,
SEPTIEMBRE 2025 A AGOSTO 2026,EDIFICACION,INGENIERIA ELECTRICA Y MECANICA ELECTRICA,Comisiones Técnicas Calificadoras de Proyectos de Edificación - Delegados titulares y alternos de Ingeniería Eléctrica y Mecánica Eléctrica,45,SANTA CRUZ DE ANDAMARCA,9,11,TRUE,"HUARAL, IHUARI, SUMBILCA, PACARAOS, LAMPIAN, ATAVILLOS ALTO, ATAVILLOS BAJO, SAN MIGUEL DE ACOS, SANTA CRUZ DE ANDAMARCA, AUCALLAMA, 27 DE NOVIEMBRE",66213,PALOMINO ESCALANTE HUGO ENRIQUE,,,92116,CHAVEZ CAJAHUANCA RENATO,https://cam.ciplima.org.pe/wp-content/uploads/2025/08/Comisi%C3%B3n%20T%C3%A9cnica%20Edificaci%C3%B3n%20-Ingenier%C3%ADa%20El%C3%A9ctrica%20y%20Mec%C3%A1nica%20El%C3%A9ctrica.pdf,
SEPTIEMBRE 2025 A AGOSTO 2026,EDIFICACION,INGENIERIA ELECTRICA Y MECANICA ELECTRICA,Comisiones Técnicas Calificadoras de Proyectos de Edificación - Delegados titulares y alternos de Ingeniería Eléctrica y Mecánica Eléctrica,45,AUCALLAMA,10,11,TRUE,"HUARAL, IHUARI, SUMBILCA, PACARAOS, LAMPIAN, ATAVILLOS ALTO, ATAVILLOS BAJO, SAN MIGUEL DE ACOS, SANTA CRUZ DE ANDAMARCA, AUCALLAMA, 27 DE NOVIEMBRE",66213,PALOMINO ESCALANTE HUGO ENRIQUE,,,92116,CHAVEZ CAJAHUANCA RENATO,https://cam.ciplima.org.pe/wp-content/uploads/2025/08/Comisi%C3%B3n%20T%C3%A9cnica%20Edificaci%C3%B3n%20-Ingenier%C3%ADa%20El%C3%A9ctrica%20y%20Mec%C3%A1nica%20El%C3%A9ctrica.pdf,
SEPTIEMBRE 2025 A AGOSTO 2026,EDIFICACION,INGENIERIA ELECTRICA Y MECANICA ELECTRICA,Comisiones Técnicas Calificadoras de Proyectos de Edificación - Delegados titulares y alternos de Ingeniería Eléctrica y Mecánica Eléctrica,45,27 DE NOVIEMBRE,11,11,TRUE,"HUARAL, IHUARI, SUMBILCA, PACARAOS, LAMPIAN, ATAVILLOS ALTO, ATAVILLOS BAJO, SAN MIGUEL DE ACOS, SANTA CRUZ DE ANDAMARCA, AUCALLAMA, 27 DE NOVIEMBRE",66213,PALOMINO ESCALANTE HUGO ENRIQUE,,,92116,CHAVEZ CAJAHUANCA RENATO,https://cam.ciplima.org.pe/wp-content/uploads/2025/08/Comisi%C3%B3n%20T%C3%A9cnica%20Edificaci%C3%B3n%20-Ingenier%C3%ADa%20El%C3%A9ctrica%20y%20Mec%C3%A1nica%20El%C3%A9ctrica.pdf,
SEPTIEMBRE 2025 A AGOSTO 2026,EDIFICACION,INGENIERIA ELECTRICA Y MECANICA ELECTRICA,Comisiones Técnicas Calificadoras de Proyectos de Edificación - Delegados titulares y alternos de Ingeniería Eléctrica y Mecánica Eléctrica,46,CHANCAY,1,1,FALSE,CHANCAY,41426,HURTADO PANUERA ANA BASILIA,,,57838,ALCANTARA GABRIEL ROSA ZULEMA,https://cam.ciplima.org.pe/wp-content/uploads/2025/08/Comisi%C3%B3n%20T%C3%A9cnica%20Edificaci%C3%B3n%20-Ingenier%C3%ADa%20El%C3%A9ctrica%20y%20Mec%C3%A1nica%20El%C3%A9ctrica.pdf,
SEPTIEMBRE 2025 A AGOSTO 2026,EDIFICACION,INGENIERIA ELECTRICA Y MECANICA ELECTRICA,Comisiones Técnicas Calificadoras de Proyectos de Edificación - Delegados titulares y alternos de Ingeniería Eléctrica y Mecánica Eléctrica,47,HUAURA,1,12,TRUE,"HUAURA, CALETA DE CARQUIN, HUACHO, SAYAN, VEGUETA, AMBAR, CHECRAS, LEONCIO PRADO, SANTA LEONOR, PACCHO, HUALMAY, STA MARIA",138328,BRINGAS ENCISO FEIDER PAVEL,,,38003,MIRANDA VEGA JOSE,https://cam.ciplima.org.pe/wp-content/uploads/2025/08/Comisi%C3%B3n%20T%C3%A9cnica%20Edificaci%C3%B3n%20-Ingenier%C3%ADa%20El%C3%A9ctrica%20y%20Mec%C3%A1nica%20El%C3%A9ctrica.pdf,
SEPTIEMBRE 2025 A AGOSTO 2026,EDIFICACION,INGENIERIA ELECTRICA Y MECANICA ELECTRICA,Comisiones Técnicas Calificadoras de Proyectos de Edificación - Delegados titulares y alternos de Ingeniería Eléctrica y Mecánica Eléctrica,47,CALETA DE CARQUIN,2,12,TRUE,"HUAURA, CALETA DE CARQUIN, HUACHO, SAYAN, VEGUETA, AMBAR, CHECRAS, LEONCIO PRADO, SANTA LEONOR, PACCHO, HUALMAY, STA MARIA",138328,BRINGAS ENCISO FEIDER PAVEL,,,38003,MIRANDA VEGA JOSE,https://cam.ciplima.org.pe/wp-content/uploads/2025/08/Comisi%C3%B3n%20T%C3%A9cnica%20Edificaci%C3%B3n%20-Ingenier%C3%ADa%20El%C3%A9ctrica%20y%20Mec%C3%A1nica%20El%C3%A9ctrica.pdf,
SEPTIEMBRE 2025 A AGOSTO 2026,EDIFICACION,INGENIERIA ELECTRICA Y MECANICA ELECTRICA,Comisiones Técnicas Calificadoras de Proyectos de Edificación - Delegados titulares y alternos de Ingeniería Eléctrica y Mecánica Eléctrica,47,HUACHO,3,12,TRUE,"HUAURA, CALETA DE CARQUIN, HUACHO, SAYAN, VEGUETA, AMBAR, CHECRAS, LEONCIO PRADO, SANTA LEONOR, PACCHO, HUALMAY, STA MARIA",138328,BRINGAS ENCISO FEIDER PAVEL,,,38003,MIRANDA VEGA JOSE,https://cam.ciplima.org.pe/wp-content/uploads/2025/08/Comisi%C3%B3n%20T%C3%A9cnica%20Edificaci%C3%B3n%20-Ingenier%C3%ADa%20El%C3%A9ctrica%20y%20Mec%C3%A1nica%20El%C3%A9ctrica.pdf,
SEPTIEMBRE 2025 A AGOSTO 2026,EDIFICACION,INGENIERIA ELECTRICA Y MECANICA ELECTRICA,Comisiones Técnicas Calificadoras de Proyectos de Edificación - Delegados titulares y alternos de Ingeniería Eléctrica y Mecánica Eléctrica,47,SAYAN,4,12,TRUE,"HUAURA, CALETA DE CARQUIN, HUACHO, SAYAN, VEGUETA, AMBAR, CHECRAS, LEONCIO PRADO, SANTA LEONOR, PACCHO, HUALMAY, STA MARIA",138328,BRINGAS ENCISO FEIDER PAVEL,,,38003,MIRANDA VEGA JOSE,https://cam.ciplima.org.pe/wp-content/uploads/2025/08/Comisi%C3%B3n%20T%C3%A9cnica%20Edificaci%C3%B3n%20-Ingenier%C3%ADa%20El%C3%A9ctrica%20y%20Mec%C3%A1nica%20El%C3%A9ctrica.pdf,
SEPTIEMBRE 2025 A AGOSTO 2026,EDIFICACION,INGENIERIA ELECTRICA Y MECANICA ELECTRICA,Comisiones Técnicas Calificadoras de Proyectos de Edificación - Delegados titulares y alternos de Ingeniería Eléctrica y Mecánica Eléctrica,47,VEGUETA,5,12,TRUE,"HUAURA, CALETA DE CARQUIN, HUACHO, SAYAN, VEGUETA, AMBAR, CHECRAS, LEONCIO PRADO, SANTA LEONOR, PACCHO, HUALMAY, STA MARIA",138328,BRINGAS ENCISO FEIDER PAVEL,,,38003,MIRANDA VEGA JOSE,https://cam.ciplima.org.pe/wp-content/uploads/2025/08/Comisi%C3%B3n%20T%C3%A9cnica%20Edificaci%C3%B3n%20-Ingenier%C3%ADa%20El%C3%A9ctrica%20y%20Mec%C3%A1nica%20El%C3%A9ctrica.pdf,
SEPTIEMBRE 2025 A AGOSTO 2026,EDIFICACION,INGENIERIA ELECTRICA Y MECANICA ELECTRICA,Comisiones Técnicas Calificadoras de Proyectos de Edificación - Delegados titulares y alternos de Ingeniería Eléctrica y Mecánica Eléctrica,47,AMBAR,6,12,TRUE,"HUAURA, CALETA DE CARQUIN, HUACHO, SAYAN, VEGUETA, AMBAR, CHECRAS, LEONCIO PRADO, SANTA LEONOR, PACCHO, HUALMAY, STA MARIA",138328,BRINGAS ENCISO FEIDER PAVEL,,,38003,MIRANDA VEGA JOSE,https://cam.ciplima.org.pe/wp-content/uploads/2025/08/Comisi%C3%B3n%20T%C3%A9cnica%20Edificaci%C3%B3n%20-Ingenier%C3%ADa%20El%C3%A9ctrica%20y%20Mec%C3%A1nica%20El%C3%A9ctrica.pdf,
SEPTIEMBRE 2025 A AGOSTO 2026,EDIFICACION,INGENIERIA ELECTRICA Y MECANICA ELECTRICA,Comisiones Técnicas Calificadoras de Proyectos de Edificación - Delegados titulares y alternos de Ingeniería Eléctrica y Mecánica Eléctrica,47,CHECRAS,7,12,TRUE,"HUAURA, CALETA DE CARQUIN, HUACHO, SAYAN, VEGUETA, AMBAR, CHECRAS, LEONCIO PRADO, SANTA LEONOR, PACCHO, HUALMAY, STA MARIA",138328,BRINGAS ENCISO FEIDER PAVEL,,,38003,MIRANDA VEGA JOSE,https://cam.ciplima.org.pe/wp-content/uploads/2025/08/Comisi%C3%B3n%20T%C3%A9cnica%20Edificaci%C3%B3n%20-Ingenier%C3%ADa%20El%C3%A9ctrica%20y%20Mec%C3%A1nica%20El%C3%A9ctrica.pdf,
SEPTIEMBRE 2025 A AGOSTO 2026,EDIFICACION,INGENIERIA ELECTRICA Y MECANICA ELECTRICA,Comisiones Técnicas Calificadoras de Proyectos de Edificación - Delegados titulares y alternos de Ingeniería Eléctrica y Mecánica Eléctrica,47,LEONCIO PRADO,8,12,TRUE,"HUAURA, CALETA DE CARQUIN, HUACHO, SAYAN, VEGUETA, AMBAR, CHECRAS, LEONCIO PRADO, SANTA LEONOR, PACCHO, HUALMAY, STA MARIA",138328,BRINGAS ENCISO FEIDER PAVEL,,,38003,MIRANDA VEGA JOSE,https://cam.ciplima.org.pe/wp-content/uploads/2025/08/Comisi%C3%B3n%20T%C3%A9cnica%20Edificaci%C3%B3n%20-Ingenier%C3%ADa%20El%C3%A9ctrica%20y%20Mec%C3%A1nica%20El%C3%A9ctrica.pdf,
SEPTIEMBRE 2025 A AGOSTO 2026,EDIFICACION,INGENIERIA ELECTRICA Y MECANICA ELECTRICA,Comisiones Técnicas Calificadoras de Proyectos de Edificación - Delegados titulares y alternos de Ingeniería Eléctrica y Mecánica Eléctrica,47,SANTA LEONOR,9,12,TRUE,"HUAURA, CALETA DE CARQUIN, HUACHO, SAYAN, VEGUETA, AMBAR, CHECRAS, LEONCIO PRADO, SANTA LEONOR, PACCHO, HUALMAY, STA MARIA",138328,BRINGAS ENCISO FEIDER PAVEL,,,38003,MIRANDA VEGA JOSE,https://cam.ciplima.org.pe/wp-content/uploads/2025/08/Comisi%C3%B3n%20T%C3%A9cnica%20Edificaci%C3%B3n%20-Ingenier%C3%ADa%20El%C3%A9ctrica%20y%20Mec%C3%A1nica%20El%C3%A9ctrica.pdf,
SEPTIEMBRE 2025 A AGOSTO 2026,EDIFICACION,INGENIERIA ELECTRICA Y MECANICA ELECTRICA,Comisiones Técnicas Calificadoras de Proyectos de Edificación - Delegados titulares y alternos de Ingeniería Eléctrica y Mecánica Eléctrica,47,PACCHO,10,12,TRUE,"HUAURA, CALETA DE CARQUIN, HUACHO, SAYAN, VEGUETA, AMBAR, CHECRAS, LEONCIO PRADO, SANTA LEONOR, PACCHO, HUALMAY, STA MARIA",138328,BRINGAS ENCISO FEIDER PAVEL,,,38003,MIRANDA VEGA JOSE,https://cam.ciplima.org.pe/wp-content/uploads/2025/08/Comisi%C3%B3n%20T%C3%A9cnica%20Edificaci%C3%B3n%20-Ingenier%C3%ADa%20El%C3%A9ctrica%20y%20Mec%C3%A1nica%20El%C3%A9ctrica.pdf,
SEPTIEMBRE 2025 A AGOSTO 2026,EDIFICACION,INGENIERIA ELECTRICA Y MECANICA ELECTRICA,Comisiones Técnicas Calificadoras de Proyectos de Edificación - Delegados titulares y alternos de Ingeniería Eléctrica y Mecánica Eléctrica,47,HUALMAY,11,12,TRUE,"HUAURA, CALETA DE CARQUIN, HUACHO, SAYAN, VEGUETA, AMBAR, CHECRAS, LEONCIO PRADO, SANTA LEONOR, PACCHO, HUALMAY, STA MARIA",138328,BRINGAS ENCISO FEIDER PAVEL,,,38003,MIRANDA VEGA JOSE,https://cam.ciplima.org.pe/wp-content/uploads/2025/08/Comisi%C3%B3n%20T%C3%A9cnica%20Edificaci%C3%B3n%20-Ingenier%C3%ADa%20El%C3%A9ctrica%20y%20Mec%C3%A1nica%20El%C3%A9ctrica.pdf,
SEPTIEMBRE 2025 A AGOSTO 2026,EDIFICACION,INGENIERIA ELECTRICA Y MECANICA ELECTRICA,Comisiones Técnicas Calificadoras de Proyectos de Edificación - Delegados titulares y alternos de Ingeniería Eléctrica y Mecánica Eléctrica,47,STA MARIA,12,12,TRUE,"HUAURA, CALETA DE CARQUIN, HUACHO, SAYAN, VEGUETA, AMBAR, CHECRAS, LEONCIO PRADO, SANTA LEONOR, PACCHO, HUALMAY, STA MARIA",138328,BRINGAS ENCISO FEIDER PAVEL,,,38003,MIRANDA VEGA JOSE,https://cam.ciplima.org.pe/wp-content/uploads/2025/08/Comisi%C3%B3n%20T%C3%A9cnica%20Edificaci%C3%B3n%20-Ingenier%C3%ADa%20El%C3%A9ctrica%20y%20Mec%C3%A1nica%20El%C3%A9ctrica.pdf,
SEPTIEMBRE 2025 A AGOSTO 2026,EDIFICACION,INGENIERIA ELECTRICA Y MECANICA ELECTRICA,Comisiones Técnicas Calificadoras de Proyectos de Edificación - Delegados titulares y alternos de Ingeniería Eléctrica y Mecánica Eléctrica,48,BARRANCA,1,5,TRUE,"BARRANCA, SUPE, SUPE PUERTO, PARAMONGA, PATIVILCA",57281,OVIEDO ANASTACIO GERMAN MARCELINO,,,63147,SOTO EVANGELISTA RICHARD AMADEO,https://cam.ciplima.org.pe/wp-content/uploads/2025/08/Comisi%C3%B3n%20T%C3%A9cnica%20Edificaci%C3%B3n%20-Ingenier%C3%ADa%20El%C3%A9ctrica%20y%20Mec%C3%A1nica%20El%C3%A9ctrica.pdf,
SEPTIEMBRE 2025 A AGOSTO 2026,EDIFICACION,INGENIERIA ELECTRICA Y MECANICA ELECTRICA,Comisiones Técnicas Calificadoras de Proyectos de Edificación - Delegados titulares y alternos de Ingeniería Eléctrica y Mecánica Eléctrica,48,SUPE,2,5,TRUE,"BARRANCA, SUPE, SUPE PUERTO, PARAMONGA, PATIVILCA",57281,OVIEDO ANASTACIO GERMAN MARCELINO,,,63147,SOTO EVANGELISTA RICHARD AMADEO,https://cam.ciplima.org.pe/wp-content/uploads/2025/08/Comisi%C3%B3n%20T%C3%A9cnica%20Edificaci%C3%B3n%20-Ingenier%C3%ADa%20El%C3%A9ctrica%20y%20Mec%C3%A1nica%20El%C3%A9ctrica.pdf,
SEPTIEMBRE 2025 A AGOSTO 2026,EDIFICACION,INGENIERIA ELECTRICA Y MECANICA ELECTRICA,Comisiones Técnicas Calificadoras de Proyectos de Edificación - Delegados titulares y alternos de Ingeniería Eléctrica y Mecánica Eléctrica,48,SUPE PUERTO,3,5,TRUE,"BARRANCA, SUPE, SUPE PUERTO, PARAMONGA, PATIVILCA",57281,OVIEDO ANASTACIO GERMAN MARCELINO,,,63147,SOTO EVANGELISTA RICHARD AMADEO,https://cam.ciplima.org.pe/wp-content/uploads/2025/08/Comisi%C3%B3n%20T%C3%A9cnica%20Edificaci%C3%B3n%20-Ingenier%C3%ADa%20El%C3%A9ctrica%20y%20Mec%C3%A1nica%20El%C3%A9ctrica.pdf,
SEPTIEMBRE 2025 A AGOSTO 2026,EDIFICACION,INGENIERIA ELECTRICA Y MECANICA ELECTRICA,Comisiones Técnicas Calificadoras de Proyectos de Edificación - Delegados titulares y alternos de Ingeniería Eléctrica y Mecánica Eléctrica,48,PARAMONGA,4,5,TRUE,"BARRANCA, SUPE, SUPE PUERTO, PARAMONGA, PATIVILCA",57281,OVIEDO ANASTACIO GERMAN MARCELINO,,,63147,SOTO EVANGELISTA RICHARD AMADEO,https://cam.ciplima.org.pe/wp-content/uploads/2025/08/Comisi%C3%B3n%20T%C3%A9cnica%20Edificaci%C3%B3n%20-Ingenier%C3%ADa%20El%C3%A9ctrica%20y%20Mec%C3%A1nica%20El%C3%A9ctrica.pdf,
SEPTIEMBRE 2025 A AGOSTO 2026,EDIFICACION,INGENIERIA ELECTRICA Y MECANICA ELECTRICA,Comisiones Técnicas Calificadoras de Proyectos de Edificación - Delegados titulares y alternos de Ingeniería Eléctrica y Mecánica Eléctrica,48,PATIVILCA,5,5,TRUE,"BARRANCA, SUPE, SUPE PUERTO, PARAMONGA, PATIVILCA",57281,OVIEDO ANASTACIO GERMAN MARCELINO,,,63147,SOTO EVANGELISTA RICHARD AMADEO,https://cam.ciplima.org.pe/wp-content/uploads/2025/08/Comisi%C3%B3n%20T%C3%A9cnica%20Edificaci%C3%B3n%20-Ingenier%C3%ADa%20El%C3%A9ctrica%20y%20Mec%C3%A1nica%20El%C3%A9ctrica.pdf,
SEPTIEMBRE 2025 A AGOSTO 2026,EDIFICACION,INGENIERIA ELECTRICA Y MECANICA ELECTRICA,Comisiones Técnicas Calificadoras de Proyectos de Edificación - Delegados titulares y alternos de Ingeniería Eléctrica y Mecánica Eléctrica,49,HUAROCHIRI,1,2,TRUE,"HUAROCHIRI, SAN ANTONIO DE HUAROCHIRI",31156,ARIAS ORTIZ ROBERTO JESUS,,,36721,MORENO GUTIERREZ SEGUNDO ANTERO,https://cam.ciplima.org.pe/wp-content/uploads/2025/08/Comisi%C3%B3n%20T%C3%A9cnica%20Edificaci%C3%B3n%20-Ingenier%C3%ADa%20El%C3%A9ctrica%20y%20Mec%C3%A1nica%20El%C3%A9ctrica.pdf,
SEPTIEMBRE 2025 A AGOSTO 2026,EDIFICACION,INGENIERIA ELECTRICA Y MECANICA ELECTRICA,Comisiones Técnicas Calificadoras de Proyectos de Edificación - Delegados titulares y alternos de Ingeniería Eléctrica y Mecánica Eléctrica,49,SAN ANTONIO DE HUAROCHIRI,2,2,TRUE,"HUAROCHIRI, SAN ANTONIO DE HUAROCHIRI",31156,ARIAS ORTIZ ROBERTO JESUS,,,36721,MORENO GUTIERREZ SEGUNDO ANTERO,https://cam.ciplima.org.pe/wp-content/uploads/2025/08/Comisi%C3%B3n%20T%C3%A9cnica%20Edificaci%C3%B3n%20-Ingenier%C3%ADa%20El%C3%A9ctrica%20y%20Mec%C3%A1nica%20El%C3%A9ctrica.pdf,
SEPTIEMBRE 2025 A AGOSTO 2026,EDIFICACION,INGENIERIA ELECTRICA Y MECANICA ELECTRICA,Comisiones Técnicas Calificadoras de Proyectos de Edificación - Delegados titulares y alternos de Ingeniería Eléctrica y Mecánica Eléctrica,50,PROVINCIA CANTA,1,1,FALSE,PROVINCIA CANTA,18554,ALEGRE MERINO CESAR JOSE,,,138328,BRINGAS ENCISO FEIDER PAVEL,https://cam.ciplima.org.pe/wp-content/uploads/2025/08/Comisi%C3%B3n%20T%C3%A9cnica%20Edificaci%C3%B3n%20-Ingenier%C3%ADa%20El%C3%A9ctrica%20y%20Mec%C3%A1nica%20El%C3%A9ctrica.pdf,
SEPTIEMBRE 2025 A AGOSTO 2026,HABILITACION URBANA,INGENIERIA CIVIL,Comisiones Técnicas Calificadoras de Proyectos de Habilitación Urbana - Delegados titulares y alternos,1,CERCADO DE LIMA,1,1,FALSE,CERCADO DE LIMA,163222,VARGAS MENDIVIL DIEGO ARTURO,,,91616,LAZO MUÑOZ JULIO CESAR,https://cam.ciplima.org.pe/wp-content/uploads/2025/08/Comisi%C3%B3n%20T%C3%A9cnica%20de%20-%20Habilitaciones%20Urbanas.pdf,
SEPTIEMBRE 2025 A AGOSTO 2026,HABILITACION URBANA,INGENIERIA CIVIL,Comisiones Técnicas Calificadoras de Proyectos de Habilitación Urbana - Delegados titulares y alternos,1-1,CENTRO HISTORICO,1,1,FALSE,CENTRO HISTORICO,69692,ACOSTA QUINECHE MIGUEL ANGEL,,,91616,LAZO MUÑOZ JULIO CESAR,https://cam.ciplima.org.pe/wp-content/uploads/2025/08/Comisi%C3%B3n%20T%C3%A9cnica%20de%20-%20Habilitaciones%20Urbanas.pdf,
SEPTIEMBRE 2025 A AGOSTO 2026,HABILITACION URBANA,INGENIERIA CIVIL,Comisiones Técnicas Calificadoras de Proyectos de Habilitación Urbana - Delegados titulares y alternos,1-2,COMISION AD HOC,1,1,FALSE,COMISION AD HOC,163222,VARGAS MENDIVIL DIEGO ARTURO,,,69692,ACOSTA QUINECHE MIGUEL ANGEL,https://cam.ciplima.org.pe/wp-content/uploads/2025/08/Comisi%C3%B3n%20T%C3%A9cnica%20de%20-%20Habilitaciones%20Urbanas.pdf,
SEPTIEMBRE 2025 A AGOSTO 2026,HABILITACION URBANA,INGENIERIA CIVIL,Comisiones Técnicas Calificadoras de Proyectos de Habilitación Urbana - Delegados titulares y alternos,2,ANCON,1,1,FALSE,ANCON,69692,ACOSTA QUINECHE MIGUEL ANGEL,,,91616,LAZO MUÑOZ JULIO CESAR,https://cam.ciplima.org.pe/wp-content/uploads/2025/08/Comisi%C3%B3n%20T%C3%A9cnica%20de%20-%20Habilitaciones%20Urbanas.pdf,
SEPTIEMBRE 2025 A AGOSTO 2026,HABILITACION URBANA,INGENIERIA CIVIL,Comisiones Técnicas Calificadoras de Proyectos de Habilitación Urbana - Delegados titulares y alternos,3,ATE VITARTE,1,1,FALSE,ATE VITARTE,69692,ACOSTA QUINECHE MIGUEL ANGEL,,,163222,VARGAS MENDIVIL DIEGO ARTURO,https://cam.ciplima.org.pe/wp-content/uploads/2025/08/Comisi%C3%B3n%20T%C3%A9cnica%20de%20-%20Habilitaciones%20Urbanas.pdf,
SEPTIEMBRE 2025 A AGOSTO 2026,HABILITACION URBANA,INGENIERIA CIVIL,Comisiones Técnicas Calificadoras de Proyectos de Habilitación Urbana - Delegados titulares y alternos,4,BARRANCO,1,1,FALSE,BARRANCO,163222,VARGAS MENDIVIL DIEGO ARTURO,,,118318,TARAZONA ESTRADA LUIS ALBERTO,https://cam.ciplima.org.pe/wp-content/uploads/2025/08/Comisi%C3%B3n%20T%C3%A9cnica%20de%20-%20Habilitaciones%20Urbanas.pdf,
SEPTIEMBRE 2025 A AGOSTO 2026,HABILITACION URBANA,INGENIERIA CIVIL,Comisiones Técnicas Calificadoras de Proyectos de Habilitación Urbana - Delegados titulares y alternos,5,BREÑA,1,1,FALSE,BREÑA,63986,MEJIA AZAÑERO JESSICA LUCILA,,,69692,ACOSTA QUINECHE MIGUEL ANGEL,https://cam.ciplima.org.pe/wp-content/uploads/2025/08/Comisi%C3%B3n%20T%C3%A9cnica%20de%20-%20Habilitaciones%20Urbanas.pdf,
SEPTIEMBRE 2025 A AGOSTO 2026,HABILITACION URBANA,INGENIERIA CIVIL,Comisiones Técnicas Calificadoras de Proyectos de Habilitación Urbana - Delegados titulares y alternos,6,CARABAYLLO,1,1,FALSE,CARABAYLLO,18356,LAZO MAYORCA LUIS ENRIQUE,,,22414,RODRIGUEZ MONTANI MARTHA ELENA,https://cam.ciplima.org.pe/wp-content/uploads/2025/08/Comisi%C3%B3n%20T%C3%A9cnica%20de%20-%20Habilitaciones%20Urbanas.pdf,
SEPTIEMBRE 2025 A AGOSTO 2026,HABILITACION URBANA,INGENIERIA CIVIL,Comisiones Técnicas Calificadoras de Proyectos de Habilitación Urbana - Delegados titulares y alternos,7,COMAS,1,1,FALSE,COMAS,62895,LAZO MUÑOZ ELIZABETH LUZMILA,,,59197,BABILONIA AREVALO OTTO,https://cam.ciplima.org.pe/wp-content/uploads/2025/08/Comisi%C3%B3n%20T%C3%A9cnica%20de%20-%20Habilitaciones%20Urbanas.pdf,
SEPTIEMBRE 2025 A AGOSTO 2026,HABILITACION URBANA,INGENIERIA CIVIL,Comisiones Técnicas Calificadoras de Proyectos de Habilitación Urbana - Delegados titulares y alternos,8,CHACLACAYO,1,1,FALSE,CHACLACAYO,59197,BABILONIA AREVALO OTTO,,,91616,LAZO MUÑOZ JULIO CESAR,https://cam.ciplima.org.pe/wp-content/uploads/2025/08/Comisi%C3%B3n%20T%C3%A9cnica%20de%20-%20Habilitaciones%20Urbanas.pdf,
SEPTIEMBRE 2025 A AGOSTO 2026,HABILITACION URBANA,INGENIERIA CIVIL,Comisiones Técnicas Calificadoras de Proyectos de Habilitación Urbana - Delegados titulares y alternos,9,CHORRILLOS,1,1,FALSE,CHORRILLOS,62895,LAZO MUÑOZ ELIZABETH LUZMILA,,,69692,ACOSTA QUINECHE MIGUEL ANGEL,https://cam.ciplima.org.pe/wp-content/uploads/2025/08/Comisi%C3%B3n%20T%C3%A9cnica%20de%20-%20Habilitaciones%20Urbanas.pdf,
SEPTIEMBRE 2025 A AGOSTO 2026,HABILITACION URBANA,INGENIERIA CIVIL,Comisiones Técnicas Calificadoras de Proyectos de Habilitación Urbana - Delegados titulares y alternos,10,EL AGUSTINO,1,1,FALSE,EL AGUSTINO,69692,ACOSTA QUINECHE MIGUEL ANGEL,,,82702,DIAZ SILVA CARLOS DAVID,https://cam.ciplima.org.pe/wp-content/uploads/2025/08/Comisi%C3%B3n%20T%C3%A9cnica%20de%20-%20Habilitaciones%20Urbanas.pdf,
SEPTIEMBRE 2025 A AGOSTO 2026,HABILITACION URBANA,INGENIERIA CIVIL,Comisiones Técnicas Calificadoras de Proyectos de Habilitación Urbana - Delegados titulares y alternos,11,JESUS MARIA,1,1,FALSE,JESUS MARIA,24657,ULLOA LLERENA BEDER FELIPE,,,82702,DIAZ SILVA CARLOS DAVID,https://cam.ciplima.org.pe/wp-content/uploads/2025/08/Comisi%C3%B3n%20T%C3%A9cnica%20de%20-%20Habilitaciones%20Urbanas.pdf,
SEPTIEMBRE 2025 A AGOSTO 2026,HABILITACION URBANA,INGENIERIA CIVIL,Comisiones Técnicas Calificadoras de Proyectos de Habilitación Urbana - Delegados titulares y alternos,12,LA MOLINA,1,1,FALSE,LA MOLINA,59197,BABILONIA AREVALO OTTO,,,118318,TARAZONA ESTRADA LUIS ALBERTO,https://cam.ciplima.org.pe/wp-content/uploads/2025/08/Comisi%C3%B3n%20T%C3%A9cnica%20de%20-%20Habilitaciones%20Urbanas.pdf,
SEPTIEMBRE 2025 A AGOSTO 2026,HABILITACION URBANA,INGENIERIA CIVIL,Comisiones Técnicas Calificadoras de Proyectos de Habilitación Urbana - Delegados titulares y alternos,13,LA VICTORIA,1,1,FALSE,LA VICTORIA,163222,VARGAS MENDIVIL DIEGO ARTURO,,,24657,ULLOA LLERENA BEDER FELIPE,https://cam.ciplima.org.pe/wp-content/uploads/2025/08/Comisi%C3%B3n%20T%C3%A9cnica%20de%20-%20Habilitaciones%20Urbanas.pdf,
SEPTIEMBRE 2025 A AGOSTO 2026,HABILITACION URBANA,INGENIERIA CIVIL,Comisiones Técnicas Calificadoras de Proyectos de Habilitación Urbana - Delegados titulares y alternos,14,LINCE,1,1,FALSE,LINCE,24657,ULLOA LLERENA BEDER FELIPE,,,59197,BABILONIA AREVALO OTTO,https://cam.ciplima.org.pe/wp-content/uploads/2025/08/Comisi%C3%B3n%20T%C3%A9cnica%20de%20-%20Habilitaciones%20Urbanas.pdf,
SEPTIEMBRE 2025 A AGOSTO 2026,HABILITACION URBANA,INGENIERIA CIVIL,Comisiones Técnicas Calificadoras de Proyectos de Habilitación Urbana - Delegados titulares y alternos,15,LURIGANCHO – CHOSICA,1,1,FALSE,LURIGANCHO – CHOSICA,22414,RODRIGUEZ MONTANI MARTHA ELENA,,,163222,VARGAS MENDIVIL DIEGO ARTURO,https://cam.ciplima.org.pe/wp-content/uploads/2025/08/Comisi%C3%B3n%20T%C3%A9cnica%20de%20-%20Habilitaciones%20Urbanas.pdf,
SEPTIEMBRE 2025 A AGOSTO 2026,HABILITACION URBANA,INGENIERIA CIVIL,Comisiones Técnicas Calificadoras de Proyectos de Habilitación Urbana - Delegados titulares y alternos,15-1,SANTA MARIA DE HUACHIPA,1,1,FALSE,SANTA MARIA DE HUACHIPA,22414,RODRIGUEZ MONTANI MARTHA ELENA,,,118318,TARAZONA ESTRADA LUIS ALBERTO,https://cam.ciplima.org.pe/wp-content/uploads/2025/08/Comisi%C3%B3n%20T%C3%A9cnica%20de%20-%20Habilitaciones%20Urbanas.pdf,
SEPTIEMBRE 2025 A AGOSTO 2026,HABILITACION URBANA,INGENIERIA CIVIL,Comisiones Técnicas Calificadoras de Proyectos de Habilitación Urbana - Delegados titulares y alternos,16,LURIN,1,1,FALSE,LURIN,22414,RODRIGUEZ MONTANI MARTHA ELENA,,,63986,MEJIA AZAÑERO JESSICA LUCILA,https://cam.ciplima.org.pe/wp-content/uploads/2025/08/Comisi%C3%B3n%20T%C3%A9cnica%20de%20-%20Habilitaciones%20Urbanas.pdf,
SEPTIEMBRE 2025 A AGOSTO 2026,HABILITACION URBANA,INGENIERIA CIVIL,Comisiones Técnicas Calificadoras de Proyectos de Habilitación Urbana - Delegados titulares y alternos,17,MAGDALENA DEL MAR,1,1,FALSE,MAGDALENA DEL MAR,163222,VARGAS MENDIVIL DIEGO ARTURO,,,69692,ACOSTA QUINECHE MIGUEL ANGEL,https://cam.ciplima.org.pe/wp-content/uploads/2025/08/Comisi%C3%B3n%20T%C3%A9cnica%20de%20-%20Habilitaciones%20Urbanas.pdf,
SEPTIEMBRE 2025 A AGOSTO 2026,HABILITACION URBANA,INGENIERIA CIVIL,Comisiones Técnicas Calificadoras de Proyectos de Habilitación Urbana - Delegados titulares y alternos,18,MIRAFLORES,1,1,FALSE,MIRAFLORES,82702,DIAZ SILVA CARLOS DAVID,,,118318,TARAZONA ESTRADA LUIS ALBERTO,https://cam.ciplima.org.pe/wp-content/uploads/2025/08/Comisi%C3%B3n%20T%C3%A9cnica%20de%20-%20Habilitaciones%20Urbanas.pdf,
SEPTIEMBRE 2025 A AGOSTO 2026,HABILITACION URBANA,INGENIERIA CIVIL,Comisiones Técnicas Calificadoras de Proyectos de Habilitación Urbana - Delegados titulares y alternos,19,PACHACAMAC,1,1,FALSE,PACHACAMAC,91616,LAZO MUÑOZ JULIO CESAR,,,22414,RODRIGUEZ MONTANI MARTHA ELENA,https://cam.ciplima.org.pe/wp-content/uploads/2025/08/Comisi%C3%B3n%20T%C3%A9cnica%20de%20-%20Habilitaciones%20Urbanas.pdf,
SEPTIEMBRE 2025 A AGOSTO 2026,HABILITACION URBANA,INGENIERIA CIVIL,Comisiones Técnicas Calificadoras de Proyectos de Habilitación Urbana - Delegados titulares y alternos,20,PUCUSANA,1,1,FALSE,PUCUSANA,118318,TARAZONA ESTRADA LUIS ALBERTO,,,63986,MEJIA AZAÑERO JESSICA LUCILA,https://cam.ciplima.org.pe/wp-content/uploads/2025/08/Comisi%C3%B3n%20T%C3%A9cnica%20de%20-%20Habilitaciones%20Urbanas.pdf,
SEPTIEMBRE 2025 A AGOSTO 2026,HABILITACION URBANA,INGENIERIA CIVIL,Comisiones Técnicas Calificadoras de Proyectos de Habilitación Urbana - Delegados titulares y alternos,21,PUEBLO LIBRE,1,1,FALSE,PUEBLO LIBRE,82702,DIAZ SILVA CARLOS DAVID,,,24657,ULLOA LLERENA BEDER FELIPE,https://cam.ciplima.org.pe/wp-content/uploads/2025/08/Comisi%C3%B3n%20T%C3%A9cnica%20de%20-%20Habilitaciones%20Urbanas.pdf,
SEPTIEMBRE 2025 A AGOSTO 2026,HABILITACION URBANA,INGENIERIA CIVIL,Comisiones Técnicas Calificadoras de Proyectos de Habilitación Urbana - Delegados titulares y alternos,22,PUENTE PIEDRA,1,1,FALSE,PUENTE PIEDRA,18356,LAZO MAYORCA LUIS ENRIQUE,,,91616,LAZO MUÑOZ JULIO CESAR,https://cam.ciplima.org.pe/wp-content/uploads/2025/08/Comisi%C3%B3n%20T%C3%A9cnica%20de%20-%20Habilitaciones%20Urbanas.pdf,
SEPTIEMBRE 2025 A AGOSTO 2026,HABILITACION URBANA,INGENIERIA CIVIL,Comisiones Técnicas Calificadoras de Proyectos de Habilitación Urbana - Delegados titulares y alternos,23,PUNTA NEGRA,1,1,FALSE,PUNTA NEGRA,91616,LAZO MUÑOZ JULIO CESAR,,,22414,RODRIGUEZ MONTANI MARTHA ELENA,https://cam.ciplima.org.pe/wp-content/uploads/2025/08/Comisi%C3%B3n%20T%C3%A9cnica%20de%20-%20Habilitaciones%20Urbanas.pdf,
SEPTIEMBRE 2025 A AGOSTO 2026,HABILITACION URBANA,INGENIERIA CIVIL,Comisiones Técnicas Calificadoras de Proyectos de Habilitación Urbana - Delegados titulares y alternos,24,PUNTA HERMOSA,1,1,FALSE,PUNTA HERMOSA,22414,RODRIGUEZ MONTANI MARTHA ELENA,,,82702,DIAZ SILVA CARLOS DAVID,https://cam.ciplima.org.pe/wp-content/uploads/2025/08/Comisi%C3%B3n%20T%C3%A9cnica%20de%20-%20Habilitaciones%20Urbanas.pdf,
SEPTIEMBRE 2025 A AGOSTO 2026,HABILITACION URBANA,INGENIERIA CIVIL,Comisiones Técnicas Calificadoras de Proyectos de Habilitación Urbana - Delegados titulares y alternos,25,RIMAC,1,1,FALSE,RIMAC,69692,ACOSTA QUINECHE MIGUEL ANGEL,,,163222,VARGAS MENDIVIL DIEGO ARTURO,https://cam.ciplima.org.pe/wp-content/uploads/2025/08/Comisi%C3%B3n%20T%C3%A9cnica%20de%20-%20Habilitaciones%20Urbanas.pdf,
SEPTIEMBRE 2025 A AGOSTO 2026,HABILITACION URBANA,INGENIERIA CIVIL,Comisiones Técnicas Calificadoras de Proyectos de Habilitación Urbana - Delegados titulares y alternos,26,SAN BARTOLO,1,1,FALSE,SAN BARTOLO,118318,TARAZONA ESTRADA LUIS ALBERTO,,,62895,LAZO MUÑOZ ELIZABETH LUZMILA,https://cam.ciplima.org.pe/wp-content/uploads/2025/08/Comisi%C3%B3n%20T%C3%A9cnica%20de%20-%20Habilitaciones%20Urbanas.pdf,
SEPTIEMBRE 2025 A AGOSTO 2026,HABILITACION URBANA,INGENIERIA CIVIL,Comisiones Técnicas Calificadoras de Proyectos de Habilitación Urbana - Delegados titulares y alternos,27,SAN ISIDRO,1,1,FALSE,SAN ISIDRO,63986,MEJIA AZAÑERO JESSICA LUCILA,,,91616,LAZO MUÑOZ JULIO CESAR,https://cam.ciplima.org.pe/wp-content/uploads/2025/08/Comisi%C3%B3n%20T%C3%A9cnica%20de%20-%20Habilitaciones%20Urbanas.pdf,
SEPTIEMBRE 2025 A AGOSTO 2026,HABILITACION URBANA,INGENIERIA CIVIL,Comisiones Técnicas Calificadoras de Proyectos de Habilitación Urbana - Delegados titulares y alternos,28,INDEPENDENCIA,1,1,FALSE,INDEPENDENCIA,24657,ULLOA LLERENA BEDER FELIPE,,,69692,ACOSTA QUINECHE MIGUEL ANGEL,https://cam.ciplima.org.pe/wp-content/uploads/2025/08/Comisi%C3%B3n%20T%C3%A9cnica%20de%20-%20Habilitaciones%20Urbanas.pdf,
SEPTIEMBRE 2025 A AGOSTO 2026,HABILITACION URBANA,INGENIERIA CIVIL,Comisiones Técnicas Calificadoras de Proyectos de Habilitación Urbana - Delegados titulares y alternos,29,SAN JUAN DE MIRAFLORES,1,1,FALSE,SAN JUAN DE MIRAFLORES,82702,DIAZ SILVA CARLOS DAVID,,,163222,VARGAS MENDIVIL DIEGO ARTURO,https://cam.ciplima.org.pe/wp-content/uploads/2025/08/Comisi%C3%B3n%20T%C3%A9cnica%20de%20-%20Habilitaciones%20Urbanas.pdf,
SEPTIEMBRE 2025 A AGOSTO 2026,HABILITACION URBANA,INGENIERIA CIVIL,Comisiones Técnicas Calificadoras de Proyectos de Habilitación Urbana - Delegados titulares y alternos,30,SAN LUIS,1,1,FALSE,SAN LUIS,63986,MEJIA AZAÑERO JESSICA LUCILA,,,82702,DIAZ SILVA CARLOS DAVID,https://cam.ciplima.org.pe/wp-content/uploads/2025/08/Comisi%C3%B3n%20T%C3%A9cnica%20de%20-%20Habilitaciones%20Urbanas.pdf,
SEPTIEMBRE 2025 A AGOSTO 2026,HABILITACION URBANA,INGENIERIA CIVIL,Comisiones Técnicas Calificadoras de Proyectos de Habilitación Urbana - Delegados titulares y alternos,31,SAN MARTIN DE PORRES,1,1,FALSE,SAN MARTIN DE PORRES,91616,LAZO MUÑOZ JULIO CESAR,,,69692,ACOSTA QUINECHE MIGUEL ANGEL,https://cam.ciplima.org.pe/wp-content/uploads/2025/08/Comisi%C3%B3n%20T%C3%A9cnica%20de%20-%20Habilitaciones%20Urbanas.pdf,
SEPTIEMBRE 2025 A AGOSTO 2026,HABILITACION URBANA,INGENIERIA CIVIL,Comisiones Técnicas Calificadoras de Proyectos de Habilitación Urbana - Delegados titulares y alternos,32,SAN MIGUEL,1,1,FALSE,SAN MIGUEL,24657,ULLOA LLERENA BEDER FELIPE,,,22414,RODRIGUEZ MONTANI MARTHA ELENA,https://cam.ciplima.org.pe/wp-content/uploads/2025/08/Comisi%C3%B3n%20T%C3%A9cnica%20de%20-%20Habilitaciones%20Urbanas.pdf,
SEPTIEMBRE 2025 A AGOSTO 2026,HABILITACION URBANA,INGENIERIA CIVIL,Comisiones Técnicas Calificadoras de Proyectos de Habilitación Urbana - Delegados titulares y alternos,33,SANTIAGO DE SURCO,1,1,FALSE,SANTIAGO DE SURCO,59197,BABILONIA AREVALO OTTO,,,118318,TARAZONA ESTRADA LUIS ALBERTO,https://cam.ciplima.org.pe/wp-content/uploads/2025/08/Comisi%C3%B3n%20T%C3%A9cnica%20de%20-%20Habilitaciones%20Urbanas.pdf,
SEPTIEMBRE 2025 A AGOSTO 2026,HABILITACION URBANA,INGENIERIA CIVIL,Comisiones Técnicas Calificadoras de Proyectos de Habilitación Urbana - Delegados titulares y alternos,34,SURQUILLO,1,1,FALSE,SURQUILLO,63986,MEJIA AZAÑERO JESSICA LUCILA,,,59197,BABILONIA AREVALO OTTO,https://cam.ciplima.org.pe/wp-content/uploads/2025/08/Comisi%C3%B3n%20T%C3%A9cnica%20de%20-%20Habilitaciones%20Urbanas.pdf,
SEPTIEMBRE 2025 A AGOSTO 2026,HABILITACION URBANA,INGENIERIA CIVIL,Comisiones Técnicas Calificadoras de Proyectos de Habilitación Urbana - Delegados titulares y alternos,35,VILLA MARIA DEL TRIUNFO,1,1,FALSE,VILLA MARIA DEL TRIUNFO,22414,RODRIGUEZ MONTANI MARTHA ELENA,,,91616,LAZO MUÑOZ JULIO CESAR,https://cam.ciplima.org.pe/wp-content/uploads/2025/08/Comisi%C3%B3n%20T%C3%A9cnica%20de%20-%20Habilitaciones%20Urbanas.pdf,
SEPTIEMBRE 2025 A AGOSTO 2026,HABILITACION URBANA,INGENIERIA CIVIL,Comisiones Técnicas Calificadoras de Proyectos de Habilitación Urbana - Delegados titulares y alternos,36,SAN JUAN DE LURIGANCHO,1,1,FALSE,SAN JUAN DE LURIGANCHO,82702,DIAZ SILVA CARLOS DAVID,,,24657,ULLOA LLERENA BEDER FELIPE,https://cam.ciplima.org.pe/wp-content/uploads/2025/08/Comisi%C3%B3n%20T%C3%A9cnica%20de%20-%20Habilitaciones%20Urbanas.pdf,
SEPTIEMBRE 2025 A AGOSTO 2026,HABILITACION URBANA,INGENIERIA CIVIL,Comisiones Técnicas Calificadoras de Proyectos de Habilitación Urbana - Delegados titulares y alternos,37,SANTA MARIA DEL MAR,1,1,FALSE,SANTA MARIA DEL MAR,22414,RODRIGUEZ MONTANI MARTHA ELENA,,,24657,ULLOA LLERENA BEDER FELIPE,https://cam.ciplima.org.pe/wp-content/uploads/2025/08/Comisi%C3%B3n%20T%C3%A9cnica%20de%20-%20Habilitaciones%20Urbanas.pdf,
SEPTIEMBRE 2025 A AGOSTO 2026,HABILITACION URBANA,INGENIERIA CIVIL,Comisiones Técnicas Calificadoras de Proyectos de Habilitación Urbana - Delegados titulares y alternos,38,SANTA ROSA,1,1,FALSE,SANTA ROSA,24657,ULLOA LLERENA BEDER FELIPE,,,82702,DIAZ SILVA CARLOS DAVID,https://cam.ciplima.org.pe/wp-content/uploads/2025/08/Comisi%C3%B3n%20T%C3%A9cnica%20de%20-%20Habilitaciones%20Urbanas.pdf,
SEPTIEMBRE 2025 A AGOSTO 2026,HABILITACION URBANA,INGENIERIA CIVIL,Comisiones Técnicas Calificadoras de Proyectos de Habilitación Urbana - Delegados titulares y alternos,39,LOS OLIVOS,1,1,FALSE,LOS OLIVOS,59197,BABILONIA AREVALO OTTO,,,118318,TARAZONA ESTRADA LUIS ALBERTO,https://cam.ciplima.org.pe/wp-content/uploads/2025/08/Comisi%C3%B3n%20T%C3%A9cnica%20de%20-%20Habilitaciones%20Urbanas.pdf,
SEPTIEMBRE 2025 A AGOSTO 2026,HABILITACION URBANA,INGENIERIA CIVIL,Comisiones Técnicas Calificadoras de Proyectos de Habilitación Urbana - Delegados titulares y alternos,40,CIENEGUILLA,1,1,FALSE,CIENEGUILLA,163222,VARGAS MENDIVIL DIEGO ARTURO,,,62895,LAZO MUÑOZ ELIZABETH LUZMILA,https://cam.ciplima.org.pe/wp-content/uploads/2025/08/Comisi%C3%B3n%20T%C3%A9cnica%20de%20-%20Habilitaciones%20Urbanas.pdf,
SEPTIEMBRE 2025 A AGOSTO 2026,HABILITACION URBANA,INGENIERIA CIVIL,Comisiones Técnicas Calificadoras de Proyectos de Habilitación Urbana - Delegados titulares y alternos,41,SAN BORJA,1,1,FALSE,SAN BORJA,82702,DIAZ SILVA CARLOS DAVID,,,59197,BABILONIA AREVALO OTTO,https://cam.ciplima.org.pe/wp-content/uploads/2025/08/Comisi%C3%B3n%20T%C3%A9cnica%20de%20-%20Habilitaciones%20Urbanas.pdf,
SEPTIEMBRE 2025 A AGOSTO 2026,HABILITACION URBANA,INGENIERIA CIVIL,Comisiones Técnicas Calificadoras de Proyectos de Habilitación Urbana - Delegados titulares y alternos,42,VILLA EL SALVADOR,1,1,FALSE,VILLA EL SALVADOR,69692,ACOSTA QUINECHE MIGUEL ANGEL,,,63986,MEJIA AZAÑERO JESSICA LUCILA,https://cam.ciplima.org.pe/wp-content/uploads/2025/08/Comisi%C3%B3n%20T%C3%A9cnica%20de%20-%20Habilitaciones%20Urbanas.pdf,
SEPTIEMBRE 2025 A AGOSTO 2026,HABILITACION URBANA,INGENIERIA CIVIL,Comisiones Técnicas Calificadoras de Proyectos de Habilitación Urbana - Delegados titulares y alternos,43,SANTA ANITA,1,1,FALSE,SANTA ANITA,59197,BABILONIA AREVALO OTTO,,,24657,ULLOA LLERENA BEDER FELIPE,https://cam.ciplima.org.pe/wp-content/uploads/2025/08/Comisi%C3%B3n%20T%C3%A9cnica%20de%20-%20Habilitaciones%20Urbanas.pdf,
SEPTIEMBRE 2025 A AGOSTO 2026,HABILITACION URBANA,INGENIERIA CIVIL,Comisiones Técnicas Calificadoras de Proyectos de Habilitación Urbana - Delegados titulares y alternos,44,PROVINCIAL DE CAÑETE,1,1,FALSE,PROVINCIAL DE CAÑETE,91616,LAZO MUÑOZ JULIO CESAR,,,24657,ULLOA LLERENA BEDER FELIPE,https://cam.ciplima.org.pe/wp-content/uploads/2025/08/Comisi%C3%B3n%20T%C3%A9cnica%20de%20-%20Habilitaciones%20Urbanas.pdf,
SEPTIEMBRE 2025 A AGOSTO 2026,HABILITACION URBANA,INGENIERIA CIVIL,Comisiones Técnicas Calificadoras de Proyectos de Habilitación Urbana - Delegados titulares y alternos,45,SAN ANTONIO DE CAÑETE,1,1,FALSE,SAN ANTONIO DE CAÑETE,91616,LAZO MUÑOZ JULIO CESAR,,,22414,RODRIGUEZ MONTANI MARTHA ELENA,https://cam.ciplima.org.pe/wp-content/uploads/2025/08/Comisi%C3%B3n%20T%C3%A9cnica%20de%20-%20Habilitaciones%20Urbanas.pdf,
SEPTIEMBRE 2025 A AGOSTO 2026,HABILITACION URBANA,INGENIERIA CIVIL,Comisiones Técnicas Calificadoras de Proyectos de Habilitación Urbana - Delegados titulares y alternos,46,ASIA,1,1,FALSE,ASIA,62895,LAZO MUÑOZ ELIZABETH LUZMILA,,,22414,RODRIGUEZ MONTANI MARTHA ELENA,https://cam.ciplima.org.pe/wp-content/uploads/2025/08/Comisi%C3%B3n%20T%C3%A9cnica%20de%20-%20Habilitaciones%20Urbanas.pdf,
SEPTIEMBRE 2025 A AGOSTO 2026,HABILITACION URBANA,INGENIERIA CIVIL,Comisiones Técnicas Calificadoras de Proyectos de Habilitación Urbana - Delegados titulares y alternos,47,CERRO AZUL,1,1,FALSE,CERRO AZUL,62895,LAZO MUÑOZ ELIZABETH LUZMILA,,,163222,VARGAS MENDIVIL DIEGO ARTURO,https://cam.ciplima.org.pe/wp-content/uploads/2025/08/Comisi%C3%B3n%20T%C3%A9cnica%20de%20-%20Habilitaciones%20Urbanas.pdf,
SEPTIEMBRE 2025 A AGOSTO 2026,HABILITACION URBANA,INGENIERIA CIVIL,Comisiones Técnicas Calificadoras de Proyectos de Habilitación Urbana - Delegados titulares y alternos,48,LUNAHUANA,1,1,FALSE,LUNAHUANA,22414,RODRIGUEZ MONTANI MARTHA ELENA,,,62895,LAZO MUÑOZ ELIZABETH LUZMILA,https://cam.ciplima.org.pe/wp-content/uploads/2025/08/Comisi%C3%B3n%20T%C3%A9cnica%20de%20-%20Habilitaciones%20Urbanas.pdf,
SEPTIEMBRE 2025 A AGOSTO 2026,HABILITACION URBANA,INGENIERIA CIVIL,Comisiones Técnicas Calificadoras de Proyectos de Habilitación Urbana - Delegados titulares y alternos,49,MALA,1,1,FALSE,MALA,63986,MEJIA AZAÑERO JESSICA LUCILA,,,22414,RODRIGUEZ MONTANI MARTHA ELENA,https://cam.ciplima.org.pe/wp-content/uploads/2025/08/Comisi%C3%B3n%20T%C3%A9cnica%20de%20-%20Habilitaciones%20Urbanas.pdf,
SEPTIEMBRE 2025 A AGOSTO 2026,HABILITACION URBANA,INGENIERIA CIVIL,Comisiones Técnicas Calificadoras de Proyectos de Habilitación Urbana - Delegados titulares y alternos,50,CHILCA,1,1,FALSE,CHILCA,91616,LAZO MUÑOZ JULIO CESAR,,,18356,LAZO MAYORCA LUIS ENRIQUE,https://cam.ciplima.org.pe/wp-content/uploads/2025/08/Comisi%C3%B3n%20T%C3%A9cnica%20de%20-%20Habilitaciones%20Urbanas.pdf,
SEPTIEMBRE 2025 A AGOSTO 2026,HABILITACION URBANA,INGENIERIA CIVIL,Comisiones Técnicas Calificadoras de Proyectos de Habilitación Urbana - Delegados titulares y alternos,51,IMPERIAL,1,1,FALSE,IMPERIAL,18356,LAZO MAYORCA LUIS ENRIQUE,,,62895,LAZO MUÑOZ ELIZABETH LUZMILA,https://cam.ciplima.org.pe/wp-content/uploads/2025/08/Comisi%C3%B3n%20T%C3%A9cnica%20de%20-%20Habilitaciones%20Urbanas.pdf,
SEPTIEMBRE 2025 A AGOSTO 2026,HABILITACION URBANA,INGENIERIA CIVIL,Comisiones Técnicas Calificadoras de Proyectos de Habilitación Urbana - Delegados titulares y alternos,52,NUEVO IMPERIAL,1,1,FALSE,NUEVO IMPERIAL,62895,LAZO MUÑOZ ELIZABETH LUZMILA,,,18356,LAZO MAYORCA LUIS ENRIQUE,https://cam.ciplima.org.pe/wp-content/uploads/2025/08/Comisi%C3%B3n%20T%C3%A9cnica%20de%20-%20Habilitaciones%20Urbanas.pdf,
SEPTIEMBRE 2025 A AGOSTO 2026,HABILITACION URBANA,INGENIERIA CIVIL,Comisiones Técnicas Calificadoras de Proyectos de Habilitación Urbana - Delegados titulares y alternos,53,SAN LUIS DE CAÑETE,1,1,FALSE,SAN LUIS DE CAÑETE,24657,ULLOA LLERENA BEDER FELIPE,,,62895,LAZO MUÑOZ ELIZABETH LUZMILA,https://cam.ciplima.org.pe/wp-content/uploads/2025/08/Comisi%C3%B3n%20T%C3%A9cnica%20de%20-%20Habilitaciones%20Urbanas.pdf,
SEPTIEMBRE 2025 A AGOSTO 2026,HABILITACION URBANA,INGENIERIA CIVIL,Comisiones Técnicas Calificadoras de Proyectos de Habilitación Urbana - Delegados titulares y alternos,54,CALANGO,1,1,FALSE,CALANGO,91616,LAZO MUÑOZ JULIO CESAR,,,163222,VARGAS MENDIVIL DIEGO ARTURO,https://cam.ciplima.org.pe/wp-content/uploads/2025/08/Comisi%C3%B3n%20T%C3%A9cnica%20de%20-%20Habilitaciones%20Urbanas.pdf,
SEPTIEMBRE 2025 A AGOSTO 2026,HABILITACION URBANA,INGENIERIA CIVIL,Comisiones Técnicas Calificadoras de Proyectos de Habilitación Urbana - Delegados titulares y alternos,55,COAYLLO,1,1,FALSE,COAYLLO,62895,LAZO MUÑOZ ELIZABETH LUZMILA,,,82702,DIAZ SILVA CARLOS DAVID,https://cam.ciplima.org.pe/wp-content/uploads/2025/08/Comisi%C3%B3n%20T%C3%A9cnica%20de%20-%20Habilitaciones%20Urbanas.pdf,
SEPTIEMBRE 2025 A AGOSTO 2026,HABILITACION URBANA,INGENIERIA CIVIL,Comisiones Técnicas Calificadoras de Proyectos de Habilitación Urbana - Delegados titulares y alternos,56,PACARAN,1,1,FALSE,PACARAN,18356,LAZO MAYORCA LUIS ENRIQUE,,,59197,BABILONIA AREVALO OTTO,https://cam.ciplima.org.pe/wp-content/uploads/2025/08/Comisi%C3%B3n%20T%C3%A9cnica%20de%20-%20Habilitaciones%20Urbanas.pdf,
SEPTIEMBRE 2025 A AGOSTO 2026,HABILITACION URBANA,INGENIERIA CIVIL,Comisiones Técnicas Calificadoras de Proyectos de Habilitación Urbana - Delegados titulares y alternos,57,QUILMANA,1,1,FALSE,QUILMANA,24657,ULLOA LLERENA BEDER FELIPE,,,18356,LAZO MAYORCA LUIS ENRIQUE,https://cam.ciplima.org.pe/wp-content/uploads/2025/08/Comisi%C3%B3n%20T%C3%A9cnica%20de%20-%20Habilitaciones%20Urbanas.pdf,
SEPTIEMBRE 2025 A AGOSTO 2026,HABILITACION URBANA,INGENIERIA CIVIL,Comisiones Técnicas Calificadoras de Proyectos de Habilitación Urbana - Delegados titulares y alternos,58,SANTA CRUZ DE FLORES,1,1,FALSE,SANTA CRUZ DE FLORES,22414,RODRIGUEZ MONTANI MARTHA ELENA,,,69692,ACOSTA QUINECHE MIGUEL ANGEL,https://cam.ciplima.org.pe/wp-content/uploads/2025/08/Comisi%C3%B3n%20T%C3%A9cnica%20de%20-%20Habilitaciones%20Urbanas.pdf,
SEPTIEMBRE 2025 A AGOSTO 2026,HABILITACION URBANA,INGENIERIA CIVIL,Comisiones Técnicas Calificadoras de Proyectos de Habilitación Urbana - Delegados titulares y alternos,59,ZUÑIGA,1,1,FALSE,ZUÑIGA,59197,BABILONIA AREVALO OTTO,,,22414,RODRIGUEZ MONTANI MARTHA ELENA,https://cam.ciplima.org.pe/wp-content/uploads/2025/08/Comisi%C3%B3n%20T%C3%A9cnica%20de%20-%20Habilitaciones%20Urbanas.pdf,
SEPTIEMBRE 2025 A AGOSTO 2026,HABILITACION URBANA,INGENIERIA CIVIL,Comisiones Técnicas Calificadoras de Proyectos de Habilitación Urbana - Delegados titulares y alternos,60,HUARAL,1,1,FALSE,HUARAL,82702,DIAZ SILVA CARLOS DAVID,,,18356,LAZO MAYORCA LUIS ENRIQUE,https://cam.ciplima.org.pe/wp-content/uploads/2025/08/Comisi%C3%B3n%20T%C3%A9cnica%20de%20-%20Habilitaciones%20Urbanas.pdf,
SEPTIEMBRE 2025 A AGOSTO 2026,HABILITACION URBANA,INGENIERIA CIVIL,Comisiones Técnicas Calificadoras de Proyectos de Habilitación Urbana - Delegados titulares y alternos,61,CHANCAY,1,1,FALSE,CHANCAY,63986,MEJIA AZAÑERO JESSICA LUCILA,,,91616,LAZO MUÑOZ JULIO CESAR,https://cam.ciplima.org.pe/wp-content/uploads/2025/08/Comisi%C3%B3n%20T%C3%A9cnica%20de%20-%20Habilitaciones%20Urbanas.pdf,
SEPTIEMBRE 2025 A AGOSTO 2026,HABILITACION URBANA,INGENIERIA CIVIL,Comisiones Técnicas Calificadoras de Proyectos de Habilitación Urbana - Delegados titulares y alternos,62,IHUARI,1,1,FALSE,IHUARI,82702,DIAZ SILVA CARLOS DAVID,,,18356,LAZO MAYORCA LUIS ENRIQUE,https://cam.ciplima.org.pe/wp-content/uploads/2025/08/Comisi%C3%B3n%20T%C3%A9cnica%20de%20-%20Habilitaciones%20Urbanas.pdf,
SEPTIEMBRE 2025 A AGOSTO 2026,HABILITACION URBANA,INGENIERIA CIVIL,Comisiones Técnicas Calificadoras de Proyectos de Habilitación Urbana - Delegados titulares y alternos,63,SUMBILCA,1,1,FALSE,SUMBILCA,22414,RODRIGUEZ MONTANI MARTHA ELENA,,,24657,ULLOA LLERENA BEDER FELIPE,https://cam.ciplima.org.pe/wp-content/uploads/2025/08/Comisi%C3%B3n%20T%C3%A9cnica%20de%20-%20Habilitaciones%20Urbanas.pdf,
SEPTIEMBRE 2025 A AGOSTO 2026,HABILITACION URBANA,INGENIERIA CIVIL,Comisiones Técnicas Calificadoras de Proyectos de Habilitación Urbana - Delegados titulares y alternos,64,PACARAOS,1,1,FALSE,PACARAOS,69692,ACOSTA QUINECHE MIGUEL ANGEL,,,62895,LAZO MUÑOZ ELIZABETH LUZMILA,https://cam.ciplima.org.pe/wp-content/uploads/2025/08/Comisi%C3%B3n%20T%C3%A9cnica%20de%20-%20Habilitaciones%20Urbanas.pdf,
SEPTIEMBRE 2025 A AGOSTO 2026,HABILITACION URBANA,INGENIERIA CIVIL,Comisiones Técnicas Calificadoras de Proyectos de Habilitación Urbana - Delegados titulares y alternos,65,LAMPIAN,1,1,FALSE,LAMPIAN,59197,BABILONIA AREVALO OTTO,,,63986,MEJIA AZAÑERO JESSICA LUCILA,https://cam.ciplima.org.pe/wp-content/uploads/2025/08/Comisi%C3%B3n%20T%C3%A9cnica%20de%20-%20Habilitaciones%20Urbanas.pdf,
SEPTIEMBRE 2025 A AGOSTO 2026,HABILITACION URBANA,INGENIERIA CIVIL,Comisiones Técnicas Calificadoras de Proyectos de Habilitación Urbana - Delegados titulares y alternos,66,ATAVILLOS ALTO,1,1,FALSE,ATAVILLOS ALTO,24657,ULLOA LLERENA BEDER FELIPE,,,59197,BABILONIA AREVALO OTTO,https://cam.ciplima.org.pe/wp-content/uploads/2025/08/Comisi%C3%B3n%20T%C3%A9cnica%20de%20-%20Habilitaciones%20Urbanas.pdf,
SEPTIEMBRE 2025 A AGOSTO 2026,HABILITACION URBANA,INGENIERIA CIVIL,Comisiones Técnicas Calificadoras de Proyectos de Habilitación Urbana - Delegados titulares y alternos,67,ATAVILLOS BAJO,1,1,FALSE,ATAVILLOS BAJO,18356,LAZO MAYORCA LUIS ENRIQUE,,,24657,ULLOA LLERENA BEDER FELIPE,https://cam.ciplima.org.pe/wp-content/uploads/2025/08/Comisi%C3%B3n%20T%C3%A9cnica%20de%20-%20Habilitaciones%20Urbanas.pdf,
SEPTIEMBRE 2025 A AGOSTO 2026,HABILITACION URBANA,INGENIERIA CIVIL,Comisiones Técnicas Calificadoras de Proyectos de Habilitación Urbana - Delegados titulares y alternos,68,SAN MIGUEL DE ACOS,1,1,FALSE,SAN MIGUEL DE ACOS,82702,DIAZ SILVA CARLOS DAVID,,,22414,RODRIGUEZ MONTANI MARTHA ELENA,https://cam.ciplima.org.pe/wp-content/uploads/2025/08/Comisi%C3%B3n%20T%C3%A9cnica%20de%20-%20Habilitaciones%20Urbanas.pdf,
SEPTIEMBRE 2025 A AGOSTO 2026,HABILITACION URBANA,INGENIERIA CIVIL,Comisiones Técnicas Calificadoras de Proyectos de Habilitación Urbana - Delegados titulares y alternos,69,SANTA CRUZ DE ANDAMARCA,1,1,FALSE,SANTA CRUZ DE ANDAMARCA,118318,TARAZONA ESTRADA LUIS ALBERTO,,,82702,DIAZ SILVA CARLOS DAVID,https://cam.ciplima.org.pe/wp-content/uploads/2025/08/Comisi%C3%B3n%20T%C3%A9cnica%20de%20-%20Habilitaciones%20Urbanas.pdf,
SEPTIEMBRE 2025 A AGOSTO 2026,HABILITACION URBANA,INGENIERIA CIVIL,Comisiones Técnicas Calificadoras de Proyectos de Habilitación Urbana - Delegados titulares y alternos,70,AUCALLAMA,1,1,FALSE,AUCALLAMA,18356,LAZO MAYORCA LUIS ENRIQUE,,,63986,MEJIA AZAÑERO JESSICA LUCILA,https://cam.ciplima.org.pe/wp-content/uploads/2025/08/Comisi%C3%B3n%20T%C3%A9cnica%20de%20-%20Habilitaciones%20Urbanas.pdf,
SEPTIEMBRE 2025 A AGOSTO 2026,HABILITACION URBANA,INGENIERIA CIVIL,Comisiones Técnicas Calificadoras de Proyectos de Habilitación Urbana - Delegados titulares y alternos,71,27 DE NOVIEMBRE,1,1,FALSE,27 DE NOVIEMBRE,82702,DIAZ SILVA CARLOS DAVID,,,91616,LAZO MUÑOZ JULIO CESAR,https://cam.ciplima.org.pe/wp-content/uploads/2025/08/Comisi%C3%B3n%20T%C3%A9cnica%20de%20-%20Habilitaciones%20Urbanas.pdf,
SEPTIEMBRE 2025 A AGOSTO 2026,HABILITACION URBANA,INGENIERIA CIVIL,Comisiones Técnicas Calificadoras de Proyectos de Habilitación Urbana - Delegados titulares y alternos,72,PROVINCIAL DE HUAURA,1,1,FALSE,PROVINCIAL DE HUAURA,118318,TARAZONA ESTRADA LUIS ALBERTO,,,18356,LAZO MAYORCA LUIS ENRIQUE,https://cam.ciplima.org.pe/wp-content/uploads/2025/08/Comisi%C3%B3n%20T%C3%A9cnica%20de%20-%20Habilitaciones%20Urbanas.pdf,
SEPTIEMBRE 2025 A AGOSTO 2026,HABILITACION URBANA,INGENIERIA CIVIL,Comisiones Técnicas Calificadoras de Proyectos de Habilitación Urbana - Delegados titulares y alternos,73,CALETA DE CARQUIN,1,1,FALSE,CALETA DE CARQUIN,63986,MEJIA AZAÑERO JESSICA LUCILA,,,118318,TARAZONA ESTRADA LUIS ALBERTO,https://cam.ciplima.org.pe/wp-content/uploads/2025/08/Comisi%C3%B3n%20T%C3%A9cnica%20de%20-%20Habilitaciones%20Urbanas.pdf,
SEPTIEMBRE 2025 A AGOSTO 2026,HABILITACION URBANA,INGENIERIA CIVIL,Comisiones Técnicas Calificadoras de Proyectos de Habilitación Urbana - Delegados titulares y alternos,74,HUACHO,1,1,FALSE,HUACHO,18356,LAZO MAYORCA LUIS ENRIQUE,,,63986,MEJIA AZAÑERO JESSICA LUCILA,https://cam.ciplima.org.pe/wp-content/uploads/2025/08/Comisi%C3%B3n%20T%C3%A9cnica%20de%20-%20Habilitaciones%20Urbanas.pdf,
SEPTIEMBRE 2025 A AGOSTO 2026,HABILITACION URBANA,INGENIERIA CIVIL,Comisiones Técnicas Calificadoras de Proyectos de Habilitación Urbana - Delegados titulares y alternos,75,SAYAN,1,1,FALSE,SAYAN,62895,LAZO MUÑOZ ELIZABETH LUZMILA,,,82702,DIAZ SILVA CARLOS DAVID,https://cam.ciplima.org.pe/wp-content/uploads/2025/08/Comisi%C3%B3n%20T%C3%A9cnica%20de%20-%20Habilitaciones%20Urbanas.pdf,
SEPTIEMBRE 2025 A AGOSTO 2026,HABILITACION URBANA,INGENIERIA CIVIL,Comisiones Técnicas Calificadoras de Proyectos de Habilitación Urbana - Delegados titulares y alternos,76,VEGUETA,1,1,FALSE,VEGUETA,69692,ACOSTA QUINECHE MIGUEL ANGEL,,,118318,TARAZONA ESTRADA LUIS ALBERTO,https://cam.ciplima.org.pe/wp-content/uploads/2025/08/Comisi%C3%B3n%20T%C3%A9cnica%20de%20-%20Habilitaciones%20Urbanas.pdf,
SEPTIEMBRE 2025 A AGOSTO 2026,HABILITACION URBANA,INGENIERIA CIVIL,Comisiones Técnicas Calificadoras de Proyectos de Habilitación Urbana - Delegados titulares y alternos,77,AMBAR,1,1,FALSE,AMBAR,91616,LAZO MUÑOZ JULIO CESAR,,,163222,VARGAS MENDIVIL DIEGO ARTURO,https://cam.ciplima.org.pe/wp-content/uploads/2025/08/Comisi%C3%B3n%20T%C3%A9cnica%20de%20-%20Habilitaciones%20Urbanas.pdf,
SEPTIEMBRE 2025 A AGOSTO 2026,HABILITACION URBANA,INGENIERIA CIVIL,Comisiones Técnicas Calificadoras de Proyectos de Habilitación Urbana - Delegados titulares y alternos,78,CHECRAS,1,1,FALSE,CHECRAS,163222,VARGAS MENDIVIL DIEGO ARTURO,,,82702,DIAZ SILVA CARLOS DAVID,https://cam.ciplima.org.pe/wp-content/uploads/2025/08/Comisi%C3%B3n%20T%C3%A9cnica%20de%20-%20Habilitaciones%20Urbanas.pdf,
SEPTIEMBRE 2025 A AGOSTO 2026,HABILITACION URBANA,INGENIERIA CIVIL,Comisiones Técnicas Calificadoras de Proyectos de Habilitación Urbana - Delegados titulares y alternos,79,LEONCIO PRADO,1,1,FALSE,LEONCIO PRADO,59197,BABILONIA AREVALO OTTO,,,18356,LAZO MAYORCA LUIS ENRIQUE,https://cam.ciplima.org.pe/wp-content/uploads/2025/08/Comisi%C3%B3n%20T%C3%A9cnica%20de%20-%20Habilitaciones%20Urbanas.pdf,
SEPTIEMBRE 2025 A AGOSTO 2026,HABILITACION URBANA,INGENIERIA CIVIL,Comisiones Técnicas Calificadoras de Proyectos de Habilitación Urbana - Delegados titulares y alternos,80,SANTA LEONOR,1,1,FALSE,SANTA LEONOR,63986,MEJIA AZAÑERO JESSICA LUCILA,,,163222,VARGAS MENDIVIL DIEGO ARTURO,https://cam.ciplima.org.pe/wp-content/uploads/2025/08/Comisi%C3%B3n%20T%C3%A9cnica%20de%20-%20Habilitaciones%20Urbanas.pdf,
SEPTIEMBRE 2025 A AGOSTO 2026,HABILITACION URBANA,INGENIERIA CIVIL,Comisiones Técnicas Calificadoras de Proyectos de Habilitación Urbana - Delegados titulares y alternos,81,PACCHO,1,1,FALSE,PACCHO,163222,VARGAS MENDIVIL DIEGO ARTURO,,,59197,BABILONIA AREVALO OTTO,https://cam.ciplima.org.pe/wp-content/uploads/2025/08/Comisi%C3%B3n%20T%C3%A9cnica%20de%20-%20Habilitaciones%20Urbanas.pdf,
SEPTIEMBRE 2025 A AGOSTO 2026,HABILITACION URBANA,INGENIERIA CIVIL,Comisiones Técnicas Calificadoras de Proyectos de Habilitación Urbana - Delegados titulares y alternos,82,HUALMAY,1,1,FALSE,HUALMAY,118318,TARAZONA ESTRADA LUIS ALBERTO,,,69692,ACOSTA QUINECHE MIGUEL ANGEL,https://cam.ciplima.org.pe/wp-content/uploads/2025/08/Comisi%C3%B3n%20T%C3%A9cnica%20de%20-%20Habilitaciones%20Urbanas.pdf,
SEPTIEMBRE 2025 A AGOSTO 2026,HABILITACION URBANA,INGENIERIA CIVIL,Comisiones Técnicas Calificadoras de Proyectos de Habilitación Urbana - Delegados titulares y alternos,83,SANTA MARIA,1,1,FALSE,SANTA MARIA,63986,MEJIA AZAÑERO JESSICA LUCILA,,,59197,BABILONIA AREVALO OTTO,https://cam.ciplima.org.pe/wp-content/uploads/2025/08/Comisi%C3%B3n%20T%C3%A9cnica%20de%20-%20Habilitaciones%20Urbanas.pdf,
SEPTIEMBRE 2025 A AGOSTO 2026,HABILITACION URBANA,INGENIERIA CIVIL,Comisiones Técnicas Calificadoras de Proyectos de Habilitación Urbana - Delegados titulares y alternos,84,PROVINCIAL DE BARRANCA,1,1,FALSE,PROVINCIAL DE BARRANCA,118318,TARAZONA ESTRADA LUIS ALBERTO,,,63986,MEJIA AZAÑERO JESSICA LUCILA,https://cam.ciplima.org.pe/wp-content/uploads/2025/08/Comisi%C3%B3n%20T%C3%A9cnica%20de%20-%20Habilitaciones%20Urbanas.pdf,
SEPTIEMBRE 2025 A AGOSTO 2026,HABILITACION URBANA,INGENIERIA CIVIL,Comisiones Técnicas Calificadoras de Proyectos de Habilitación Urbana - Delegados titulares y alternos,85,SUPE,1,1,FALSE,SUPE,59197,BABILONIA AREVALO OTTO,,,63986,MEJIA AZAÑERO JESSICA LUCILA,https://cam.ciplima.org.pe/wp-content/uploads/2025/08/Comisi%C3%B3n%20T%C3%A9cnica%20de%20-%20Habilitaciones%20Urbanas.pdf,
SEPTIEMBRE 2025 A AGOSTO 2026,HABILITACION URBANA,INGENIERIA CIVIL,Comisiones Técnicas Calificadoras de Proyectos de Habilitación Urbana - Delegados titulares y alternos,86,SUPE PUERTO,1,1,FALSE,SUPE PUERTO,91616,LAZO MUÑOZ JULIO CESAR,,,59197,BABILONIA AREVALO OTTO,https://cam.ciplima.org.pe/wp-content/uploads/2025/08/Comisi%C3%B3n%20T%C3%A9cnica%20de%20-%20Habilitaciones%20Urbanas.pdf,
SEPTIEMBRE 2025 A AGOSTO 2026,HABILITACION URBANA,INGENIERIA CIVIL,Comisiones Técnicas Calificadoras de Proyectos de Habilitación Urbana - Delegados titulares y alternos,87,PARAMONGA,1,1,FALSE,PARAMONGA,18356,LAZO MAYORCA LUIS ENRIQUE,,,62895,LAZO MUÑOZ ELIZABETH LUZMILA,https://cam.ciplima.org.pe/wp-content/uploads/2025/08/Comisi%C3%B3n%20T%C3%A9cnica%20de%20-%20Habilitaciones%20Urbanas.pdf,
SEPTIEMBRE 2025 A AGOSTO 2026,HABILITACION URBANA,INGENIERIA CIVIL,Comisiones Técnicas Calificadoras de Proyectos de Habilitación Urbana - Delegados titulares y alternos,88,PATIVILCA,1,1,FALSE,PATIVILCA,118318,TARAZONA ESTRADA LUIS ALBERTO,,,18356,LAZO MAYORCA LUIS ENRIQUE,https://cam.ciplima.org.pe/wp-content/uploads/2025/08/Comisi%C3%B3n%20T%C3%A9cnica%20de%20-%20Habilitaciones%20Urbanas.pdf,
SEPTIEMBRE 2025 A AGOSTO 2026,HABILITACION URBANA,INGENIERIA CIVIL,Comisiones Técnicas Calificadoras de Proyectos de Habilitación Urbana - Delegados titulares y alternos,89,PROVINCIA DE HUAROCHIRI,1,1,FALSE,PROVINCIA DE HUAROCHIRI,118318,TARAZONA ESTRADA LUIS ALBERTO,,,62895,LAZO MUÑOZ ELIZABETH LUZMILA,https://cam.ciplima.org.pe/wp-content/uploads/2025/08/Comisi%C3%B3n%20T%C3%A9cnica%20de%20-%20Habilitaciones%20Urbanas.pdf,
SEPTIEMBRE 2025 A AGOSTO 2026,HABILITACION URBANA,INGENIERIA CIVIL,Comisiones Técnicas Calificadoras de Proyectos de Habilitación Urbana - Delegados titulares y alternos,90,SAN ANTONIO DE HUAROCHIRI,1,1,FALSE,SAN ANTONIO DE HUAROCHIRI,18356,LAZO MAYORCA LUIS ENRIQUE,,,91616,LAZO MUÑOZ JULIO CESAR,https://cam.ciplima.org.pe/wp-content/uploads/2025/08/Comisi%C3%B3n%20T%C3%A9cnica%20de%20-%20Habilitaciones%20Urbanas.pdf,
SEPTIEMBRE 2025 A AGOSTO 2026,HABILITACION URBANA,INGENIERIA CIVIL,Comisiones Técnicas Calificadoras de Proyectos de Habilitación Urbana - Delegados titulares y alternos,91,PROVINCIA CANTA,1,1,FALSE,PROVINCIA CANTA,62895,LAZO MUÑOZ ELIZABETH LUZMILA,,,18356,LAZO MAYORCA LUIS ENRIQUE,https://cam.ciplima.org.pe/wp-content/uploads/2025/08/Comisi%C3%B3n%20T%C3%A9cnica%20de%20-%20Habilitaciones%20Urbanas.pdf,
